true_idx,clean_accuracy,degraded_accuracy,num_images,accuracy_drop,model,degradation,severity,category_id,species_name
0,0.1,0.0,10,0.1,traditional,noise,0.2,44,Trichonephila clavata
1,0.4,0.0,10,0.4,traditional,noise,0.2,46,Trichonephila edulis
2,0.2,0.0,10,0.2,traditional,noise,0.2,53,Badumna longinqua
3,0.2,0.0,10,0.2,traditional,noise,0.2,70,Dolomedes triton
4,0.1,0.0,10,0.1,traditional,noise,0.2,83,Lyssomanes viridis
5,0.1,0.0,10,0.1,traditional,noise,0.2,89,Naphrys pulex
6,0.0,0.1,10,-0.1,traditional,noise,0.2,109,Aphonopelma chalcodes
7,0.2,0.3,10,-0.09999999999999998,traditional,noise,0.2,110,Aphonopelma eutylenum
8,0.3,0.1,10,0.19999999999999998,traditional,noise,0.2,147,Leiobunum townsendi
9,0.5,0.2,10,0.3,traditional,noise,0.2,170,Pollicipes polymerus
10,0.0,0.0,10,0.0,traditional,noise,0.2,200,Cicindela campestris
11,0.3,0.2,10,0.09999999999999998,traditional,noise,0.2,211,Cicindela scutellaris
12,0.1,0.0,10,0.1,traditional,noise,0.2,215,Harpalus rufipes
13,0.0,0.0,10,0.0,traditional,noise,0.2,246,Prionus laticollis
14,0.4,0.1,10,0.30000000000000004,traditional,noise,0.2,261,Typocerus velutinus
15,0.0,0.0,10,0.0,traditional,noise,0.2,273,Chrysolina americana
16,0.0,0.0,10,0.0,traditional,noise,0.2,279,Clytra laeviuscula
17,0.1,0.0,10,0.1,traditional,noise,0.2,286,Helocassis clavata
18,0.0,0.0,10,0.0,traditional,noise,0.2,303,Adalia decempunctata
19,0.0,0.0,10,0.0,traditional,noise,0.2,304,Anatis ocellata
20,0.1,0.1,10,0.0,traditional,noise,0.2,332,Psyllobora vigintiduopunctata
21,0.0,0.0,10,0.0,traditional,noise,0.2,376,Callistethus marginatus
22,0.1,0.0,10,0.1,traditional,noise,0.2,381,Dynastes tityus
23,0.0,0.0,10,0.0,traditional,noise,0.2,382,Euphoria basalis
24,0.0,0.0,10,0.0,traditional,noise,0.2,418,Zopherus nodulosus
25,0.0,0.0,10,0.0,traditional,noise,0.2,504,Tipula abdominalis
26,0.0,0.0,10,0.0,traditional,noise,0.2,525,Cercopis vulnerata
27,0.2,0.2,10,0.0,traditional,noise,0.2,529,Cuerna costalis
28,0.1,0.0,10,0.1,traditional,noise,0.2,562,Coreus marginatus
29,0.0,0.0,10,0.0,traditional,noise,0.2,573,Thasus neocalifornicus
30,0.0,0.0,10,0.0,traditional,noise,0.2,623,Euthyrhynchus floridanus
31,0.0,0.0,10,0.0,traditional,noise,0.2,652,Pselliopus barberi
32,0.0,0.0,10,0.0,traditional,noise,0.2,666,Scolypopa australis
33,0.0,0.0,10,0.0,traditional,noise,0.2,712,Xylocopa sonorina
34,0.0,0.0,10,0.0,traditional,noise,0.2,713,Xylocopa tabaniformis
35,0.0,0.0,10,0.0,traditional,noise,0.2,778,Halictus rubicundus
36,0.0,0.0,10,0.0,traditional,noise,0.2,791,Dasymutilla occidentalis
37,0.3,0.0,10,0.3,traditional,noise,0.2,809,Myzinum quinquecinctum
38,0.0,0.0,10,0.0,traditional,noise,0.2,830,Polistes dominula
39,0.1,0.0,10,0.1,traditional,noise,0.2,832,Polistes exclamans
40,0.0,0.0,10,0.0,traditional,noise,0.2,834,Polistes humilis
41,0.0,0.0,10,0.0,traditional,noise,0.2,858,Achyra rantalis
42,0.1,0.0,10,0.1,traditional,noise,0.2,860,Agriphila tristella
43,0.3,0.0,10,0.3,traditional,noise,0.2,863,Anania funebris
44,0.0,0.0,10,0.0,traditional,noise,0.2,878,Desmia funeralis
45,0.1,0.0,10,0.1,traditional,noise,0.2,901,Lineodes integra
46,0.1,0.1,10,0.0,traditional,noise,0.2,907,Microtheoris vibicalis
47,0.0,0.0,10,0.0,traditional,noise,0.2,950,Agonopterix alstroemeriana
48,0.1,0.0,10,0.1,traditional,noise,0.2,976,Arctia caja
49,0.2,0.0,10,0.2,traditional,noise,0.2,1062,Idia lubricalis
50,0.0,0.0,10,0.0,traditional,noise,0.2,1068,Lithosia quadra
51,0.0,0.0,10,0.0,traditional,noise,0.2,1074,Lymantria dispar
52,0.0,0.0,10,0.0,traditional,noise,0.2,1152,Anticlea vasiliata
53,0.2,0.1,10,0.1,traditional,noise,0.2,1154,Arhodia lasiocamparia
54,0.3,0.0,10,0.3,traditional,noise,0.2,1155,Besma quercivoraria
55,0.0,0.0,10,0.0,traditional,noise,0.2,1157,Cabera erythemaria
56,0.1,0.0,10,0.1,traditional,noise,0.2,1210,Eubaphe mendica
57,0.0,0.0,10,0.0,traditional,noise,0.2,1230,Hypagyrtis unipunctata
58,0.2,0.1,10,0.1,traditional,noise,0.2,1242,Ilexia intractata
59,0.2,0.0,10,0.2,traditional,noise,0.2,1244,Iridopsis larvaria
60,0.1,0.0,10,0.1,traditional,noise,0.2,1255,Macaria aemulataria
61,0.3,0.0,10,0.3,traditional,noise,0.2,1278,Opisthograptis luteolata
62,0.1,0.0,10,0.1,traditional,noise,0.2,1293,Plagodis pulveraria
63,0.1,0.0,10,0.1,traditional,noise,0.2,1387,Oligoria maculata
64,0.0,0.0,10,0.0,traditional,noise,0.2,1425,Trabala vishnou
65,0.3,0.0,10,0.3,traditional,noise,0.2,1471,Eooxylides tharis
66,0.1,0.0,10,0.1,traditional,noise,0.2,1481,Heliophorus ila
67,0.0,0.0,10,0.0,traditional,noise,0.2,1485,Icaricia icarioides
68,0.0,0.0,10,0.0,traditional,noise,0.2,1501,Lycaena helloides
69,0.2,0.0,10,0.2,traditional,noise,0.2,1516,Plebejus samuelis
70,0.1,0.0,10,0.1,traditional,noise,0.2,1525,Satyrium behrii
71,0.0,0.0,10,0.0,traditional,noise,0.2,1536,Strymon melinus
72,0.2,0.0,10,0.2,traditional,noise,0.2,1566,Agrotis munda
73,0.2,0.0,10,0.2,traditional,noise,0.2,1576,Anaplectoides prasina
74,0.1,0.0,10,0.1,traditional,noise,0.2,1603,Copivaleria grotei
75,0.2,0.2,10,0.0,traditional,noise,0.2,1606,Cosmodes elegans
76,0.1,0.0,10,0.1,traditional,noise,0.2,1632,Helicoverpa armigera
77,0.0,0.1,10,-0.1,traditional,noise,0.2,1634,Hemieuxoa rudens
78,0.0,0.0,10,0.0,traditional,noise,0.2,1658,Morrisonia confusa
79,0.1,0.0,10,0.1,traditional,noise,0.2,1669,Ochropleura implecta
80,0.0,0.0,10,0.0,traditional,noise,0.2,1713,Tarache aprica
81,0.1,0.0,10,0.1,traditional,noise,0.2,1732,Clostera apicalis
82,0.2,0.0,10,0.2,traditional,noise,0.2,1788,Ariadne ariadne
83,0.2,0.0,10,0.2,traditional,noise,0.2,1875,Hipparchia statilinus
84,0.2,0.0,10,0.2,traditional,noise,0.2,1907,Limenitis archippus
85,0.0,0.0,10,0.0,traditional,noise,0.2,1910,Limenitis lorquini
86,0.0,0.0,10,0.0,traditional,noise,0.2,1932,Morpho helenor
87,0.0,0.0,10,0.0,traditional,noise,0.2,1938,Nymphalis antiopa
88,0.4,0.2,10,0.2,traditional,noise,0.2,1944,Parantica aglea
89,0.0,0.0,10,0.0,traditional,noise,0.2,1955,Polygonia c-album
90,0.1,0.0,10,0.1,traditional,noise,0.2,1958,Polygonia faunus
91,0.5,0.0,10,0.5,traditional,noise,0.2,1979,Texola elada
92,0.0,0.0,10,0.0,traditional,noise,0.2,1983,Vanessa annabella
93,0.3,0.0,10,0.3,traditional,noise,0.2,2034,Papilio thoas
94,0.0,0.0,10,0.0,traditional,noise,0.2,2035,Papilio troilus
95,0.0,0.0,10,0.0,traditional,noise,0.2,2047,Anteos maerula
96,0.2,0.0,10,0.2,traditional,noise,0.2,2061,Catopsilia pyranthe
97,0.0,0.0,10,0.0,traditional,noise,0.2,2100,Pontia edusa
98,0.3,0.0,10,0.3,traditional,noise,0.2,2114,Aglossa pinguinalis
99,0.1,0.1,10,0.0,traditional,noise,0.2,2121,Endotricha pyrosalis
100,0.2,0.0,10,0.2,traditional,noise,0.2,2129,Moodna ostrinella
101,0.0,0.0,10,0.0,traditional,noise,0.2,2242,Clepsis persicana
102,0.0,0.0,10,0.0,traditional,noise,0.2,2300,Dicromantispa interrupta
103,0.2,0.0,10,0.2,traditional,noise,0.2,2340,Agriocnemis femina
104,0.0,0.0,10,0.0,traditional,noise,0.2,2375,Enallagma geminatum
105,0.1,0.0,10,0.1,traditional,noise,0.2,2385,Ischnura denticollis
106,0.2,0.0,10,0.2,traditional,noise,0.2,2404,Cordulegaster diastatops
107,0.2,0.0,10,0.2,traditional,noise,0.2,2408,Cordulia aenea
108,0.1,0.0,10,0.1,traditional,noise,0.2,2414,Epitheca princeps
109,0.3,0.0,10,0.3,traditional,noise,0.2,2418,Somatochlora tenebrosa
110,0.1,0.0,10,0.1,traditional,noise,0.2,2424,Arigomphus villosipes
111,0.0,0.0,10,0.0,traditional,noise,0.2,2430,Gomphurus vastus
112,0.2,0.0,10,0.2,traditional,noise,0.2,2450,Lestes alacer
113,0.1,0.0,10,0.1,traditional,noise,0.2,2458,Lestes inaequalis
114,0.0,0.0,10,0.0,traditional,noise,0.2,2501,Leucorrhinia intacta
115,0.1,0.0,10,0.1,traditional,noise,0.2,2502,Leucorrhinia proxima
116,0.0,0.0,10,0.0,traditional,noise,0.2,2569,Sympetrum obtrusum
117,0.0,0.0,10,0.0,traditional,noise,0.2,2581,Trithemis annulata
118,0.1,0.0,10,0.1,traditional,noise,0.2,2585,Trithemis kirbyi
119,0.0,0.0,10,0.0,traditional,noise,0.2,2593,Nososticta solida
120,0.0,0.0,10,0.0,traditional,noise,0.2,2661,Taeniopoda eques
121,0.0,0.0,10,0.0,traditional,noise,0.2,2691,Tettigonia viridissima
122,0.0,0.0,10,0.0,traditional,noise,0.2,2692,Phyllopalpus pulchellus
123,0.0,0.0,10,0.0,traditional,noise,0.2,2704,Cancer borealis
124,0.0,0.0,10,0.0,traditional,noise,0.2,2712,Pugettia producta
125,0.1,0.0,10,0.1,traditional,noise,0.2,2721,Emerita talpoida
126,0.4,0.3,10,0.10000000000000003,traditional,noise,0.2,2737,Arenaeus cribrarius
127,0.1,0.0,10,0.1,traditional,noise,0.2,2739,Aratus pisonii
128,0.1,0.0,10,0.1,traditional,noise,0.2,2769,Pimephales notatus
129,0.2,0.0,10,0.2,traditional,noise,0.2,2785,Gobiesox maeandricus
130,0.2,0.0,10,0.2,traditional,noise,0.2,2807,Micropterus dolomieu
131,0.0,0.0,10,0.0,traditional,noise,0.2,2815,Cheilodactylus vestitus
132,0.1,0.0,10,0.1,traditional,noise,0.2,2823,Girella nigricans
133,0.0,0.0,10,0.0,traditional,noise,0.2,2826,Neogobius melanostomus
134,0.3,0.3,10,0.0,traditional,noise,0.2,2843,Thalassoma bifasciatum
135,0.2,0.0,10,0.2,traditional,noise,0.2,2875,Scarus ghobban
136,0.0,0.0,10,0.0,traditional,noise,0.2,2915,Aulostomus chinensis
137,0.1,0.0,10,0.1,traditional,noise,0.2,2927,Diodon hystrix
138,0.1,0.0,10,0.1,traditional,noise,0.2,2941,Bombina variegata
139,0.0,0.0,10,0.0,traditional,noise,0.2,2951,Bufo bankorensis
140,0.0,0.0,10,0.0,traditional,noise,0.2,2974,Dendrobates auratus
141,0.3,0.0,10,0.3,traditional,noise,0.2,2982,Boana rosenbergi
142,0.1,0.0,10,0.1,traditional,noise,0.2,3026,Lithobates blairi
143,0.0,0.0,10,0.0,traditional,noise,0.2,3038,Pelophylax ridibundus
144,0.0,0.0,10,0.0,traditional,noise,0.2,3054,Scaphiopus couchii
145,0.0,0.0,10,0.0,traditional,noise,0.2,3094,Plethodon serratus
146,0.1,0.0,10,0.1,traditional,noise,0.2,3135,Buteo swainsoni
147,0.1,0.0,10,0.1,traditional,noise,0.2,3147,Circus pygargus
148,0.2,0.0,10,0.2,traditional,noise,0.2,3160,Haliaeetus albicilla
149,0.3,0.0,10,0.3,traditional,noise,0.2,3168,Ictinia plumbea
150,0.0,0.0,10,0.0,traditional,noise,0.2,3200,Anas gracilis
151,0.0,0.0,10,0.0,traditional,noise,0.2,3206,Anas zonorhyncha
152,0.0,0.0,10,0.0,traditional,noise,0.2,3242,Cygnus cygnus
153,0.0,0.0,10,0.0,traditional,noise,0.2,3297,Podargus strigoides
154,0.2,0.0,10,0.2,traditional,noise,0.2,3341,Cerorhinca monocerata
155,0.0,0.0,10,0.0,traditional,noise,0.2,3342,Fratercula arctica
156,0.0,0.0,10,0.0,traditional,noise,0.2,3346,Burhinus grallarius
157,0.1,0.0,10,0.1,traditional,noise,0.2,3352,Charadrius hiaticula
158,0.1,0.0,10,0.1,traditional,noise,0.2,3402,Chroicocephalus ridibundus
159,0.3,0.1,10,0.19999999999999998,traditional,noise,0.2,3479,Numenius americanus
160,0.1,0.0,10,0.1,traditional,noise,0.2,3502,Ciconia ciconia
161,0.0,0.0,10,0.0,traditional,noise,0.2,3534,Streptopelia capicola
162,0.0,0.0,10,0.0,traditional,noise,0.2,3617,Penelope obscura
163,0.0,0.0,10,0.0,traditional,noise,0.2,3621,Callipepla californica
164,0.0,0.0,10,0.0,traditional,noise,0.2,3647,Anthropoides virgo
165,0.0,0.0,10,0.0,traditional,noise,0.2,3727,Spiza americana
166,0.0,0.0,10,0.0,traditional,noise,0.2,3755,Corvus frugilegus
167,0.0,0.0,10,0.0,traditional,noise,0.2,3767,Dendrocitta formosae
168,0.0,0.0,10,0.0,traditional,noise,0.2,3776,Pica serica
169,0.0,0.0,10,0.0,traditional,noise,0.2,3792,Emberiza hortulana
170,0.0,0.0,10,0.0,traditional,noise,0.2,3800,Lonchura punctulata
171,0.2,0.1,10,0.1,traditional,noise,0.2,3814,Coccothraustes coccothraustes
172,0.0,0.0,10,0.0,traditional,noise,0.2,3848,Hirundo neoxena
173,0.0,0.0,10,0.0,traditional,noise,0.2,3859,Riparia riparia
174,0.0,0.0,10,0.0,traditional,noise,0.2,3864,Tachycineta bicolor
175,0.0,0.0,10,0.0,traditional,noise,0.2,3870,Cassiculus melanicterus
176,0.0,0.0,10,0.0,traditional,noise,0.2,3901,Quiscalus quiscula
177,0.0,0.0,10,0.0,traditional,noise,0.2,3922,Malurus splendens
178,0.0,0.0,10,0.0,traditional,noise,0.2,3946,Oreoscoptes montanus
179,0.0,0.0,10,0.0,traditional,noise,0.2,3958,Anthus hodgsoni
180,0.1,0.0,10,0.1,traditional,noise,0.2,3971,Motacilla citreola
181,0.0,0.0,10,0.0,traditional,noise,0.2,3972,Motacilla flava
182,0.0,0.0,10,0.0,traditional,noise,0.2,3976,Copsychus saularis
183,0.0,0.0,10,0.0,traditional,noise,0.2,3994,Phoenicurus ochruros
184,0.0,0.0,10,0.0,traditional,noise,0.2,3995,Phoenicurus phoenicurus
185,0.1,0.0,10,0.1,traditional,noise,0.2,3997,Saxicola maurus
186,0.1,0.1,10,0.0,traditional,noise,0.2,4021,Pachycephala pectoralis
187,0.0,0.0,10,0.0,traditional,noise,0.2,4027,Baeolophus bicolor
188,0.3,0.1,10,0.19999999999999998,traditional,noise,0.2,4075,Setophaga graciae
189,0.0,0.0,10,0.0,traditional,noise,0.2,4114,Peucaea carpalis
190,0.1,0.0,10,0.1,traditional,noise,0.2,4139,Petroica australis
191,0.0,0.0,10,0.0,traditional,noise,0.2,4187,Sitta carolinensis
192,0.0,0.0,10,0.0,traditional,noise,0.2,4190,Sitta pygmaea
193,0.2,0.0,10,0.2,traditional,noise,0.2,4195,Cinnyricinclus leucogaster
194,0.0,0.0,10,0.0,traditional,noise,0.2,4221,Pipraeidea bonariensis
195,0.0,0.1,10,-0.1,traditional,noise,0.2,4231,Sicalis luteola
196,0.1,0.0,10,0.1,traditional,noise,0.2,4241,Tangara arthus
197,0.1,0.1,10,0.0,traditional,noise,0.2,4245,Thraupis episcopus
198,0.0,0.0,10,0.0,traditional,noise,0.2,4250,Pachyramphus aglaiae
199,0.0,0.0,10,0.0,traditional,noise,0.2,4356,Ardea cinerea
200,0.0,0.0,10,0.0,traditional,noise,0.2,4363,Ardea purpurea
201,0.0,0.0,10,0.0,traditional,noise,0.2,4366,Ardeola ralloides
202,0.0,0.0,10,0.0,traditional,noise,0.2,4404,Platalea flavipes
203,0.0,0.0,10,0.0,traditional,noise,0.2,4405,Platalea leucorodia
204,0.0,0.0,10,0.0,traditional,noise,0.2,4407,Platalea regia
205,0.0,0.0,10,0.0,traditional,noise,0.2,4413,Threskiornis melanocephalus
206,0.1,0.0,10,0.1,traditional,noise,0.2,4422,Psilopogon haemacephalus
207,0.0,0.0,10,0.0,traditional,noise,0.2,4424,Campephilus guatemalensis
208,0.0,0.0,10,0.0,traditional,noise,0.2,4428,Colaptes campestris
209,0.0,0.0,10,0.0,traditional,noise,0.2,4472,Ramphastos toco
210,0.1,0.0,10,0.1,traditional,noise,0.2,4540,Aegolius acadicus
211,0.1,0.0,10,0.1,traditional,noise,0.2,4617,Alcelaphus buselaphus
212,0.1,0.0,10,0.1,traditional,noise,0.2,4624,Capra ibex
213,0.0,0.1,10,-0.1,traditional,noise,0.2,4640,Tragelaphus angasii
214,0.1,0.0,10,0.1,traditional,noise,0.2,4665,Phacochoerus africanus
215,0.1,0.1,10,0.0,traditional,noise,0.2,4688,Crocuta crocuta
216,0.1,0.0,10,0.1,traditional,noise,0.2,4711,Halichoerus grypus
217,0.1,0.0,10,0.1,traditional,noise,0.2,4713,Mirounga leonina
218,0.0,0.0,10,0.0,traditional,noise,0.2,4722,Rhynchonycteris naso
219,0.3,0.0,10,0.3,traditional,noise,0.2,4766,Ornithorhynchus anatinus
220,0.0,0.1,10,-0.1,traditional,noise,0.2,4769,Equus caballus
221,0.3,0.3,10,0.0,traditional,noise,0.2,4770,Equus quagga
222,0.0,0.0,10,0.0,traditional,noise,0.2,4782,Cercopithecus mitis
223,0.0,0.1,10,-0.1,traditional,noise,0.2,4811,Hystrix africaeaustralis
224,0.3,0.3,10,0.0,traditional,noise,0.2,4823,Cynomys ludovicianus
225,0.0,0.0,10,0.0,traditional,noise,0.2,4826,Funambulus pennantii
226,0.1,0.1,10,0.0,traditional,noise,0.2,4829,Ictidomys tridecemlineatus
227,0.0,0.1,10,-0.1,traditional,noise,0.2,4831,Marmota flaviventris
228,0.0,0.0,10,0.0,traditional,noise,0.2,4883,Elgaria multicarinata
229,0.3,0.5,10,-0.2,traditional,noise,0.2,4885,Ophisaurus attenuatus
230,0.2,0.0,10,0.2,traditional,noise,0.2,4915,Hypsiglena jani
231,0.4,0.0,10,0.4,traditional,noise,0.2,4917,Imantodes cenchoa
232,0.1,0.1,10,0.0,traditional,noise,0.2,4939,Nerodia floridana
233,0.0,0.0,10,0.0,traditional,noise,0.2,4942,Nerodia taxispilota
234,0.0,0.0,10,0.0,traditional,noise,0.2,4947,Pantherophis emoryi
235,0.1,0.0,10,0.1,traditional,noise,0.2,4955,Regina grahamii
236,0.0,0.0,10,0.0,traditional,noise,0.2,4993,Anolis sagrei
237,0.1,0.0,10,0.1,traditional,noise,0.2,5065,Urosaurus ornatus
238,0.0,0.0,10,0.0,traditional,noise,0.2,5066,Uta stansburiana
239,0.0,0.0,10,0.0,traditional,noise,0.2,5086,Trachylepis striata
240,0.1,0.1,10,0.0,traditional,noise,0.2,5124,Sistrurus catenatus
241,0.0,0.0,10,0.0,traditional,noise,0.2,5150,Pseudemys texana
242,0.1,0.1,10,0.0,traditional,noise,0.2,5163,Gopherus agassizii
243,0.0,0.0,10,0.0,traditional,noise,0.2,5168,Testudo graeca
244,0.0,0.0,10,0.0,traditional,noise,0.2,5186,Metridium senile
245,0.0,0.0,10,0.0,traditional,noise,0.2,5193,Cyanea ferruginea
246,0.5,0.4,10,0.09999999999999998,traditional,noise,0.2,5201,Pisaster giganteus
247,0.3,0.3,10,0.0,traditional,noise,0.2,5227,Cyrtopleura costata
248,0.1,0.2,10,-0.1,traditional,noise,0.2,5279,Cominella adspersa
249,0.2,0.2,10,0.0,traditional,noise,0.2,5281,Kelletia kelletii
250,0.1,0.0,10,0.1,traditional,noise,0.2,5290,Tritia obsoleta
251,0.1,0.0,10,0.1,traditional,noise,0.2,5291,Americoliva sayana
252,0.2,0.0,10,0.2,traditional,noise,0.2,5309,Rostanga pulchra
253,0.3,0.0,10,0.3,traditional,noise,0.2,5326,Polycera atra
254,0.3,0.2,10,0.09999999999999998,traditional,noise,0.2,5370,Laevicaulis alte
255,0.3,0.0,10,0.3,traditional,noise,0.2,5375,Tegula funebralis
256,0.4,0.2,10,0.2,traditional,noise,0.2,5396,Candelaria concolor
257,0.7,0.3,10,0.39999999999999997,traditional,noise,0.2,5435,Dibaeis baeomyces
258,0.1,0.0,10,0.1,traditional,noise,0.2,5462,Sarcoscypha occidentalis
259,0.1,0.0,10,0.1,traditional,noise,0.2,5467,Nectria cinnabarina
260,0.3,0.1,10,0.19999999999999998,traditional,noise,0.2,5481,Leucoagaricus leucothites
261,0.1,0.0,10,0.1,traditional,noise,0.2,5493,Amanita jacksonii
262,0.2,0.0,10,0.2,traditional,noise,0.2,5567,Coprinopsis variegata
263,0.3,0.0,10,0.3,traditional,noise,0.2,5570,Panaeolus foenisecii
264,0.0,0.0,10,0.0,traditional,noise,0.2,5574,Schizophyllum commune
265,0.2,0.0,10,0.2,traditional,noise,0.2,5576,Agrocybe praecox
266,0.1,0.0,10,0.1,traditional,noise,0.2,5580,Hypholoma lateritium
267,0.2,0.1,10,0.1,traditional,noise,0.2,5601,Imleria badia
268,0.6,0.3,10,0.3,traditional,noise,0.2,5613,Scleroderma citrinum
269,0.4,0.3,10,0.10000000000000003,traditional,noise,0.2,5635,Inonotus obliquus
270,0.4,0.1,10,0.30000000000000004,traditional,noise,0.2,5672,Climacodon septentrionalis
271,0.1,0.0,10,0.1,traditional,noise,0.2,5684,Lentinus arcularius
272,0.3,0.0,10,0.3,traditional,noise,0.2,5696,Sparassis spathulata
273,0.4,0.3,10,0.10000000000000003,traditional,noise,0.2,5746,Pleurozium schreberi
274,0.4,0.4,10,0.0,traditional,noise,0.2,5765,Cladophora columbiana
275,0.5,0.1,10,0.4,traditional,noise,0.2,5768,Bazzania trilobata
276,0.1,0.0,10,0.1,traditional,noise,0.2,5779,Chondrus crispus
277,0.0,0.0,10,0.0,traditional,noise,0.2,5820,Triantha glutinosa
278,0.5,0.0,10,0.5,traditional,noise,0.2,5826,Phoenix dactylifera
279,0.1,0.0,10,0.1,traditional,noise,0.2,5853,Habranthus tubispathus
280,0.3,0.1,10,0.19999999999999998,traditional,noise,0.2,5875,Agave salmiana
281,0.3,0.2,10,0.09999999999999998,traditional,noise,0.2,5879,Asparagus aethiopicus
282,0.2,0.0,10,0.2,traditional,noise,0.2,5883,Bloomeria crocea
283,0.4,0.1,10,0.30000000000000004,traditional,noise,0.2,5917,Nolina parryi
284,0.1,0.0,10,0.1,traditional,noise,0.2,5953,Phormium tenax
285,0.1,0.0,10,0.1,traditional,noise,0.2,5957,Hypoxis hirsuta
286,0.0,0.0,10,0.0,traditional,noise,0.2,5992,Anacamptis coriophora
287,0.0,0.0,10,0.0,traditional,noise,0.2,6008,Corallorhiza mertensiana
288,0.2,0.0,10,0.2,traditional,noise,0.2,6009,Corallorhiza striata
289,0.0,0.0,10,0.0,traditional,noise,0.2,6049,Liparis loeselii
290,0.0,0.0,10,0.0,traditional,noise,0.2,6051,Neotinea tridentata
291,0.2,0.0,10,0.2,traditional,noise,0.2,6064,Ophrys tenthredinifera
292,0.3,0.0,10,0.3,traditional,noise,0.2,6117,Wachendorfia paniculata
293,0.1,0.3,10,-0.19999999999999998,traditional,noise,0.2,6229,Tillandsia utriculata
294,0.0,0.0,10,0.0,traditional,noise,0.2,6238,Carex digitata
295,0.0,0.0,10,0.0,traditional,noise,0.2,6239,Carex eburnea
296,0.0,0.0,10,0.0,traditional,noise,0.2,6242,Carex gracillima
297,0.3,0.0,10,0.3,traditional,noise,0.2,6246,Carex hystericina
298,0.0,0.0,10,0.0,traditional,noise,0.2,6273,Carex vulpinoidea
299,0.1,0.0,10,0.1,traditional,noise,0.2,6277,Cyperus eragrostis
300,0.1,0.1,10,0.0,traditional,noise,0.2,6293,Schoenoplectus acutus
301,0.2,0.1,10,0.1,traditional,noise,0.2,6321,Ammophila breviligulata
302,0.1,0.0,10,0.1,traditional,noise,0.2,6366,Digitaria sanguinalis
303,0.1,0.0,10,0.1,traditional,noise,0.2,6382,Hordeum murinum
304,0.0,0.0,10,0.0,traditional,noise,0.2,6407,Paspalum dilatatum
305,0.1,0.0,10,0.1,traditional,noise,0.2,6409,Paspalum urvillei
306,0.5,0.6,10,-0.09999999999999998,traditional,noise,0.2,6432,Stipa pennata
307,0.0,0.0,10,0.0,traditional,noise,0.2,6447,Canna indica
308,0.3,0.2,10,0.09999999999999998,traditional,noise,0.2,6458,Hedychium gardnerianum
309,0.0,0.0,10,0.0,traditional,noise,0.2,6496,Cicuta virosa
310,0.0,0.0,10,0.0,traditional,noise,0.2,6499,Cryptotaenia canadensis
311,0.4,0.1,10,0.30000000000000004,traditional,noise,0.2,6551,Aralia racemosa
312,0.5,0.2,10,0.3,traditional,noise,0.2,6558,Hydrocotyle ranunculoides
313,0.2,0.1,10,0.1,traditional,noise,0.2,6589,Corokia cotoneaster
314,0.1,0.1,10,0.0,traditional,noise,0.2,6606,Ambrosia deltoidea
315,0.0,0.0,10,0.0,traditional,noise,0.2,6611,Anaphalioides bellidioides
316,0.1,0.2,10,-0.1,traditional,noise,0.2,6638,Artemisia tridentata
317,0.0,0.0,10,0.0,traditional,noise,0.2,6656,Bidens bipinnata
318,0.1,0.0,10,0.1,traditional,noise,0.2,6672,Carduus pycnocephalus
319,0.3,0.0,10,0.3,traditional,noise,0.2,6714,Cirsium pitcheri
320,0.0,0.0,10,0.0,traditional,noise,0.2,6745,Dittrichia graveolens
321,0.2,0.1,10,0.1,traditional,noise,0.2,6747,Doellingeria umbellata
322,0.1,0.0,10,0.1,traditional,noise,0.2,6771,Erigeron canadensis
323,0.1,0.0,10,0.1,traditional,noise,0.2,6773,Erigeron foliosus
324,0.3,0.0,10,0.3,traditional,noise,0.2,6811,Gnaphalium uliginosum
325,0.1,0.0,10,0.1,traditional,noise,0.2,6815,Gutierrezia sarothrae
326,0.0,0.0,10,0.0,traditional,noise,0.2,6828,Helianthus maximiliani
327,0.0,0.0,10,0.0,traditional,noise,0.2,6850,Isocoma acradenia
328,0.2,0.1,10,0.1,traditional,noise,0.2,6892,Melampodium leucanthum
329,0.2,0.0,10,0.2,traditional,noise,0.2,6927,Perityle emoryi
330,0.0,0.0,10,0.0,traditional,noise,0.2,6938,Pinaropappus roseus
331,0.0,0.0,10,0.0,traditional,noise,0.2,6955,Pterocaulon pycnostachyum
332,0.1,0.0,10,0.1,traditional,noise,0.2,6963,Rudbeckia hirta
333,0.0,0.0,10,0.0,traditional,noise,0.2,6969,Senecio ampullaceus
334,0.0,0.0,10,0.0,traditional,noise,0.2,7004,Solidago rigida
335,0.0,0.0,10,0.0,traditional,noise,0.2,7013,Sonchus asper
336,0.2,0.1,10,0.1,traditional,noise,0.2,7024,Symphyotrichum lanceolatum
337,0.1,0.0,10,0.1,traditional,noise,0.2,7042,Tetraneuris scaposa
338,0.0,0.0,10,0.0,traditional,noise,0.2,7122,Menyanthes trifoliata
339,0.0,0.0,10,0.0,traditional,noise,0.2,7171,Myosotis discolor
340,0.2,0.0,10,0.2,traditional,noise,0.2,7202,Pholistoma membranaceum
341,0.2,0.0,10,0.2,traditional,noise,0.2,7231,Cardamine californica
342,0.0,0.0,10,0.0,traditional,noise,0.2,7279,Streptanthus tortuosus
343,0.2,0.2,10,0.0,traditional,noise,0.2,7292,Floerkea proserpinacoides
344,0.1,0.4,10,-0.30000000000000004,traditional,noise,0.2,7305,Mesembryanthemum crystallinum
345,0.0,0.0,10,0.0,traditional,noise,0.2,7319,Atriplex prostrata
346,0.0,0.0,10,0.0,traditional,noise,0.2,7324,Celosia argentea
347,0.4,0.1,10,0.30000000000000004,traditional,noise,0.2,7349,Cylindropuntia fulgida
348,0.1,0.0,10,0.1,traditional,noise,0.2,7355,Cylindropuntia thurberi
349,0.2,0.4,10,-0.2,traditional,noise,0.2,7367,Echinocereus pentalophus
350,0.2,0.2,10,0.0,traditional,noise,0.2,7375,Escobaria vivipara
351,0.4,0.2,10,0.2,traditional,noise,0.2,7394,Opuntia basilaris
352,0.0,0.0,10,0.0,traditional,noise,0.2,7450,Silene dioica
353,0.1,0.0,10,0.1,traditional,noise,0.2,7477,Drosera intermedia
354,0.0,0.0,10,0.0,traditional,noise,0.2,7480,Drosera spatulata
355,0.2,0.2,10,0.0,traditional,noise,0.2,7576,Canotia holacantha
356,0.0,0.0,10,0.0,traditional,noise,0.2,7577,Celastrus orbiculatus
357,0.0,0.0,10,0.0,traditional,noise,0.2,7609,Hydrangea quercifolia
358,0.2,0.0,10,0.2,traditional,noise,0.2,7610,Philadelphus lewisii
359,0.1,0.0,10,0.1,traditional,noise,0.2,7616,Petalonyx thurberi
360,0.0,0.0,10,0.0,traditional,noise,0.2,7617,Nyssa sylvatica
361,0.1,0.0,10,0.1,traditional,noise,0.2,7634,Centranthus ruber
362,0.0,0.0,10,0.0,traditional,noise,0.2,7640,Leycesteria formosa
363,0.1,0.0,10,0.1,traditional,noise,0.2,7652,Lonicera sempervirens
364,0.1,0.0,10,0.1,traditional,noise,0.2,7713,Arctostaphylos uva-ursi
365,0.1,0.0,10,0.1,traditional,noise,0.2,7735,Erica imbricata
366,0.3,0.1,10,0.19999999999999998,traditional,noise,0.2,7752,Leptecophylla tameiameiae
367,0.0,0.0,10,0.0,traditional,noise,0.2,7756,Lyonia lucida
368,0.1,0.0,10,0.1,traditional,noise,0.2,7785,Rhododendron periclymenoides
369,0.2,0.1,10,0.1,traditional,noise,0.2,7802,Xylococcus bicolor
370,0.2,0.2,10,0.0,traditional,noise,0.2,7819,Leptosiphon nuttallii
371,0.0,0.2,10,-0.2,traditional,noise,0.2,7822,Linanthus dianthiflorus
372,0.1,0.0,10,0.1,traditional,noise,0.2,7831,Phlox hoodii
373,0.5,0.0,10,0.5,traditional,noise,0.2,7851,Lysimachia clethroides
374,0.1,0.0,10,0.1,traditional,noise,0.2,7858,Lysimachia quadriflora
375,0.0,0.0,10,0.0,traditional,noise,0.2,7889,Acacia cyclops
376,0.1,0.0,10,0.1,traditional,noise,0.2,7897,Acacia saligna
377,0.0,0.0,10,0.0,traditional,noise,0.2,7912,Astragalus crassicarpus
378,0.1,0.0,10,0.1,traditional,noise,0.2,7913,Astragalus danicus
379,0.3,0.1,10,0.19999999999999998,traditional,noise,0.2,7918,Astragalus purshii
380,0.0,0.0,10,0.0,traditional,noise,0.2,7944,Dalea aurea
381,0.3,0.1,10,0.19999999999999998,traditional,noise,0.2,7950,Desmanthus illinoensis
382,0.0,0.0,10,0.0,traditional,noise,0.2,7958,Erythrostemon mexicanus
383,0.1,0.0,10,0.1,traditional,noise,0.2,7974,Hylodesmum glutinosum
384,0.0,0.0,10,0.0,traditional,noise,0.2,7989,Lespedeza capitata
385,0.1,0.0,10,0.1,traditional,noise,0.2,7994,Lotus corniculatus
386,0.0,0.0,10,0.0,traditional,noise,0.2,7995,Lotus pedunculatus
387,0.0,0.0,10,0.0,traditional,noise,0.2,8020,Medicago lupulina
388,0.0,0.0,10,0.0,traditional,noise,0.2,8028,Mimosa nuttallii
389,0.2,0.2,10,0.0,traditional,noise,0.2,8062,Senna armata
390,0.0,0.0,10,0.0,traditional,noise,0.2,8095,Trifolium lupinaster
391,0.1,0.0,10,0.1,traditional,noise,0.2,8106,Vachellia farnesiana
392,0.1,0.1,10,0.0,traditional,noise,0.2,8127,Polygala alba
393,0.0,0.0,10,0.0,traditional,noise,0.2,8154,Carpinus caroliniana
394,0.0,0.0,10,0.0,traditional,noise,0.2,8162,Chrysolepis chrysophylla
395,0.0,0.0,10,0.0,traditional,noise,0.2,8168,Quercus alba
396,0.1,0.0,10,0.1,traditional,noise,0.2,8171,Quercus buckleyi
397,0.0,0.1,10,-0.1,traditional,noise,0.2,8189,Quercus laevis
398,0.0,0.0,10,0.0,traditional,noise,0.2,8190,Quercus lobata
399,0.0,0.0,10,0.0,traditional,noise,0.2,8196,Quercus nigra
400,0.0,0.0,10,0.0,traditional,noise,0.2,8214,Carya tomentosa
401,0.1,0.0,10,0.1,traditional,noise,0.2,8227,Garrya lindheimeri
402,0.0,0.0,10,0.0,traditional,noise,0.2,8235,Asclepias asperula
403,0.1,0.0,10,0.1,traditional,noise,0.2,8249,Asclepias oenotheroides
404,0.0,0.0,10,0.0,traditional,noise,0.2,8254,Asclepias subulata
405,0.0,0.1,10,-0.1,traditional,noise,0.2,8267,Catharanthus roseus
406,0.3,0.0,10,0.3,traditional,noise,0.2,8283,Vinca minor
407,0.4,0.1,10,0.30000000000000004,traditional,noise,0.2,8344,Galium triflorum
408,0.0,0.0,10,0.0,traditional,noise,0.2,8358,Paederia foetida
409,0.1,0.0,10,0.1,traditional,noise,0.2,8369,Erodium texanum
410,0.1,0.0,10,0.1,traditional,noise,0.2,8379,Geranium pratense
411,0.1,0.1,10,0.0,traditional,noise,0.2,8386,Geranium sibiricum
412,0.0,0.0,10,0.0,traditional,noise,0.2,8410,Thunbergia alata
413,0.6,0.4,10,0.19999999999999996,traditional,noise,0.2,8419,Tabebuia rosea
414,0.0,0.0,10,0.0,traditional,noise,0.2,8437,Condea emoryi
415,0.3,0.0,10,0.3,traditional,noise,0.2,8453,Leonurus cardiaca
416,0.4,0.1,10,0.30000000000000004,traditional,noise,0.2,8475,Origanum vulgare
417,0.0,0.0,10,0.0,traditional,noise,0.2,8477,Phlomoides tuberosa
418,0.1,0.0,10,0.1,traditional,noise,0.2,8492,Salvia mellifera
419,0.1,0.0,10,0.1,traditional,noise,0.2,8515,Teucrium canadense
420,0.0,0.0,10,0.0,traditional,noise,0.2,8587,Castilleja tenuiflora
421,0.0,0.0,10,0.0,traditional,noise,0.2,8593,Euphrasia nemorosa
422,0.0,0.0,10,0.0,traditional,noise,0.2,8594,Hyobanche sanguinea
423,0.0,0.0,10,0.0,traditional,noise,0.2,8607,Pedicularis groenlandica
424,0.0,0.3,10,-0.3,traditional,noise,0.2,8641,Cymbalaria muralis
425,0.1,0.0,10,0.1,traditional,noise,0.2,8659,Penstemon centranthifolius
426,0.0,0.0,10,0.0,traditional,noise,0.2,8669,Penstemon procerus
427,0.0,0.0,10,0.0,traditional,noise,0.2,8675,Plantago erecta
428,0.0,0.1,10,-0.1,traditional,noise,0.2,8678,Plantago maritima
429,0.0,0.0,10,0.0,traditional,noise,0.2,8688,Veronica anagallis-aquatica
430,0.0,0.0,10,0.0,traditional,noise,0.2,8693,Veronica filiformis
431,0.0,0.0,10,0.0,traditional,noise,0.2,8708,Buddleja cordata
432,0.0,0.0,10,0.0,traditional,noise,0.2,8717,Verbascum nigrum
433,0.2,0.0,10,0.2,traditional,noise,0.2,8750,Laurus nobilis
434,0.0,0.0,10,0.0,traditional,noise,0.2,8755,Hedycarya arborea
435,0.0,0.0,10,0.0,traditional,noise,0.2,8761,Magnolia grandiflora
436,0.1,0.0,10,0.1,traditional,noise,0.2,8763,Magnolia tripetala
437,0.0,0.0,10,0.0,traditional,noise,0.2,8800,Euphorbia misera
438,0.0,0.0,10,0.0,traditional,noise,0.2,8810,Euphorbia serpillifolia
439,0.2,0.0,10,0.2,traditional,noise,0.2,8851,Turnera ulmifolia
440,0.1,0.0,10,0.1,traditional,noise,0.2,8852,Bischofia javanica
441,0.2,0.1,10,0.1,traditional,noise,0.2,8875,Salix laevigata
442,0.3,0.2,10,0.09999999999999998,traditional,noise,0.2,8882,Melicytus alpinus
443,0.0,0.0,10,0.0,traditional,noise,0.2,8888,Viola blanda
444,0.0,0.0,10,0.0,traditional,noise,0.2,8917,Viola tricolor
445,0.0,0.0,10,0.0,traditional,noise,0.2,8920,Cistus albidus
446,0.1,0.0,10,0.1,traditional,noise,0.2,8936,Callirhoe pedata
447,0.0,0.0,10,0.0,traditional,noise,0.2,8946,Hibiscus moscheutos
448,0.1,0.0,10,0.1,traditional,noise,0.2,8949,Hibiscus tiliaceus
449,0.1,0.0,10,0.1,traditional,noise,0.2,8954,Malacothamnus fasciculatus
450,0.0,0.0,10,0.0,traditional,noise,0.2,9001,Lythrum hyssopifolia
451,0.0,0.0,10,0.0,traditional,noise,0.2,9021,Metrosideros umbellata
452,0.2,0.0,10,0.2,traditional,noise,0.2,9022,Myrtus communis
453,0.1,0.0,10,0.1,traditional,noise,0.2,9033,Circaea lutetiana
454,0.0,0.0,10,0.0,traditional,noise,0.2,9055,Ludwigia peruviana
455,0.0,0.0,10,0.0,traditional,noise,0.2,9063,Oenothera gaura
456,0.1,0.0,10,0.1,traditional,noise,0.2,9085,Nymphaea nouchali
457,0.1,0.0,10,0.1,traditional,noise,0.2,9099,Oxalis luteola
458,0.2,0.0,10,0.2,traditional,noise,0.2,9130,Leucadendron salignum
459,0.2,0.1,10,0.1,traditional,noise,0.2,9139,Protea repens
460,0.3,0.0,10,0.3,traditional,noise,0.2,9142,Berberis aquifolium
461,0.1,0.0,10,0.1,traditional,noise,0.2,9186,Papaver rhoeas
462,0.1,0.0,10,0.1,traditional,noise,0.2,9192,Stylophorum diphyllum
463,0.0,0.0,10,0.0,traditional,noise,0.2,9219,Aquilegia flavescens
464,0.1,0.1,10,0.0,traditional,noise,0.2,9230,Clematis occidentalis
465,0.0,0.0,10,0.0,traditional,noise,0.2,9256,Pulsatilla nuttalliana
466,0.1,0.1,10,0.0,traditional,noise,0.2,9288,Cannabis sativa
467,0.0,0.3,10,-0.3,traditional,noise,0.2,9309,Ficus petiolaris
468,0.4,0.1,10,0.30000000000000004,traditional,noise,0.2,9333,Ceanothus verrucosus
469,0.0,0.0,10,0.0,traditional,noise,0.2,9338,Frangula californica
470,0.1,0.0,10,0.1,traditional,noise,0.2,9404,Photinia serratifolia
471,0.1,0.0,10,0.1,traditional,noise,0.2,9444,Rosa bracteata
472,0.0,0.0,10,0.0,traditional,noise,0.2,9460,Rubus bifrons
473,0.0,0.0,10,0.0,traditional,noise,0.2,9468,Rubus laciniatus
474,0.1,0.0,10,0.1,traditional,noise,0.2,9476,Rubus saxatilis
475,0.0,0.0,10,0.0,traditional,noise,0.2,9499,Ulmus americana
476,0.0,0.0,10,0.0,traditional,noise,0.2,9541,Rhus typhina
477,0.0,0.0,10,0.0,traditional,noise,0.2,9573,Acer nigrum
478,0.1,0.0,10,0.1,traditional,noise,0.2,9584,Aesculus glabra
479,0.0,0.1,10,-0.1,traditional,noise,0.2,9593,Ailanthus altissima
480,0.0,0.0,10,0.0,traditional,noise,0.2,9615,Sedum lanceolatum
481,0.0,0.0,10,0.0,traditional,noise,0.2,9636,Ribes rubrum
482,0.3,0.0,10,0.3,traditional,noise,0.2,9639,Ribes triste
483,0.1,0.0,10,0.1,traditional,noise,0.2,9644,Hamamelis virginiana
484,0.0,0.0,10,0.0,traditional,noise,0.2,9659,Micranthes californica
485,0.0,0.0,10,0.0,traditional,noise,0.2,9677,Calystegia sepium
486,0.3,0.2,10,0.09999999999999998,traditional,noise,0.2,9776,Cupressus macrocarpa
487,0.2,0.1,10,0.1,traditional,noise,0.2,9786,Juniperus osteosperma
488,0.4,0.2,10,0.2,traditional,noise,0.2,9825,Pinus lambertiana
489,0.1,0.0,10,0.1,traditional,noise,0.2,9847,Tsuga mertensiana
490,0.0,0.0,10,0.0,traditional,noise,0.2,9855,Prumnopitys taxifolia
491,0.1,0.0,10,0.1,traditional,noise,0.2,9870,Equisetum pratense
492,0.4,0.6,10,-0.19999999999999996,traditional,noise,0.2,9907,Asplenium viride
493,0.0,0.1,10,-0.1,traditional,noise,0.2,9912,Blechnum filiforme
494,0.3,0.0,10,0.3,traditional,noise,0.2,9920,Telmatoblechnum serrulatum
495,0.5,0.4,10,0.09999999999999998,traditional,noise,0.2,9932,Pteridium aquilinum
496,0.4,0.3,10,0.10000000000000003,traditional,noise,0.2,9955,Microsorum scandens
497,0.2,0.1,10,0.1,traditional,noise,0.2,9958,Pleopeltis michauxiana
498,0.2,0.2,10,0.0,traditional,noise,0.2,9965,Acrostichum danaeifolium
499,0.6,0.6,10,0.0,traditional,noise,0.2,9985,Pteris macilenta
0,0.1,0.0,10,0.1,traditional,blur,7,44,Trichonephila clavata
1,0.4,0.0,10,0.4,traditional,blur,7,46,Trichonephila edulis
2,0.2,0.0,10,0.2,traditional,blur,7,53,Badumna longinqua
3,0.2,0.0,10,0.2,traditional,blur,7,70,Dolomedes triton
4,0.1,0.3,10,-0.19999999999999998,traditional,blur,7,83,Lyssomanes viridis
5,0.1,0.0,10,0.1,traditional,blur,7,89,Naphrys pulex
6,0.0,0.0,10,0.0,traditional,blur,7,109,Aphonopelma chalcodes
7,0.2,0.0,10,0.2,traditional,blur,7,110,Aphonopelma eutylenum
8,0.3,0.0,10,0.3,traditional,blur,7,147,Leiobunum townsendi
9,0.5,0.0,10,0.5,traditional,blur,7,170,Pollicipes polymerus
10,0.0,0.0,10,0.0,traditional,blur,7,200,Cicindela campestris
11,0.3,0.0,10,0.3,traditional,blur,7,211,Cicindela scutellaris
12,0.1,0.0,10,0.1,traditional,blur,7,215,Harpalus rufipes
13,0.0,0.0,10,0.0,traditional,blur,7,246,Prionus laticollis
14,0.4,0.0,10,0.4,traditional,blur,7,261,Typocerus velutinus
15,0.0,0.0,10,0.0,traditional,blur,7,273,Chrysolina americana
16,0.0,0.1,10,-0.1,traditional,blur,7,279,Clytra laeviuscula
17,0.1,0.0,10,0.1,traditional,blur,7,286,Helocassis clavata
18,0.0,0.0,10,0.0,traditional,blur,7,303,Adalia decempunctata
19,0.0,0.0,10,0.0,traditional,blur,7,304,Anatis ocellata
20,0.1,0.1,10,0.0,traditional,blur,7,332,Psyllobora vigintiduopunctata
21,0.0,0.0,10,0.0,traditional,blur,7,376,Callistethus marginatus
22,0.1,0.0,10,0.1,traditional,blur,7,381,Dynastes tityus
23,0.0,0.0,10,0.0,traditional,blur,7,382,Euphoria basalis
24,0.0,0.0,10,0.0,traditional,blur,7,418,Zopherus nodulosus
25,0.0,0.0,10,0.0,traditional,blur,7,504,Tipula abdominalis
26,0.0,0.0,10,0.0,traditional,blur,7,525,Cercopis vulnerata
27,0.2,0.0,10,0.2,traditional,blur,7,529,Cuerna costalis
28,0.1,0.0,10,0.1,traditional,blur,7,562,Coreus marginatus
29,0.0,0.0,10,0.0,traditional,blur,7,573,Thasus neocalifornicus
30,0.0,0.0,10,0.0,traditional,blur,7,623,Euthyrhynchus floridanus
31,0.0,0.0,10,0.0,traditional,blur,7,652,Pselliopus barberi
32,0.0,0.1,10,-0.1,traditional,blur,7,666,Scolypopa australis
33,0.0,0.0,10,0.0,traditional,blur,7,712,Xylocopa sonorina
34,0.0,0.0,10,0.0,traditional,blur,7,713,Xylocopa tabaniformis
35,0.0,0.0,10,0.0,traditional,blur,7,778,Halictus rubicundus
36,0.0,0.0,10,0.0,traditional,blur,7,791,Dasymutilla occidentalis
37,0.3,0.0,10,0.3,traditional,blur,7,809,Myzinum quinquecinctum
38,0.0,0.0,10,0.0,traditional,blur,7,830,Polistes dominula
39,0.1,0.0,10,0.1,traditional,blur,7,832,Polistes exclamans
40,0.0,0.0,10,0.0,traditional,blur,7,834,Polistes humilis
41,0.0,0.0,10,0.0,traditional,blur,7,858,Achyra rantalis
42,0.1,0.0,10,0.1,traditional,blur,7,860,Agriphila tristella
43,0.3,0.0,10,0.3,traditional,blur,7,863,Anania funebris
44,0.0,0.0,10,0.0,traditional,blur,7,878,Desmia funeralis
45,0.1,0.0,10,0.1,traditional,blur,7,901,Lineodes integra
46,0.1,0.2,10,-0.1,traditional,blur,7,907,Microtheoris vibicalis
47,0.0,0.0,10,0.0,traditional,blur,7,950,Agonopterix alstroemeriana
48,0.1,0.0,10,0.1,traditional,blur,7,976,Arctia caja
49,0.2,0.0,10,0.2,traditional,blur,7,1062,Idia lubricalis
50,0.0,0.0,10,0.0,traditional,blur,7,1068,Lithosia quadra
51,0.0,0.1,10,-0.1,traditional,blur,7,1074,Lymantria dispar
52,0.0,0.0,10,0.0,traditional,blur,7,1152,Anticlea vasiliata
53,0.2,0.0,10,0.2,traditional,blur,7,1154,Arhodia lasiocamparia
54,0.3,0.0,10,0.3,traditional,blur,7,1155,Besma quercivoraria
55,0.0,0.0,10,0.0,traditional,blur,7,1157,Cabera erythemaria
56,0.1,0.0,10,0.1,traditional,blur,7,1210,Eubaphe mendica
57,0.0,0.0,10,0.0,traditional,blur,7,1230,Hypagyrtis unipunctata
58,0.2,0.0,10,0.2,traditional,blur,7,1242,Ilexia intractata
59,0.2,0.0,10,0.2,traditional,blur,7,1244,Iridopsis larvaria
60,0.1,0.0,10,0.1,traditional,blur,7,1255,Macaria aemulataria
61,0.3,0.3,10,0.0,traditional,blur,7,1278,Opisthograptis luteolata
62,0.1,0.0,10,0.1,traditional,blur,7,1293,Plagodis pulveraria
63,0.1,0.0,10,0.1,traditional,blur,7,1387,Oligoria maculata
64,0.0,0.0,10,0.0,traditional,blur,7,1425,Trabala vishnou
65,0.3,0.0,10,0.3,traditional,blur,7,1471,Eooxylides tharis
66,0.1,0.0,10,0.1,traditional,blur,7,1481,Heliophorus ila
67,0.0,0.0,10,0.0,traditional,blur,7,1485,Icaricia icarioides
68,0.0,0.0,10,0.0,traditional,blur,7,1501,Lycaena helloides
69,0.2,0.0,10,0.2,traditional,blur,7,1516,Plebejus samuelis
70,0.1,0.0,10,0.1,traditional,blur,7,1525,Satyrium behrii
71,0.0,0.0,10,0.0,traditional,blur,7,1536,Strymon melinus
72,0.2,0.0,10,0.2,traditional,blur,7,1566,Agrotis munda
73,0.2,0.0,10,0.2,traditional,blur,7,1576,Anaplectoides prasina
74,0.1,0.0,10,0.1,traditional,blur,7,1603,Copivaleria grotei
75,0.2,0.0,10,0.2,traditional,blur,7,1606,Cosmodes elegans
76,0.1,0.0,10,0.1,traditional,blur,7,1632,Helicoverpa armigera
77,0.0,0.0,10,0.0,traditional,blur,7,1634,Hemieuxoa rudens
78,0.0,0.0,10,0.0,traditional,blur,7,1658,Morrisonia confusa
79,0.1,0.0,10,0.1,traditional,blur,7,1669,Ochropleura implecta
80,0.0,0.1,10,-0.1,traditional,blur,7,1713,Tarache aprica
81,0.1,0.2,10,-0.1,traditional,blur,7,1732,Clostera apicalis
82,0.2,0.0,10,0.2,traditional,blur,7,1788,Ariadne ariadne
83,0.2,0.0,10,0.2,traditional,blur,7,1875,Hipparchia statilinus
84,0.2,0.0,10,0.2,traditional,blur,7,1907,Limenitis archippus
85,0.0,0.0,10,0.0,traditional,blur,7,1910,Limenitis lorquini
86,0.0,0.0,10,0.0,traditional,blur,7,1932,Morpho helenor
87,0.0,0.0,10,0.0,traditional,blur,7,1938,Nymphalis antiopa
88,0.4,0.0,10,0.4,traditional,blur,7,1944,Parantica aglea
89,0.0,0.0,10,0.0,traditional,blur,7,1955,Polygonia c-album
90,0.1,0.0,10,0.1,traditional,blur,7,1958,Polygonia faunus
91,0.5,0.0,10,0.5,traditional,blur,7,1979,Texola elada
92,0.0,0.0,10,0.0,traditional,blur,7,1983,Vanessa annabella
93,0.3,0.0,10,0.3,traditional,blur,7,2034,Papilio thoas
94,0.0,0.0,10,0.0,traditional,blur,7,2035,Papilio troilus
95,0.0,0.0,10,0.0,traditional,blur,7,2047,Anteos maerula
96,0.2,0.0,10,0.2,traditional,blur,7,2061,Catopsilia pyranthe
97,0.0,0.0,10,0.0,traditional,blur,7,2100,Pontia edusa
98,0.3,0.0,10,0.3,traditional,blur,7,2114,Aglossa pinguinalis
99,0.1,0.0,10,0.1,traditional,blur,7,2121,Endotricha pyrosalis
100,0.2,0.0,10,0.2,traditional,blur,7,2129,Moodna ostrinella
101,0.0,0.0,10,0.0,traditional,blur,7,2242,Clepsis persicana
102,0.0,0.0,10,0.0,traditional,blur,7,2300,Dicromantispa interrupta
103,0.2,0.0,10,0.2,traditional,blur,7,2340,Agriocnemis femina
104,0.0,0.0,10,0.0,traditional,blur,7,2375,Enallagma geminatum
105,0.1,0.0,10,0.1,traditional,blur,7,2385,Ischnura denticollis
106,0.2,0.0,10,0.2,traditional,blur,7,2404,Cordulegaster diastatops
107,0.2,0.0,10,0.2,traditional,blur,7,2408,Cordulia aenea
108,0.1,0.0,10,0.1,traditional,blur,7,2414,Epitheca princeps
109,0.3,0.0,10,0.3,traditional,blur,7,2418,Somatochlora tenebrosa
110,0.1,0.0,10,0.1,traditional,blur,7,2424,Arigomphus villosipes
111,0.0,0.0,10,0.0,traditional,blur,7,2430,Gomphurus vastus
112,0.2,0.0,10,0.2,traditional,blur,7,2450,Lestes alacer
113,0.1,0.0,10,0.1,traditional,blur,7,2458,Lestes inaequalis
114,0.0,0.0,10,0.0,traditional,blur,7,2501,Leucorrhinia intacta
115,0.1,0.0,10,0.1,traditional,blur,7,2502,Leucorrhinia proxima
116,0.0,0.0,10,0.0,traditional,blur,7,2569,Sympetrum obtrusum
117,0.0,0.0,10,0.0,traditional,blur,7,2581,Trithemis annulata
118,0.1,0.0,10,0.1,traditional,blur,7,2585,Trithemis kirbyi
119,0.0,0.0,10,0.0,traditional,blur,7,2593,Nososticta solida
120,0.0,0.0,10,0.0,traditional,blur,7,2661,Taeniopoda eques
121,0.0,0.0,10,0.0,traditional,blur,7,2691,Tettigonia viridissima
122,0.0,0.0,10,0.0,traditional,blur,7,2692,Phyllopalpus pulchellus
123,0.0,0.0,10,0.0,traditional,blur,7,2704,Cancer borealis
124,0.0,0.0,10,0.0,traditional,blur,7,2712,Pugettia producta
125,0.1,0.0,10,0.1,traditional,blur,7,2721,Emerita talpoida
126,0.4,0.0,10,0.4,traditional,blur,7,2737,Arenaeus cribrarius
127,0.1,0.0,10,0.1,traditional,blur,7,2739,Aratus pisonii
128,0.1,0.0,10,0.1,traditional,blur,7,2769,Pimephales notatus
129,0.2,0.0,10,0.2,traditional,blur,7,2785,Gobiesox maeandricus
130,0.2,0.0,10,0.2,traditional,blur,7,2807,Micropterus dolomieu
131,0.0,0.0,10,0.0,traditional,blur,7,2815,Cheilodactylus vestitus
132,0.1,0.0,10,0.1,traditional,blur,7,2823,Girella nigricans
133,0.0,0.0,10,0.0,traditional,blur,7,2826,Neogobius melanostomus
134,0.3,0.0,10,0.3,traditional,blur,7,2843,Thalassoma bifasciatum
135,0.2,0.0,10,0.2,traditional,blur,7,2875,Scarus ghobban
136,0.0,0.0,10,0.0,traditional,blur,7,2915,Aulostomus chinensis
137,0.1,0.1,10,0.0,traditional,blur,7,2927,Diodon hystrix
138,0.1,0.0,10,0.1,traditional,blur,7,2941,Bombina variegata
139,0.0,0.0,10,0.0,traditional,blur,7,2951,Bufo bankorensis
140,0.0,0.0,10,0.0,traditional,blur,7,2974,Dendrobates auratus
141,0.3,0.0,10,0.3,traditional,blur,7,2982,Boana rosenbergi
142,0.1,0.0,10,0.1,traditional,blur,7,3026,Lithobates blairi
143,0.0,0.0,10,0.0,traditional,blur,7,3038,Pelophylax ridibundus
144,0.0,0.0,10,0.0,traditional,blur,7,3054,Scaphiopus couchii
145,0.0,0.0,10,0.0,traditional,blur,7,3094,Plethodon serratus
146,0.1,0.2,10,-0.1,traditional,blur,7,3135,Buteo swainsoni
147,0.1,0.1,10,0.0,traditional,blur,7,3147,Circus pygargus
148,0.2,0.2,10,0.0,traditional,blur,7,3160,Haliaeetus albicilla
149,0.3,0.1,10,0.19999999999999998,traditional,blur,7,3168,Ictinia plumbea
150,0.0,0.0,10,0.0,traditional,blur,7,3200,Anas gracilis
151,0.0,0.0,10,0.0,traditional,blur,7,3206,Anas zonorhyncha
152,0.0,0.1,10,-0.1,traditional,blur,7,3242,Cygnus cygnus
153,0.0,0.0,10,0.0,traditional,blur,7,3297,Podargus strigoides
154,0.2,0.1,10,0.1,traditional,blur,7,3341,Cerorhinca monocerata
155,0.0,0.0,10,0.0,traditional,blur,7,3342,Fratercula arctica
156,0.0,0.0,10,0.0,traditional,blur,7,3346,Burhinus grallarius
157,0.1,0.0,10,0.1,traditional,blur,7,3352,Charadrius hiaticula
158,0.1,0.0,10,0.1,traditional,blur,7,3402,Chroicocephalus ridibundus
159,0.3,0.0,10,0.3,traditional,blur,7,3479,Numenius americanus
160,0.1,0.0,10,0.1,traditional,blur,7,3502,Ciconia ciconia
161,0.0,0.0,10,0.0,traditional,blur,7,3534,Streptopelia capicola
162,0.0,0.0,10,0.0,traditional,blur,7,3617,Penelope obscura
163,0.0,0.0,10,0.0,traditional,blur,7,3621,Callipepla californica
164,0.0,0.1,10,-0.1,traditional,blur,7,3647,Anthropoides virgo
165,0.0,0.0,10,0.0,traditional,blur,7,3727,Spiza americana
166,0.0,0.0,10,0.0,traditional,blur,7,3755,Corvus frugilegus
167,0.0,0.0,10,0.0,traditional,blur,7,3767,Dendrocitta formosae
168,0.0,0.0,10,0.0,traditional,blur,7,3776,Pica serica
169,0.0,0.0,10,0.0,traditional,blur,7,3792,Emberiza hortulana
170,0.0,0.0,10,0.0,traditional,blur,7,3800,Lonchura punctulata
171,0.2,0.0,10,0.2,traditional,blur,7,3814,Coccothraustes coccothraustes
172,0.0,0.3,10,-0.3,traditional,blur,7,3848,Hirundo neoxena
173,0.0,0.0,10,0.0,traditional,blur,7,3859,Riparia riparia
174,0.0,0.0,10,0.0,traditional,blur,7,3864,Tachycineta bicolor
175,0.0,0.0,10,0.0,traditional,blur,7,3870,Cassiculus melanicterus
176,0.0,0.0,10,0.0,traditional,blur,7,3901,Quiscalus quiscula
177,0.0,0.0,10,0.0,traditional,blur,7,3922,Malurus splendens
178,0.0,0.0,10,0.0,traditional,blur,7,3946,Oreoscoptes montanus
179,0.0,0.0,10,0.0,traditional,blur,7,3958,Anthus hodgsoni
180,0.1,0.0,10,0.1,traditional,blur,7,3971,Motacilla citreola
181,0.0,0.0,10,0.0,traditional,blur,7,3972,Motacilla flava
182,0.0,0.0,10,0.0,traditional,blur,7,3976,Copsychus saularis
183,0.0,0.0,10,0.0,traditional,blur,7,3994,Phoenicurus ochruros
184,0.0,0.0,10,0.0,traditional,blur,7,3995,Phoenicurus phoenicurus
185,0.1,0.0,10,0.1,traditional,blur,7,3997,Saxicola maurus
186,0.1,0.0,10,0.1,traditional,blur,7,4021,Pachycephala pectoralis
187,0.0,0.0,10,0.0,traditional,blur,7,4027,Baeolophus bicolor
188,0.3,0.0,10,0.3,traditional,blur,7,4075,Setophaga graciae
189,0.0,0.0,10,0.0,traditional,blur,7,4114,Peucaea carpalis
190,0.1,0.0,10,0.1,traditional,blur,7,4139,Petroica australis
191,0.0,0.0,10,0.0,traditional,blur,7,4187,Sitta carolinensis
192,0.0,0.0,10,0.0,traditional,blur,7,4190,Sitta pygmaea
193,0.2,0.0,10,0.2,traditional,blur,7,4195,Cinnyricinclus leucogaster
194,0.0,0.0,10,0.0,traditional,blur,7,4221,Pipraeidea bonariensis
195,0.0,0.0,10,0.0,traditional,blur,7,4231,Sicalis luteola
196,0.1,0.0,10,0.1,traditional,blur,7,4241,Tangara arthus
197,0.1,0.0,10,0.1,traditional,blur,7,4245,Thraupis episcopus
198,0.0,0.0,10,0.0,traditional,blur,7,4250,Pachyramphus aglaiae
199,0.0,0.0,10,0.0,traditional,blur,7,4356,Ardea cinerea
200,0.0,0.0,10,0.0,traditional,blur,7,4363,Ardea purpurea
201,0.0,0.0,10,0.0,traditional,blur,7,4366,Ardeola ralloides
202,0.0,0.0,10,0.0,traditional,blur,7,4404,Platalea flavipes
203,0.0,0.0,10,0.0,traditional,blur,7,4405,Platalea leucorodia
204,0.0,0.0,10,0.0,traditional,blur,7,4407,Platalea regia
205,0.0,0.0,10,0.0,traditional,blur,7,4413,Threskiornis melanocephalus
206,0.1,0.0,10,0.1,traditional,blur,7,4422,Psilopogon haemacephalus
207,0.0,0.0,10,0.0,traditional,blur,7,4424,Campephilus guatemalensis
208,0.0,0.0,10,0.0,traditional,blur,7,4428,Colaptes campestris
209,0.0,0.0,10,0.0,traditional,blur,7,4472,Ramphastos toco
210,0.1,0.0,10,0.1,traditional,blur,7,4540,Aegolius acadicus
211,0.1,0.0,10,0.1,traditional,blur,7,4617,Alcelaphus buselaphus
212,0.1,0.0,10,0.1,traditional,blur,7,4624,Capra ibex
213,0.0,0.0,10,0.0,traditional,blur,7,4640,Tragelaphus angasii
214,0.1,0.0,10,0.1,traditional,blur,7,4665,Phacochoerus africanus
215,0.1,0.0,10,0.1,traditional,blur,7,4688,Crocuta crocuta
216,0.1,0.1,10,0.0,traditional,blur,7,4711,Halichoerus grypus
217,0.1,0.0,10,0.1,traditional,blur,7,4713,Mirounga leonina
218,0.0,0.0,10,0.0,traditional,blur,7,4722,Rhynchonycteris naso
219,0.3,0.3,10,0.0,traditional,blur,7,4766,Ornithorhynchus anatinus
220,0.0,0.0,10,0.0,traditional,blur,7,4769,Equus caballus
221,0.3,0.0,10,0.3,traditional,blur,7,4770,Equus quagga
222,0.0,0.0,10,0.0,traditional,blur,7,4782,Cercopithecus mitis
223,0.0,0.0,10,0.0,traditional,blur,7,4811,Hystrix africaeaustralis
224,0.3,0.0,10,0.3,traditional,blur,7,4823,Cynomys ludovicianus
225,0.0,0.0,10,0.0,traditional,blur,7,4826,Funambulus pennantii
226,0.1,0.0,10,0.1,traditional,blur,7,4829,Ictidomys tridecemlineatus
227,0.0,0.0,10,0.0,traditional,blur,7,4831,Marmota flaviventris
228,0.0,0.0,10,0.0,traditional,blur,7,4883,Elgaria multicarinata
229,0.3,0.0,10,0.3,traditional,blur,7,4885,Ophisaurus attenuatus
230,0.2,0.0,10,0.2,traditional,blur,7,4915,Hypsiglena jani
231,0.4,0.0,10,0.4,traditional,blur,7,4917,Imantodes cenchoa
232,0.1,0.0,10,0.1,traditional,blur,7,4939,Nerodia floridana
233,0.0,0.0,10,0.0,traditional,blur,7,4942,Nerodia taxispilota
234,0.0,0.0,10,0.0,traditional,blur,7,4947,Pantherophis emoryi
235,0.1,0.0,10,0.1,traditional,blur,7,4955,Regina grahamii
236,0.0,0.0,10,0.0,traditional,blur,7,4993,Anolis sagrei
237,0.1,0.0,10,0.1,traditional,blur,7,5065,Urosaurus ornatus
238,0.0,0.0,10,0.0,traditional,blur,7,5066,Uta stansburiana
239,0.0,0.0,10,0.0,traditional,blur,7,5086,Trachylepis striata
240,0.1,0.0,10,0.1,traditional,blur,7,5124,Sistrurus catenatus
241,0.0,0.0,10,0.0,traditional,blur,7,5150,Pseudemys texana
242,0.1,0.0,10,0.1,traditional,blur,7,5163,Gopherus agassizii
243,0.0,0.0,10,0.0,traditional,blur,7,5168,Testudo graeca
244,0.0,0.0,10,0.0,traditional,blur,7,5186,Metridium senile
245,0.0,0.0,10,0.0,traditional,blur,7,5193,Cyanea ferruginea
246,0.5,0.0,10,0.5,traditional,blur,7,5201,Pisaster giganteus
247,0.3,0.0,10,0.3,traditional,blur,7,5227,Cyrtopleura costata
248,0.1,0.1,10,0.0,traditional,blur,7,5279,Cominella adspersa
249,0.2,0.0,10,0.2,traditional,blur,7,5281,Kelletia kelletii
250,0.1,0.0,10,0.1,traditional,blur,7,5290,Tritia obsoleta
251,0.1,0.0,10,0.1,traditional,blur,7,5291,Americoliva sayana
252,0.2,0.0,10,0.2,traditional,blur,7,5309,Rostanga pulchra
253,0.3,0.0,10,0.3,traditional,blur,7,5326,Polycera atra
254,0.3,0.0,10,0.3,traditional,blur,7,5370,Laevicaulis alte
255,0.3,0.0,10,0.3,traditional,blur,7,5375,Tegula funebralis
256,0.4,0.0,10,0.4,traditional,blur,7,5396,Candelaria concolor
257,0.7,0.0,10,0.7,traditional,blur,7,5435,Dibaeis baeomyces
258,0.1,0.0,10,0.1,traditional,blur,7,5462,Sarcoscypha occidentalis
259,0.1,0.0,10,0.1,traditional,blur,7,5467,Nectria cinnabarina
260,0.3,0.0,10,0.3,traditional,blur,7,5481,Leucoagaricus leucothites
261,0.1,0.0,10,0.1,traditional,blur,7,5493,Amanita jacksonii
262,0.2,0.0,10,0.2,traditional,blur,7,5567,Coprinopsis variegata
263,0.3,0.0,10,0.3,traditional,blur,7,5570,Panaeolus foenisecii
264,0.0,0.0,10,0.0,traditional,blur,7,5574,Schizophyllum commune
265,0.2,0.0,10,0.2,traditional,blur,7,5576,Agrocybe praecox
266,0.1,0.0,10,0.1,traditional,blur,7,5580,Hypholoma lateritium
267,0.2,0.0,10,0.2,traditional,blur,7,5601,Imleria badia
268,0.6,0.0,10,0.6,traditional,blur,7,5613,Scleroderma citrinum
269,0.4,0.0,10,0.4,traditional,blur,7,5635,Inonotus obliquus
270,0.4,0.0,10,0.4,traditional,blur,7,5672,Climacodon septentrionalis
271,0.1,0.0,10,0.1,traditional,blur,7,5684,Lentinus arcularius
272,0.3,0.0,10,0.3,traditional,blur,7,5696,Sparassis spathulata
273,0.4,0.0,10,0.4,traditional,blur,7,5746,Pleurozium schreberi
274,0.4,0.0,10,0.4,traditional,blur,7,5765,Cladophora columbiana
275,0.5,0.0,10,0.5,traditional,blur,7,5768,Bazzania trilobata
276,0.1,0.0,10,0.1,traditional,blur,7,5779,Chondrus crispus
277,0.0,0.4,10,-0.4,traditional,blur,7,5820,Triantha glutinosa
278,0.5,0.0,10,0.5,traditional,blur,7,5826,Phoenix dactylifera
279,0.1,0.0,10,0.1,traditional,blur,7,5853,Habranthus tubispathus
280,0.3,0.0,10,0.3,traditional,blur,7,5875,Agave salmiana
281,0.3,0.0,10,0.3,traditional,blur,7,5879,Asparagus aethiopicus
282,0.2,0.0,10,0.2,traditional,blur,7,5883,Bloomeria crocea
283,0.4,0.0,10,0.4,traditional,blur,7,5917,Nolina parryi
284,0.1,0.0,10,0.1,traditional,blur,7,5953,Phormium tenax
285,0.1,0.0,10,0.1,traditional,blur,7,5957,Hypoxis hirsuta
286,0.0,0.0,10,0.0,traditional,blur,7,5992,Anacamptis coriophora
287,0.0,0.0,10,0.0,traditional,blur,7,6008,Corallorhiza mertensiana
288,0.2,0.0,10,0.2,traditional,blur,7,6009,Corallorhiza striata
289,0.0,0.0,10,0.0,traditional,blur,7,6049,Liparis loeselii
290,0.0,0.0,10,0.0,traditional,blur,7,6051,Neotinea tridentata
291,0.2,0.0,10,0.2,traditional,blur,7,6064,Ophrys tenthredinifera
292,0.3,0.0,10,0.3,traditional,blur,7,6117,Wachendorfia paniculata
293,0.1,0.0,10,0.1,traditional,blur,7,6229,Tillandsia utriculata
294,0.0,0.0,10,0.0,traditional,blur,7,6238,Carex digitata
295,0.0,0.0,10,0.0,traditional,blur,7,6239,Carex eburnea
296,0.0,0.0,10,0.0,traditional,blur,7,6242,Carex gracillima
297,0.3,0.0,10,0.3,traditional,blur,7,6246,Carex hystericina
298,0.0,0.2,10,-0.2,traditional,blur,7,6273,Carex vulpinoidea
299,0.1,0.0,10,0.1,traditional,blur,7,6277,Cyperus eragrostis
300,0.1,0.0,10,0.1,traditional,blur,7,6293,Schoenoplectus acutus
301,0.2,0.0,10,0.2,traditional,blur,7,6321,Ammophila breviligulata
302,0.1,0.0,10,0.1,traditional,blur,7,6366,Digitaria sanguinalis
303,0.1,0.0,10,0.1,traditional,blur,7,6382,Hordeum murinum
304,0.0,0.0,10,0.0,traditional,blur,7,6407,Paspalum dilatatum
305,0.1,0.0,10,0.1,traditional,blur,7,6409,Paspalum urvillei
306,0.5,0.0,10,0.5,traditional,blur,7,6432,Stipa pennata
307,0.0,0.0,10,0.0,traditional,blur,7,6447,Canna indica
308,0.3,0.0,10,0.3,traditional,blur,7,6458,Hedychium gardnerianum
309,0.0,0.0,10,0.0,traditional,blur,7,6496,Cicuta virosa
310,0.0,0.0,10,0.0,traditional,blur,7,6499,Cryptotaenia canadensis
311,0.4,0.0,10,0.4,traditional,blur,7,6551,Aralia racemosa
312,0.5,0.0,10,0.5,traditional,blur,7,6558,Hydrocotyle ranunculoides
313,0.2,0.0,10,0.2,traditional,blur,7,6589,Corokia cotoneaster
314,0.1,0.0,10,0.1,traditional,blur,7,6606,Ambrosia deltoidea
315,0.0,0.0,10,0.0,traditional,blur,7,6611,Anaphalioides bellidioides
316,0.1,0.0,10,0.1,traditional,blur,7,6638,Artemisia tridentata
317,0.0,0.0,10,0.0,traditional,blur,7,6656,Bidens bipinnata
318,0.1,0.0,10,0.1,traditional,blur,7,6672,Carduus pycnocephalus
319,0.3,0.0,10,0.3,traditional,blur,7,6714,Cirsium pitcheri
320,0.0,0.0,10,0.0,traditional,blur,7,6745,Dittrichia graveolens
321,0.2,0.0,10,0.2,traditional,blur,7,6747,Doellingeria umbellata
322,0.1,0.0,10,0.1,traditional,blur,7,6771,Erigeron canadensis
323,0.1,0.0,10,0.1,traditional,blur,7,6773,Erigeron foliosus
324,0.3,0.0,10,0.3,traditional,blur,7,6811,Gnaphalium uliginosum
325,0.1,0.0,10,0.1,traditional,blur,7,6815,Gutierrezia sarothrae
326,0.0,0.0,10,0.0,traditional,blur,7,6828,Helianthus maximiliani
327,0.0,0.0,10,0.0,traditional,blur,7,6850,Isocoma acradenia
328,0.2,0.0,10,0.2,traditional,blur,7,6892,Melampodium leucanthum
329,0.2,0.0,10,0.2,traditional,blur,7,6927,Perityle emoryi
330,0.0,0.0,10,0.0,traditional,blur,7,6938,Pinaropappus roseus
331,0.0,0.0,10,0.0,traditional,blur,7,6955,Pterocaulon pycnostachyum
332,0.1,0.0,10,0.1,traditional,blur,7,6963,Rudbeckia hirta
333,0.0,0.0,10,0.0,traditional,blur,7,6969,Senecio ampullaceus
334,0.0,0.0,10,0.0,traditional,blur,7,7004,Solidago rigida
335,0.0,0.0,10,0.0,traditional,blur,7,7013,Sonchus asper
336,0.2,0.0,10,0.2,traditional,blur,7,7024,Symphyotrichum lanceolatum
337,0.1,0.0,10,0.1,traditional,blur,7,7042,Tetraneuris scaposa
338,0.0,0.0,10,0.0,traditional,blur,7,7122,Menyanthes trifoliata
339,0.0,0.1,10,-0.1,traditional,blur,7,7171,Myosotis discolor
340,0.2,0.0,10,0.2,traditional,blur,7,7202,Pholistoma membranaceum
341,0.2,0.0,10,0.2,traditional,blur,7,7231,Cardamine californica
342,0.0,0.0,10,0.0,traditional,blur,7,7279,Streptanthus tortuosus
343,0.2,0.0,10,0.2,traditional,blur,7,7292,Floerkea proserpinacoides
344,0.1,0.0,10,0.1,traditional,blur,7,7305,Mesembryanthemum crystallinum
345,0.0,0.0,10,0.0,traditional,blur,7,7319,Atriplex prostrata
346,0.0,0.0,10,0.0,traditional,blur,7,7324,Celosia argentea
347,0.4,0.0,10,0.4,traditional,blur,7,7349,Cylindropuntia fulgida
348,0.1,0.0,10,0.1,traditional,blur,7,7355,Cylindropuntia thurberi
349,0.2,0.0,10,0.2,traditional,blur,7,7367,Echinocereus pentalophus
350,0.2,0.0,10,0.2,traditional,blur,7,7375,Escobaria vivipara
351,0.4,0.0,10,0.4,traditional,blur,7,7394,Opuntia basilaris
352,0.0,0.0,10,0.0,traditional,blur,7,7450,Silene dioica
353,0.1,0.0,10,0.1,traditional,blur,7,7477,Drosera intermedia
354,0.0,0.0,10,0.0,traditional,blur,7,7480,Drosera spatulata
355,0.2,0.0,10,0.2,traditional,blur,7,7576,Canotia holacantha
356,0.0,0.0,10,0.0,traditional,blur,7,7577,Celastrus orbiculatus
357,0.0,0.0,10,0.0,traditional,blur,7,7609,Hydrangea quercifolia
358,0.2,0.0,10,0.2,traditional,blur,7,7610,Philadelphus lewisii
359,0.1,0.0,10,0.1,traditional,blur,7,7616,Petalonyx thurberi
360,0.0,0.0,10,0.0,traditional,blur,7,7617,Nyssa sylvatica
361,0.1,0.0,10,0.1,traditional,blur,7,7634,Centranthus ruber
362,0.0,0.0,10,0.0,traditional,blur,7,7640,Leycesteria formosa
363,0.1,0.0,10,0.1,traditional,blur,7,7652,Lonicera sempervirens
364,0.1,0.0,10,0.1,traditional,blur,7,7713,Arctostaphylos uva-ursi
365,0.1,0.0,10,0.1,traditional,blur,7,7735,Erica imbricata
366,0.3,0.0,10,0.3,traditional,blur,7,7752,Leptecophylla tameiameiae
367,0.0,0.0,10,0.0,traditional,blur,7,7756,Lyonia lucida
368,0.1,0.0,10,0.1,traditional,blur,7,7785,Rhododendron periclymenoides
369,0.2,0.0,10,0.2,traditional,blur,7,7802,Xylococcus bicolor
370,0.2,0.0,10,0.2,traditional,blur,7,7819,Leptosiphon nuttallii
371,0.0,0.0,10,0.0,traditional,blur,7,7822,Linanthus dianthiflorus
372,0.1,0.0,10,0.1,traditional,blur,7,7831,Phlox hoodii
373,0.5,0.0,10,0.5,traditional,blur,7,7851,Lysimachia clethroides
374,0.1,0.0,10,0.1,traditional,blur,7,7858,Lysimachia quadriflora
375,0.0,0.0,10,0.0,traditional,blur,7,7889,Acacia cyclops
376,0.1,0.0,10,0.1,traditional,blur,7,7897,Acacia saligna
377,0.0,0.0,10,0.0,traditional,blur,7,7912,Astragalus crassicarpus
378,0.1,0.0,10,0.1,traditional,blur,7,7913,Astragalus danicus
379,0.3,0.0,10,0.3,traditional,blur,7,7918,Astragalus purshii
380,0.0,0.2,10,-0.2,traditional,blur,7,7944,Dalea aurea
381,0.3,0.0,10,0.3,traditional,blur,7,7950,Desmanthus illinoensis
382,0.0,0.0,10,0.0,traditional,blur,7,7958,Erythrostemon mexicanus
383,0.1,0.0,10,0.1,traditional,blur,7,7974,Hylodesmum glutinosum
384,0.0,0.0,10,0.0,traditional,blur,7,7989,Lespedeza capitata
385,0.1,0.0,10,0.1,traditional,blur,7,7994,Lotus corniculatus
386,0.0,0.0,10,0.0,traditional,blur,7,7995,Lotus pedunculatus
387,0.0,0.0,10,0.0,traditional,blur,7,8020,Medicago lupulina
388,0.0,0.0,10,0.0,traditional,blur,7,8028,Mimosa nuttallii
389,0.2,0.0,10,0.2,traditional,blur,7,8062,Senna armata
390,0.0,0.0,10,0.0,traditional,blur,7,8095,Trifolium lupinaster
391,0.1,0.0,10,0.1,traditional,blur,7,8106,Vachellia farnesiana
392,0.1,0.0,10,0.1,traditional,blur,7,8127,Polygala alba
393,0.0,0.0,10,0.0,traditional,blur,7,8154,Carpinus caroliniana
394,0.0,0.0,10,0.0,traditional,blur,7,8162,Chrysolepis chrysophylla
395,0.0,0.0,10,0.0,traditional,blur,7,8168,Quercus alba
396,0.1,0.0,10,0.1,traditional,blur,7,8171,Quercus buckleyi
397,0.0,0.0,10,0.0,traditional,blur,7,8189,Quercus laevis
398,0.0,0.0,10,0.0,traditional,blur,7,8190,Quercus lobata
399,0.0,0.0,10,0.0,traditional,blur,7,8196,Quercus nigra
400,0.0,0.0,10,0.0,traditional,blur,7,8214,Carya tomentosa
401,0.1,0.0,10,0.1,traditional,blur,7,8227,Garrya lindheimeri
402,0.0,0.0,10,0.0,traditional,blur,7,8235,Asclepias asperula
403,0.1,0.0,10,0.1,traditional,blur,7,8249,Asclepias oenotheroides
404,0.0,0.0,10,0.0,traditional,blur,7,8254,Asclepias subulata
405,0.0,0.0,10,0.0,traditional,blur,7,8267,Catharanthus roseus
406,0.3,0.0,10,0.3,traditional,blur,7,8283,Vinca minor
407,0.4,0.0,10,0.4,traditional,blur,7,8344,Galium triflorum
408,0.0,0.0,10,0.0,traditional,blur,7,8358,Paederia foetida
409,0.1,0.0,10,0.1,traditional,blur,7,8369,Erodium texanum
410,0.1,0.0,10,0.1,traditional,blur,7,8379,Geranium pratense
411,0.1,0.0,10,0.1,traditional,blur,7,8386,Geranium sibiricum
412,0.0,0.0,10,0.0,traditional,blur,7,8410,Thunbergia alata
413,0.6,0.0,10,0.6,traditional,blur,7,8419,Tabebuia rosea
414,0.0,0.0,10,0.0,traditional,blur,7,8437,Condea emoryi
415,0.3,0.0,10,0.3,traditional,blur,7,8453,Leonurus cardiaca
416,0.4,0.0,10,0.4,traditional,blur,7,8475,Origanum vulgare
417,0.0,0.0,10,0.0,traditional,blur,7,8477,Phlomoides tuberosa
418,0.1,0.0,10,0.1,traditional,blur,7,8492,Salvia mellifera
419,0.1,0.0,10,0.1,traditional,blur,7,8515,Teucrium canadense
420,0.0,0.0,10,0.0,traditional,blur,7,8587,Castilleja tenuiflora
421,0.0,0.0,10,0.0,traditional,blur,7,8593,Euphrasia nemorosa
422,0.0,0.0,10,0.0,traditional,blur,7,8594,Hyobanche sanguinea
423,0.0,0.0,10,0.0,traditional,blur,7,8607,Pedicularis groenlandica
424,0.0,0.0,10,0.0,traditional,blur,7,8641,Cymbalaria muralis
425,0.1,0.0,10,0.1,traditional,blur,7,8659,Penstemon centranthifolius
426,0.0,0.0,10,0.0,traditional,blur,7,8669,Penstemon procerus
427,0.0,0.0,10,0.0,traditional,blur,7,8675,Plantago erecta
428,0.0,0.0,10,0.0,traditional,blur,7,8678,Plantago maritima
429,0.0,0.0,10,0.0,traditional,blur,7,8688,Veronica anagallis-aquatica
430,0.0,0.0,10,0.0,traditional,blur,7,8693,Veronica filiformis
431,0.0,0.0,10,0.0,traditional,blur,7,8708,Buddleja cordata
432,0.0,0.0,10,0.0,traditional,blur,7,8717,Verbascum nigrum
433,0.2,0.0,10,0.2,traditional,blur,7,8750,Laurus nobilis
434,0.0,0.0,10,0.0,traditional,blur,7,8755,Hedycarya arborea
435,0.0,0.0,10,0.0,traditional,blur,7,8761,Magnolia grandiflora
436,0.1,0.0,10,0.1,traditional,blur,7,8763,Magnolia tripetala
437,0.0,0.1,10,-0.1,traditional,blur,7,8800,Euphorbia misera
438,0.0,0.0,10,0.0,traditional,blur,7,8810,Euphorbia serpillifolia
439,0.2,0.0,10,0.2,traditional,blur,7,8851,Turnera ulmifolia
440,0.1,0.0,10,0.1,traditional,blur,7,8852,Bischofia javanica
441,0.2,0.0,10,0.2,traditional,blur,7,8875,Salix laevigata
442,0.3,0.0,10,0.3,traditional,blur,7,8882,Melicytus alpinus
443,0.0,0.0,10,0.0,traditional,blur,7,8888,Viola blanda
444,0.0,0.0,10,0.0,traditional,blur,7,8917,Viola tricolor
445,0.0,0.0,10,0.0,traditional,blur,7,8920,Cistus albidus
446,0.1,0.0,10,0.1,traditional,blur,7,8936,Callirhoe pedata
447,0.0,0.0,10,0.0,traditional,blur,7,8946,Hibiscus moscheutos
448,0.1,0.0,10,0.1,traditional,blur,7,8949,Hibiscus tiliaceus
449,0.1,0.0,10,0.1,traditional,blur,7,8954,Malacothamnus fasciculatus
450,0.0,0.0,10,0.0,traditional,blur,7,9001,Lythrum hyssopifolia
451,0.0,0.0,10,0.0,traditional,blur,7,9021,Metrosideros umbellata
452,0.2,0.0,10,0.2,traditional,blur,7,9022,Myrtus communis
453,0.1,0.0,10,0.1,traditional,blur,7,9033,Circaea lutetiana
454,0.0,0.0,10,0.0,traditional,blur,7,9055,Ludwigia peruviana
455,0.0,0.0,10,0.0,traditional,blur,7,9063,Oenothera gaura
456,0.1,0.0,10,0.1,traditional,blur,7,9085,Nymphaea nouchali
457,0.1,0.0,10,0.1,traditional,blur,7,9099,Oxalis luteola
458,0.2,0.0,10,0.2,traditional,blur,7,9130,Leucadendron salignum
459,0.2,0.0,10,0.2,traditional,blur,7,9139,Protea repens
460,0.3,0.0,10,0.3,traditional,blur,7,9142,Berberis aquifolium
461,0.1,0.0,10,0.1,traditional,blur,7,9186,Papaver rhoeas
462,0.1,0.0,10,0.1,traditional,blur,7,9192,Stylophorum diphyllum
463,0.0,0.0,10,0.0,traditional,blur,7,9219,Aquilegia flavescens
464,0.1,0.0,10,0.1,traditional,blur,7,9230,Clematis occidentalis
465,0.0,0.0,10,0.0,traditional,blur,7,9256,Pulsatilla nuttalliana
466,0.1,0.0,10,0.1,traditional,blur,7,9288,Cannabis sativa
467,0.0,0.0,10,0.0,traditional,blur,7,9309,Ficus petiolaris
468,0.4,0.2,10,0.2,traditional,blur,7,9333,Ceanothus verrucosus
469,0.0,0.0,10,0.0,traditional,blur,7,9338,Frangula californica
470,0.1,0.0,10,0.1,traditional,blur,7,9404,Photinia serratifolia
471,0.1,0.0,10,0.1,traditional,blur,7,9444,Rosa bracteata
472,0.0,0.0,10,0.0,traditional,blur,7,9460,Rubus bifrons
473,0.0,0.0,10,0.0,traditional,blur,7,9468,Rubus laciniatus
474,0.1,0.0,10,0.1,traditional,blur,7,9476,Rubus saxatilis
475,0.0,0.0,10,0.0,traditional,blur,7,9499,Ulmus americana
476,0.0,0.0,10,0.0,traditional,blur,7,9541,Rhus typhina
477,0.0,0.0,10,0.0,traditional,blur,7,9573,Acer nigrum
478,0.1,0.0,10,0.1,traditional,blur,7,9584,Aesculus glabra
479,0.0,0.0,10,0.0,traditional,blur,7,9593,Ailanthus altissima
480,0.0,0.0,10,0.0,traditional,blur,7,9615,Sedum lanceolatum
481,0.0,0.0,10,0.0,traditional,blur,7,9636,Ribes rubrum
482,0.3,0.0,10,0.3,traditional,blur,7,9639,Ribes triste
483,0.1,0.0,10,0.1,traditional,blur,7,9644,Hamamelis virginiana
484,0.0,0.0,10,0.0,traditional,blur,7,9659,Micranthes californica
485,0.0,0.0,10,0.0,traditional,blur,7,9677,Calystegia sepium
486,0.3,0.0,10,0.3,traditional,blur,7,9776,Cupressus macrocarpa
487,0.2,0.0,10,0.2,traditional,blur,7,9786,Juniperus osteosperma
488,0.4,0.0,10,0.4,traditional,blur,7,9825,Pinus lambertiana
489,0.1,0.0,10,0.1,traditional,blur,7,9847,Tsuga mertensiana
490,0.0,0.0,10,0.0,traditional,blur,7,9855,Prumnopitys taxifolia
491,0.1,0.0,10,0.1,traditional,blur,7,9870,Equisetum pratense
492,0.4,0.0,10,0.4,traditional,blur,7,9907,Asplenium viride
493,0.0,0.0,10,0.0,traditional,blur,7,9912,Blechnum filiforme
494,0.3,0.0,10,0.3,traditional,blur,7,9920,Telmatoblechnum serrulatum
495,0.5,0.0,10,0.5,traditional,blur,7,9932,Pteridium aquilinum
496,0.4,0.0,10,0.4,traditional,blur,7,9955,Microsorum scandens
497,0.2,0.0,10,0.2,traditional,blur,7,9958,Pleopeltis michauxiana
498,0.2,0.0,10,0.2,traditional,blur,7,9965,Acrostichum danaeifolium
499,0.6,0.0,10,0.6,traditional,blur,7,9985,Pteris macilenta
0,0.1,0.1,10,0.0,traditional,jpeg,20,44,Trichonephila clavata
1,0.4,0.4,10,0.0,traditional,jpeg,20,46,Trichonephila edulis
2,0.2,0.3,10,-0.09999999999999998,traditional,jpeg,20,53,Badumna longinqua
3,0.2,0.3,10,-0.09999999999999998,traditional,jpeg,20,70,Dolomedes triton
4,0.1,0.1,10,0.0,traditional,jpeg,20,83,Lyssomanes viridis
5,0.1,0.2,10,-0.1,traditional,jpeg,20,89,Naphrys pulex
6,0.0,0.0,10,0.0,traditional,jpeg,20,109,Aphonopelma chalcodes
7,0.2,0.1,10,0.1,traditional,jpeg,20,110,Aphonopelma eutylenum
8,0.3,0.1,10,0.19999999999999998,traditional,jpeg,20,147,Leiobunum townsendi
9,0.5,0.6,10,-0.09999999999999998,traditional,jpeg,20,170,Pollicipes polymerus
10,0.0,0.0,10,0.0,traditional,jpeg,20,200,Cicindela campestris
11,0.3,0.4,10,-0.10000000000000003,traditional,jpeg,20,211,Cicindela scutellaris
12,0.1,0.1,10,0.0,traditional,jpeg,20,215,Harpalus rufipes
13,0.0,0.0,10,0.0,traditional,jpeg,20,246,Prionus laticollis
14,0.4,0.4,10,0.0,traditional,jpeg,20,261,Typocerus velutinus
15,0.0,0.0,10,0.0,traditional,jpeg,20,273,Chrysolina americana
16,0.0,0.1,10,-0.1,traditional,jpeg,20,279,Clytra laeviuscula
17,0.1,0.3,10,-0.19999999999999998,traditional,jpeg,20,286,Helocassis clavata
18,0.0,0.1,10,-0.1,traditional,jpeg,20,303,Adalia decempunctata
19,0.0,0.1,10,-0.1,traditional,jpeg,20,304,Anatis ocellata
20,0.1,0.1,10,0.0,traditional,jpeg,20,332,Psyllobora vigintiduopunctata
21,0.0,0.1,10,-0.1,traditional,jpeg,20,376,Callistethus marginatus
22,0.1,0.2,10,-0.1,traditional,jpeg,20,381,Dynastes tityus
23,0.0,0.0,10,0.0,traditional,jpeg,20,382,Euphoria basalis
24,0.0,0.0,10,0.0,traditional,jpeg,20,418,Zopherus nodulosus
25,0.0,0.0,10,0.0,traditional,jpeg,20,504,Tipula abdominalis
26,0.0,0.0,10,0.0,traditional,jpeg,20,525,Cercopis vulnerata
27,0.2,0.2,10,0.0,traditional,jpeg,20,529,Cuerna costalis
28,0.1,0.0,10,0.1,traditional,jpeg,20,562,Coreus marginatus
29,0.0,0.0,10,0.0,traditional,jpeg,20,573,Thasus neocalifornicus
30,0.0,0.0,10,0.0,traditional,jpeg,20,623,Euthyrhynchus floridanus
31,0.0,0.0,10,0.0,traditional,jpeg,20,652,Pselliopus barberi
32,0.0,0.0,10,0.0,traditional,jpeg,20,666,Scolypopa australis
33,0.0,0.0,10,0.0,traditional,jpeg,20,712,Xylocopa sonorina
34,0.0,0.0,10,0.0,traditional,jpeg,20,713,Xylocopa tabaniformis
35,0.0,0.0,10,0.0,traditional,jpeg,20,778,Halictus rubicundus
36,0.0,0.0,10,0.0,traditional,jpeg,20,791,Dasymutilla occidentalis
37,0.3,0.2,10,0.09999999999999998,traditional,jpeg,20,809,Myzinum quinquecinctum
38,0.0,0.0,10,0.0,traditional,jpeg,20,830,Polistes dominula
39,0.1,0.0,10,0.1,traditional,jpeg,20,832,Polistes exclamans
40,0.0,0.1,10,-0.1,traditional,jpeg,20,834,Polistes humilis
41,0.0,0.0,10,0.0,traditional,jpeg,20,858,Achyra rantalis
42,0.1,0.1,10,0.0,traditional,jpeg,20,860,Agriphila tristella
43,0.3,0.2,10,0.09999999999999998,traditional,jpeg,20,863,Anania funebris
44,0.0,0.0,10,0.0,traditional,jpeg,20,878,Desmia funeralis
45,0.1,0.0,10,0.1,traditional,jpeg,20,901,Lineodes integra
46,0.1,0.2,10,-0.1,traditional,jpeg,20,907,Microtheoris vibicalis
47,0.0,0.0,10,0.0,traditional,jpeg,20,950,Agonopterix alstroemeriana
48,0.1,0.1,10,0.0,traditional,jpeg,20,976,Arctia caja
49,0.2,0.2,10,0.0,traditional,jpeg,20,1062,Idia lubricalis
50,0.0,0.0,10,0.0,traditional,jpeg,20,1068,Lithosia quadra
51,0.0,0.0,10,0.0,traditional,jpeg,20,1074,Lymantria dispar
52,0.0,0.0,10,0.0,traditional,jpeg,20,1152,Anticlea vasiliata
53,0.2,0.2,10,0.0,traditional,jpeg,20,1154,Arhodia lasiocamparia
54,0.3,0.1,10,0.19999999999999998,traditional,jpeg,20,1155,Besma quercivoraria
55,0.0,0.0,10,0.0,traditional,jpeg,20,1157,Cabera erythemaria
56,0.1,0.0,10,0.1,traditional,jpeg,20,1210,Eubaphe mendica
57,0.0,0.0,10,0.0,traditional,jpeg,20,1230,Hypagyrtis unipunctata
58,0.2,0.1,10,0.1,traditional,jpeg,20,1242,Ilexia intractata
59,0.2,0.2,10,0.0,traditional,jpeg,20,1244,Iridopsis larvaria
60,0.1,0.1,10,0.0,traditional,jpeg,20,1255,Macaria aemulataria
61,0.3,0.2,10,0.09999999999999998,traditional,jpeg,20,1278,Opisthograptis luteolata
62,0.1,0.3,10,-0.19999999999999998,traditional,jpeg,20,1293,Plagodis pulveraria
63,0.1,0.1,10,0.0,traditional,jpeg,20,1387,Oligoria maculata
64,0.0,0.0,10,0.0,traditional,jpeg,20,1425,Trabala vishnou
65,0.3,0.1,10,0.19999999999999998,traditional,jpeg,20,1471,Eooxylides tharis
66,0.1,0.0,10,0.1,traditional,jpeg,20,1481,Heliophorus ila
67,0.0,0.0,10,0.0,traditional,jpeg,20,1485,Icaricia icarioides
68,0.0,0.1,10,-0.1,traditional,jpeg,20,1501,Lycaena helloides
69,0.2,0.3,10,-0.09999999999999998,traditional,jpeg,20,1516,Plebejus samuelis
70,0.1,0.1,10,0.0,traditional,jpeg,20,1525,Satyrium behrii
71,0.0,0.0,10,0.0,traditional,jpeg,20,1536,Strymon melinus
72,0.2,0.0,10,0.2,traditional,jpeg,20,1566,Agrotis munda
73,0.2,0.2,10,0.0,traditional,jpeg,20,1576,Anaplectoides prasina
74,0.1,0.0,10,0.1,traditional,jpeg,20,1603,Copivaleria grotei
75,0.2,0.2,10,0.0,traditional,jpeg,20,1606,Cosmodes elegans
76,0.1,0.1,10,0.0,traditional,jpeg,20,1632,Helicoverpa armigera
77,0.0,0.1,10,-0.1,traditional,jpeg,20,1634,Hemieuxoa rudens
78,0.0,0.0,10,0.0,traditional,jpeg,20,1658,Morrisonia confusa
79,0.1,0.0,10,0.1,traditional,jpeg,20,1669,Ochropleura implecta
80,0.0,0.0,10,0.0,traditional,jpeg,20,1713,Tarache aprica
81,0.1,0.0,10,0.1,traditional,jpeg,20,1732,Clostera apicalis
82,0.2,0.2,10,0.0,traditional,jpeg,20,1788,Ariadne ariadne
83,0.2,0.2,10,0.0,traditional,jpeg,20,1875,Hipparchia statilinus
84,0.2,0.2,10,0.0,traditional,jpeg,20,1907,Limenitis archippus
85,0.0,0.1,10,-0.1,traditional,jpeg,20,1910,Limenitis lorquini
86,0.0,0.1,10,-0.1,traditional,jpeg,20,1932,Morpho helenor
87,0.0,0.0,10,0.0,traditional,jpeg,20,1938,Nymphalis antiopa
88,0.4,0.2,10,0.2,traditional,jpeg,20,1944,Parantica aglea
89,0.0,0.0,10,0.0,traditional,jpeg,20,1955,Polygonia c-album
90,0.1,0.1,10,0.0,traditional,jpeg,20,1958,Polygonia faunus
91,0.5,0.3,10,0.2,traditional,jpeg,20,1979,Texola elada
92,0.0,0.0,10,0.0,traditional,jpeg,20,1983,Vanessa annabella
93,0.3,0.3,10,0.0,traditional,jpeg,20,2034,Papilio thoas
94,0.0,0.0,10,0.0,traditional,jpeg,20,2035,Papilio troilus
95,0.0,0.0,10,0.0,traditional,jpeg,20,2047,Anteos maerula
96,0.2,0.1,10,0.1,traditional,jpeg,20,2061,Catopsilia pyranthe
97,0.0,0.0,10,0.0,traditional,jpeg,20,2100,Pontia edusa
98,0.3,0.1,10,0.19999999999999998,traditional,jpeg,20,2114,Aglossa pinguinalis
99,0.1,0.2,10,-0.1,traditional,jpeg,20,2121,Endotricha pyrosalis
100,0.2,0.1,10,0.1,traditional,jpeg,20,2129,Moodna ostrinella
101,0.0,0.1,10,-0.1,traditional,jpeg,20,2242,Clepsis persicana
102,0.0,0.0,10,0.0,traditional,jpeg,20,2300,Dicromantispa interrupta
103,0.2,0.1,10,0.1,traditional,jpeg,20,2340,Agriocnemis femina
104,0.0,0.1,10,-0.1,traditional,jpeg,20,2375,Enallagma geminatum
105,0.1,0.0,10,0.1,traditional,jpeg,20,2385,Ischnura denticollis
106,0.2,0.3,10,-0.09999999999999998,traditional,jpeg,20,2404,Cordulegaster diastatops
107,0.2,0.1,10,0.1,traditional,jpeg,20,2408,Cordulia aenea
108,0.1,0.0,10,0.1,traditional,jpeg,20,2414,Epitheca princeps
109,0.3,0.3,10,0.0,traditional,jpeg,20,2418,Somatochlora tenebrosa
110,0.1,0.1,10,0.0,traditional,jpeg,20,2424,Arigomphus villosipes
111,0.0,0.0,10,0.0,traditional,jpeg,20,2430,Gomphurus vastus
112,0.2,0.4,10,-0.2,traditional,jpeg,20,2450,Lestes alacer
113,0.1,0.0,10,0.1,traditional,jpeg,20,2458,Lestes inaequalis
114,0.0,0.0,10,0.0,traditional,jpeg,20,2501,Leucorrhinia intacta
115,0.1,0.0,10,0.1,traditional,jpeg,20,2502,Leucorrhinia proxima
116,0.0,0.0,10,0.0,traditional,jpeg,20,2569,Sympetrum obtrusum
117,0.0,0.0,10,0.0,traditional,jpeg,20,2581,Trithemis annulata
118,0.1,0.1,10,0.0,traditional,jpeg,20,2585,Trithemis kirbyi
119,0.0,0.2,10,-0.2,traditional,jpeg,20,2593,Nososticta solida
120,0.0,0.1,10,-0.1,traditional,jpeg,20,2661,Taeniopoda eques
121,0.0,0.0,10,0.0,traditional,jpeg,20,2691,Tettigonia viridissima
122,0.0,0.1,10,-0.1,traditional,jpeg,20,2692,Phyllopalpus pulchellus
123,0.0,0.0,10,0.0,traditional,jpeg,20,2704,Cancer borealis
124,0.0,0.0,10,0.0,traditional,jpeg,20,2712,Pugettia producta
125,0.1,0.0,10,0.1,traditional,jpeg,20,2721,Emerita talpoida
126,0.4,0.2,10,0.2,traditional,jpeg,20,2737,Arenaeus cribrarius
127,0.1,0.0,10,0.1,traditional,jpeg,20,2739,Aratus pisonii
128,0.1,0.0,10,0.1,traditional,jpeg,20,2769,Pimephales notatus
129,0.2,0.2,10,0.0,traditional,jpeg,20,2785,Gobiesox maeandricus
130,0.2,0.2,10,0.0,traditional,jpeg,20,2807,Micropterus dolomieu
131,0.0,0.0,10,0.0,traditional,jpeg,20,2815,Cheilodactylus vestitus
132,0.1,0.0,10,0.1,traditional,jpeg,20,2823,Girella nigricans
133,0.0,0.0,10,0.0,traditional,jpeg,20,2826,Neogobius melanostomus
134,0.3,0.3,10,0.0,traditional,jpeg,20,2843,Thalassoma bifasciatum
135,0.2,0.0,10,0.2,traditional,jpeg,20,2875,Scarus ghobban
136,0.0,0.0,10,0.0,traditional,jpeg,20,2915,Aulostomus chinensis
137,0.1,0.0,10,0.1,traditional,jpeg,20,2927,Diodon hystrix
138,0.1,0.0,10,0.1,traditional,jpeg,20,2941,Bombina variegata
139,0.0,0.0,10,0.0,traditional,jpeg,20,2951,Bufo bankorensis
140,0.0,0.0,10,0.0,traditional,jpeg,20,2974,Dendrobates auratus
141,0.3,0.2,10,0.09999999999999998,traditional,jpeg,20,2982,Boana rosenbergi
142,0.1,0.0,10,0.1,traditional,jpeg,20,3026,Lithobates blairi
143,0.0,0.0,10,0.0,traditional,jpeg,20,3038,Pelophylax ridibundus
144,0.0,0.0,10,0.0,traditional,jpeg,20,3054,Scaphiopus couchii
145,0.0,0.1,10,-0.1,traditional,jpeg,20,3094,Plethodon serratus
146,0.1,0.0,10,0.1,traditional,jpeg,20,3135,Buteo swainsoni
147,0.1,0.1,10,0.0,traditional,jpeg,20,3147,Circus pygargus
148,0.2,0.0,10,0.2,traditional,jpeg,20,3160,Haliaeetus albicilla
149,0.3,0.1,10,0.19999999999999998,traditional,jpeg,20,3168,Ictinia plumbea
150,0.0,0.0,10,0.0,traditional,jpeg,20,3200,Anas gracilis
151,0.0,0.0,10,0.0,traditional,jpeg,20,3206,Anas zonorhyncha
152,0.0,0.0,10,0.0,traditional,jpeg,20,3242,Cygnus cygnus
153,0.0,0.0,10,0.0,traditional,jpeg,20,3297,Podargus strigoides
154,0.2,0.1,10,0.1,traditional,jpeg,20,3341,Cerorhinca monocerata
155,0.0,0.0,10,0.0,traditional,jpeg,20,3342,Fratercula arctica
156,0.0,0.0,10,0.0,traditional,jpeg,20,3346,Burhinus grallarius
157,0.1,0.1,10,0.0,traditional,jpeg,20,3352,Charadrius hiaticula
158,0.1,0.0,10,0.1,traditional,jpeg,20,3402,Chroicocephalus ridibundus
159,0.3,0.4,10,-0.10000000000000003,traditional,jpeg,20,3479,Numenius americanus
160,0.1,0.1,10,0.0,traditional,jpeg,20,3502,Ciconia ciconia
161,0.0,0.0,10,0.0,traditional,jpeg,20,3534,Streptopelia capicola
162,0.0,0.0,10,0.0,traditional,jpeg,20,3617,Penelope obscura
163,0.0,0.0,10,0.0,traditional,jpeg,20,3621,Callipepla californica
164,0.0,0.0,10,0.0,traditional,jpeg,20,3647,Anthropoides virgo
165,0.0,0.0,10,0.0,traditional,jpeg,20,3727,Spiza americana
166,0.0,0.0,10,0.0,traditional,jpeg,20,3755,Corvus frugilegus
167,0.0,0.0,10,0.0,traditional,jpeg,20,3767,Dendrocitta formosae
168,0.0,0.0,10,0.0,traditional,jpeg,20,3776,Pica serica
169,0.0,0.0,10,0.0,traditional,jpeg,20,3792,Emberiza hortulana
170,0.0,0.0,10,0.0,traditional,jpeg,20,3800,Lonchura punctulata
171,0.2,0.1,10,0.1,traditional,jpeg,20,3814,Coccothraustes coccothraustes
172,0.0,0.0,10,0.0,traditional,jpeg,20,3848,Hirundo neoxena
173,0.0,0.1,10,-0.1,traditional,jpeg,20,3859,Riparia riparia
174,0.0,0.0,10,0.0,traditional,jpeg,20,3864,Tachycineta bicolor
175,0.0,0.0,10,0.0,traditional,jpeg,20,3870,Cassiculus melanicterus
176,0.0,0.0,10,0.0,traditional,jpeg,20,3901,Quiscalus quiscula
177,0.0,0.0,10,0.0,traditional,jpeg,20,3922,Malurus splendens
178,0.0,0.0,10,0.0,traditional,jpeg,20,3946,Oreoscoptes montanus
179,0.0,0.0,10,0.0,traditional,jpeg,20,3958,Anthus hodgsoni
180,0.1,0.0,10,0.1,traditional,jpeg,20,3971,Motacilla citreola
181,0.0,0.0,10,0.0,traditional,jpeg,20,3972,Motacilla flava
182,0.0,0.0,10,0.0,traditional,jpeg,20,3976,Copsychus saularis
183,0.0,0.0,10,0.0,traditional,jpeg,20,3994,Phoenicurus ochruros
184,0.0,0.0,10,0.0,traditional,jpeg,20,3995,Phoenicurus phoenicurus
185,0.1,0.0,10,0.1,traditional,jpeg,20,3997,Saxicola maurus
186,0.1,0.2,10,-0.1,traditional,jpeg,20,4021,Pachycephala pectoralis
187,0.0,0.1,10,-0.1,traditional,jpeg,20,4027,Baeolophus bicolor
188,0.3,0.4,10,-0.10000000000000003,traditional,jpeg,20,4075,Setophaga graciae
189,0.0,0.0,10,0.0,traditional,jpeg,20,4114,Peucaea carpalis
190,0.1,0.0,10,0.1,traditional,jpeg,20,4139,Petroica australis
191,0.0,0.0,10,0.0,traditional,jpeg,20,4187,Sitta carolinensis
192,0.0,0.0,10,0.0,traditional,jpeg,20,4190,Sitta pygmaea
193,0.2,0.0,10,0.2,traditional,jpeg,20,4195,Cinnyricinclus leucogaster
194,0.0,0.1,10,-0.1,traditional,jpeg,20,4221,Pipraeidea bonariensis
195,0.0,0.0,10,0.0,traditional,jpeg,20,4231,Sicalis luteola
196,0.1,0.1,10,0.0,traditional,jpeg,20,4241,Tangara arthus
197,0.1,0.0,10,0.1,traditional,jpeg,20,4245,Thraupis episcopus
198,0.0,0.0,10,0.0,traditional,jpeg,20,4250,Pachyramphus aglaiae
199,0.0,0.0,10,0.0,traditional,jpeg,20,4356,Ardea cinerea
200,0.0,0.0,10,0.0,traditional,jpeg,20,4363,Ardea purpurea
201,0.0,0.0,10,0.0,traditional,jpeg,20,4366,Ardeola ralloides
202,0.0,0.0,10,0.0,traditional,jpeg,20,4404,Platalea flavipes
203,0.0,0.0,10,0.0,traditional,jpeg,20,4405,Platalea leucorodia
204,0.0,0.1,10,-0.1,traditional,jpeg,20,4407,Platalea regia
205,0.0,0.0,10,0.0,traditional,jpeg,20,4413,Threskiornis melanocephalus
206,0.1,0.0,10,0.1,traditional,jpeg,20,4422,Psilopogon haemacephalus
207,0.0,0.0,10,0.0,traditional,jpeg,20,4424,Campephilus guatemalensis
208,0.0,0.0,10,0.0,traditional,jpeg,20,4428,Colaptes campestris
209,0.0,0.0,10,0.0,traditional,jpeg,20,4472,Ramphastos toco
210,0.1,0.0,10,0.1,traditional,jpeg,20,4540,Aegolius acadicus
211,0.1,0.1,10,0.0,traditional,jpeg,20,4617,Alcelaphus buselaphus
212,0.1,0.1,10,0.0,traditional,jpeg,20,4624,Capra ibex
213,0.0,0.1,10,-0.1,traditional,jpeg,20,4640,Tragelaphus angasii
214,0.1,0.2,10,-0.1,traditional,jpeg,20,4665,Phacochoerus africanus
215,0.1,0.2,10,-0.1,traditional,jpeg,20,4688,Crocuta crocuta
216,0.1,0.0,10,0.1,traditional,jpeg,20,4711,Halichoerus grypus
217,0.1,0.2,10,-0.1,traditional,jpeg,20,4713,Mirounga leonina
218,0.0,0.0,10,0.0,traditional,jpeg,20,4722,Rhynchonycteris naso
219,0.3,0.3,10,0.0,traditional,jpeg,20,4766,Ornithorhynchus anatinus
220,0.0,0.1,10,-0.1,traditional,jpeg,20,4769,Equus caballus
221,0.3,0.4,10,-0.10000000000000003,traditional,jpeg,20,4770,Equus quagga
222,0.0,0.1,10,-0.1,traditional,jpeg,20,4782,Cercopithecus mitis
223,0.0,0.0,10,0.0,traditional,jpeg,20,4811,Hystrix africaeaustralis
224,0.3,0.3,10,0.0,traditional,jpeg,20,4823,Cynomys ludovicianus
225,0.0,0.0,10,0.0,traditional,jpeg,20,4826,Funambulus pennantii
226,0.1,0.1,10,0.0,traditional,jpeg,20,4829,Ictidomys tridecemlineatus
227,0.0,0.1,10,-0.1,traditional,jpeg,20,4831,Marmota flaviventris
228,0.0,0.0,10,0.0,traditional,jpeg,20,4883,Elgaria multicarinata
229,0.3,0.2,10,0.09999999999999998,traditional,jpeg,20,4885,Ophisaurus attenuatus
230,0.2,0.1,10,0.1,traditional,jpeg,20,4915,Hypsiglena jani
231,0.4,0.2,10,0.2,traditional,jpeg,20,4917,Imantodes cenchoa
232,0.1,0.1,10,0.0,traditional,jpeg,20,4939,Nerodia floridana
233,0.0,0.0,10,0.0,traditional,jpeg,20,4942,Nerodia taxispilota
234,0.0,0.0,10,0.0,traditional,jpeg,20,4947,Pantherophis emoryi
235,0.1,0.1,10,0.0,traditional,jpeg,20,4955,Regina grahamii
236,0.0,0.0,10,0.0,traditional,jpeg,20,4993,Anolis sagrei
237,0.1,0.0,10,0.1,traditional,jpeg,20,5065,Urosaurus ornatus
238,0.0,0.0,10,0.0,traditional,jpeg,20,5066,Uta stansburiana
239,0.0,0.0,10,0.0,traditional,jpeg,20,5086,Trachylepis striata
240,0.1,0.0,10,0.1,traditional,jpeg,20,5124,Sistrurus catenatus
241,0.0,0.0,10,0.0,traditional,jpeg,20,5150,Pseudemys texana
242,0.1,0.1,10,0.0,traditional,jpeg,20,5163,Gopherus agassizii
243,0.0,0.0,10,0.0,traditional,jpeg,20,5168,Testudo graeca
244,0.0,0.0,10,0.0,traditional,jpeg,20,5186,Metridium senile
245,0.0,0.0,10,0.0,traditional,jpeg,20,5193,Cyanea ferruginea
246,0.5,0.6,10,-0.09999999999999998,traditional,jpeg,20,5201,Pisaster giganteus
247,0.3,0.3,10,0.0,traditional,jpeg,20,5227,Cyrtopleura costata
248,0.1,0.0,10,0.1,traditional,jpeg,20,5279,Cominella adspersa
249,0.2,0.2,10,0.0,traditional,jpeg,20,5281,Kelletia kelletii
250,0.1,0.0,10,0.1,traditional,jpeg,20,5290,Tritia obsoleta
251,0.1,0.1,10,0.0,traditional,jpeg,20,5291,Americoliva sayana
252,0.2,0.2,10,0.0,traditional,jpeg,20,5309,Rostanga pulchra
253,0.3,0.4,10,-0.10000000000000003,traditional,jpeg,20,5326,Polycera atra
254,0.3,0.2,10,0.09999999999999998,traditional,jpeg,20,5370,Laevicaulis alte
255,0.3,0.1,10,0.19999999999999998,traditional,jpeg,20,5375,Tegula funebralis
256,0.4,0.3,10,0.10000000000000003,traditional,jpeg,20,5396,Candelaria concolor
257,0.7,0.8,10,-0.10000000000000009,traditional,jpeg,20,5435,Dibaeis baeomyces
258,0.1,0.1,10,0.0,traditional,jpeg,20,5462,Sarcoscypha occidentalis
259,0.1,0.1,10,0.0,traditional,jpeg,20,5467,Nectria cinnabarina
260,0.3,0.2,10,0.09999999999999998,traditional,jpeg,20,5481,Leucoagaricus leucothites
261,0.1,0.2,10,-0.1,traditional,jpeg,20,5493,Amanita jacksonii
262,0.2,0.2,10,0.0,traditional,jpeg,20,5567,Coprinopsis variegata
263,0.3,0.1,10,0.19999999999999998,traditional,jpeg,20,5570,Panaeolus foenisecii
264,0.0,0.0,10,0.0,traditional,jpeg,20,5574,Schizophyllum commune
265,0.2,0.2,10,0.0,traditional,jpeg,20,5576,Agrocybe praecox
266,0.1,0.0,10,0.1,traditional,jpeg,20,5580,Hypholoma lateritium
267,0.2,0.0,10,0.2,traditional,jpeg,20,5601,Imleria badia
268,0.6,0.6,10,0.0,traditional,jpeg,20,5613,Scleroderma citrinum
269,0.4,0.5,10,-0.09999999999999998,traditional,jpeg,20,5635,Inonotus obliquus
270,0.4,0.3,10,0.10000000000000003,traditional,jpeg,20,5672,Climacodon septentrionalis
271,0.1,0.0,10,0.1,traditional,jpeg,20,5684,Lentinus arcularius
272,0.3,0.4,10,-0.10000000000000003,traditional,jpeg,20,5696,Sparassis spathulata
273,0.4,0.4,10,0.0,traditional,jpeg,20,5746,Pleurozium schreberi
274,0.4,0.3,10,0.10000000000000003,traditional,jpeg,20,5765,Cladophora columbiana
275,0.5,0.5,10,0.0,traditional,jpeg,20,5768,Bazzania trilobata
276,0.1,0.0,10,0.1,traditional,jpeg,20,5779,Chondrus crispus
277,0.0,0.0,10,0.0,traditional,jpeg,20,5820,Triantha glutinosa
278,0.5,0.3,10,0.2,traditional,jpeg,20,5826,Phoenix dactylifera
279,0.1,0.1,10,0.0,traditional,jpeg,20,5853,Habranthus tubispathus
280,0.3,0.2,10,0.09999999999999998,traditional,jpeg,20,5875,Agave salmiana
281,0.3,0.0,10,0.3,traditional,jpeg,20,5879,Asparagus aethiopicus
282,0.2,0.2,10,0.0,traditional,jpeg,20,5883,Bloomeria crocea
283,0.4,0.2,10,0.2,traditional,jpeg,20,5917,Nolina parryi
284,0.1,0.1,10,0.0,traditional,jpeg,20,5953,Phormium tenax
285,0.1,0.0,10,0.1,traditional,jpeg,20,5957,Hypoxis hirsuta
286,0.0,0.0,10,0.0,traditional,jpeg,20,5992,Anacamptis coriophora
287,0.0,0.0,10,0.0,traditional,jpeg,20,6008,Corallorhiza mertensiana
288,0.2,0.1,10,0.1,traditional,jpeg,20,6009,Corallorhiza striata
289,0.0,0.0,10,0.0,traditional,jpeg,20,6049,Liparis loeselii
290,0.0,0.0,10,0.0,traditional,jpeg,20,6051,Neotinea tridentata
291,0.2,0.2,10,0.0,traditional,jpeg,20,6064,Ophrys tenthredinifera
292,0.3,0.1,10,0.19999999999999998,traditional,jpeg,20,6117,Wachendorfia paniculata
293,0.1,0.2,10,-0.1,traditional,jpeg,20,6229,Tillandsia utriculata
294,0.0,0.0,10,0.0,traditional,jpeg,20,6238,Carex digitata
295,0.0,0.0,10,0.0,traditional,jpeg,20,6239,Carex eburnea
296,0.0,0.0,10,0.0,traditional,jpeg,20,6242,Carex gracillima
297,0.3,0.1,10,0.19999999999999998,traditional,jpeg,20,6246,Carex hystericina
298,0.0,0.0,10,0.0,traditional,jpeg,20,6273,Carex vulpinoidea
299,0.1,0.0,10,0.1,traditional,jpeg,20,6277,Cyperus eragrostis
300,0.1,0.2,10,-0.1,traditional,jpeg,20,6293,Schoenoplectus acutus
301,0.2,0.0,10,0.2,traditional,jpeg,20,6321,Ammophila breviligulata
302,0.1,0.0,10,0.1,traditional,jpeg,20,6366,Digitaria sanguinalis
303,0.1,0.1,10,0.0,traditional,jpeg,20,6382,Hordeum murinum
304,0.0,0.1,10,-0.1,traditional,jpeg,20,6407,Paspalum dilatatum
305,0.1,0.1,10,0.0,traditional,jpeg,20,6409,Paspalum urvillei
306,0.5,0.3,10,0.2,traditional,jpeg,20,6432,Stipa pennata
307,0.0,0.0,10,0.0,traditional,jpeg,20,6447,Canna indica
308,0.3,0.3,10,0.0,traditional,jpeg,20,6458,Hedychium gardnerianum
309,0.0,0.0,10,0.0,traditional,jpeg,20,6496,Cicuta virosa
310,0.0,0.2,10,-0.2,traditional,jpeg,20,6499,Cryptotaenia canadensis
311,0.4,0.4,10,0.0,traditional,jpeg,20,6551,Aralia racemosa
312,0.5,0.5,10,0.0,traditional,jpeg,20,6558,Hydrocotyle ranunculoides
313,0.2,0.2,10,0.0,traditional,jpeg,20,6589,Corokia cotoneaster
314,0.1,0.2,10,-0.1,traditional,jpeg,20,6606,Ambrosia deltoidea
315,0.0,0.0,10,0.0,traditional,jpeg,20,6611,Anaphalioides bellidioides
316,0.1,0.0,10,0.1,traditional,jpeg,20,6638,Artemisia tridentata
317,0.0,0.0,10,0.0,traditional,jpeg,20,6656,Bidens bipinnata
318,0.1,0.1,10,0.0,traditional,jpeg,20,6672,Carduus pycnocephalus
319,0.3,0.3,10,0.0,traditional,jpeg,20,6714,Cirsium pitcheri
320,0.0,0.0,10,0.0,traditional,jpeg,20,6745,Dittrichia graveolens
321,0.2,0.2,10,0.0,traditional,jpeg,20,6747,Doellingeria umbellata
322,0.1,0.1,10,0.0,traditional,jpeg,20,6771,Erigeron canadensis
323,0.1,0.0,10,0.1,traditional,jpeg,20,6773,Erigeron foliosus
324,0.3,0.0,10,0.3,traditional,jpeg,20,6811,Gnaphalium uliginosum
325,0.1,0.1,10,0.0,traditional,jpeg,20,6815,Gutierrezia sarothrae
326,0.0,0.0,10,0.0,traditional,jpeg,20,6828,Helianthus maximiliani
327,0.0,0.0,10,0.0,traditional,jpeg,20,6850,Isocoma acradenia
328,0.2,0.2,10,0.0,traditional,jpeg,20,6892,Melampodium leucanthum
329,0.2,0.2,10,0.0,traditional,jpeg,20,6927,Perityle emoryi
330,0.0,0.0,10,0.0,traditional,jpeg,20,6938,Pinaropappus roseus
331,0.0,0.0,10,0.0,traditional,jpeg,20,6955,Pterocaulon pycnostachyum
332,0.1,0.0,10,0.1,traditional,jpeg,20,6963,Rudbeckia hirta
333,0.0,0.0,10,0.0,traditional,jpeg,20,6969,Senecio ampullaceus
334,0.0,0.0,10,0.0,traditional,jpeg,20,7004,Solidago rigida
335,0.0,0.0,10,0.0,traditional,jpeg,20,7013,Sonchus asper
336,0.2,0.3,10,-0.09999999999999998,traditional,jpeg,20,7024,Symphyotrichum lanceolatum
337,0.1,0.0,10,0.1,traditional,jpeg,20,7042,Tetraneuris scaposa
338,0.0,0.0,10,0.0,traditional,jpeg,20,7122,Menyanthes trifoliata
339,0.0,0.1,10,-0.1,traditional,jpeg,20,7171,Myosotis discolor
340,0.2,0.2,10,0.0,traditional,jpeg,20,7202,Pholistoma membranaceum
341,0.2,0.2,10,0.0,traditional,jpeg,20,7231,Cardamine californica
342,0.0,0.0,10,0.0,traditional,jpeg,20,7279,Streptanthus tortuosus
343,0.2,0.1,10,0.1,traditional,jpeg,20,7292,Floerkea proserpinacoides
344,0.1,0.3,10,-0.19999999999999998,traditional,jpeg,20,7305,Mesembryanthemum crystallinum
345,0.0,0.0,10,0.0,traditional,jpeg,20,7319,Atriplex prostrata
346,0.0,0.0,10,0.0,traditional,jpeg,20,7324,Celosia argentea
347,0.4,0.3,10,0.10000000000000003,traditional,jpeg,20,7349,Cylindropuntia fulgida
348,0.1,0.1,10,0.0,traditional,jpeg,20,7355,Cylindropuntia thurberi
349,0.2,0.2,10,0.0,traditional,jpeg,20,7367,Echinocereus pentalophus
350,0.2,0.1,10,0.1,traditional,jpeg,20,7375,Escobaria vivipara
351,0.4,0.4,10,0.0,traditional,jpeg,20,7394,Opuntia basilaris
352,0.0,0.0,10,0.0,traditional,jpeg,20,7450,Silene dioica
353,0.1,0.0,10,0.1,traditional,jpeg,20,7477,Drosera intermedia
354,0.0,0.0,10,0.0,traditional,jpeg,20,7480,Drosera spatulata
355,0.2,0.0,10,0.2,traditional,jpeg,20,7576,Canotia holacantha
356,0.0,0.1,10,-0.1,traditional,jpeg,20,7577,Celastrus orbiculatus
357,0.0,0.0,10,0.0,traditional,jpeg,20,7609,Hydrangea quercifolia
358,0.2,0.1,10,0.1,traditional,jpeg,20,7610,Philadelphus lewisii
359,0.1,0.0,10,0.1,traditional,jpeg,20,7616,Petalonyx thurberi
360,0.0,0.0,10,0.0,traditional,jpeg,20,7617,Nyssa sylvatica
361,0.1,0.1,10,0.0,traditional,jpeg,20,7634,Centranthus ruber
362,0.0,0.0,10,0.0,traditional,jpeg,20,7640,Leycesteria formosa
363,0.1,0.0,10,0.1,traditional,jpeg,20,7652,Lonicera sempervirens
364,0.1,0.1,10,0.0,traditional,jpeg,20,7713,Arctostaphylos uva-ursi
365,0.1,0.2,10,-0.1,traditional,jpeg,20,7735,Erica imbricata
366,0.3,0.4,10,-0.10000000000000003,traditional,jpeg,20,7752,Leptecophylla tameiameiae
367,0.0,0.1,10,-0.1,traditional,jpeg,20,7756,Lyonia lucida
368,0.1,0.1,10,0.0,traditional,jpeg,20,7785,Rhododendron periclymenoides
369,0.2,0.3,10,-0.09999999999999998,traditional,jpeg,20,7802,Xylococcus bicolor
370,0.2,0.3,10,-0.09999999999999998,traditional,jpeg,20,7819,Leptosiphon nuttallii
371,0.0,0.0,10,0.0,traditional,jpeg,20,7822,Linanthus dianthiflorus
372,0.1,0.1,10,0.0,traditional,jpeg,20,7831,Phlox hoodii
373,0.5,0.2,10,0.3,traditional,jpeg,20,7851,Lysimachia clethroides
374,0.1,0.0,10,0.1,traditional,jpeg,20,7858,Lysimachia quadriflora
375,0.0,0.0,10,0.0,traditional,jpeg,20,7889,Acacia cyclops
376,0.1,0.0,10,0.1,traditional,jpeg,20,7897,Acacia saligna
377,0.0,0.0,10,0.0,traditional,jpeg,20,7912,Astragalus crassicarpus
378,0.1,0.0,10,0.1,traditional,jpeg,20,7913,Astragalus danicus
379,0.3,0.1,10,0.19999999999999998,traditional,jpeg,20,7918,Astragalus purshii
380,0.0,0.0,10,0.0,traditional,jpeg,20,7944,Dalea aurea
381,0.3,0.1,10,0.19999999999999998,traditional,jpeg,20,7950,Desmanthus illinoensis
382,0.0,0.1,10,-0.1,traditional,jpeg,20,7958,Erythrostemon mexicanus
383,0.1,0.1,10,0.0,traditional,jpeg,20,7974,Hylodesmum glutinosum
384,0.0,0.0,10,0.0,traditional,jpeg,20,7989,Lespedeza capitata
385,0.1,0.0,10,0.1,traditional,jpeg,20,7994,Lotus corniculatus
386,0.0,0.0,10,0.0,traditional,jpeg,20,7995,Lotus pedunculatus
387,0.0,0.1,10,-0.1,traditional,jpeg,20,8020,Medicago lupulina
388,0.0,0.0,10,0.0,traditional,jpeg,20,8028,Mimosa nuttallii
389,0.2,0.0,10,0.2,traditional,jpeg,20,8062,Senna armata
390,0.0,0.0,10,0.0,traditional,jpeg,20,8095,Trifolium lupinaster
391,0.1,0.2,10,-0.1,traditional,jpeg,20,8106,Vachellia farnesiana
392,0.1,0.0,10,0.1,traditional,jpeg,20,8127,Polygala alba
393,0.0,0.0,10,0.0,traditional,jpeg,20,8154,Carpinus caroliniana
394,0.0,0.0,10,0.0,traditional,jpeg,20,8162,Chrysolepis chrysophylla
395,0.0,0.0,10,0.0,traditional,jpeg,20,8168,Quercus alba
396,0.1,0.0,10,0.1,traditional,jpeg,20,8171,Quercus buckleyi
397,0.0,0.0,10,0.0,traditional,jpeg,20,8189,Quercus laevis
398,0.0,0.0,10,0.0,traditional,jpeg,20,8190,Quercus lobata
399,0.0,0.0,10,0.0,traditional,jpeg,20,8196,Quercus nigra
400,0.0,0.0,10,0.0,traditional,jpeg,20,8214,Carya tomentosa
401,0.1,0.1,10,0.0,traditional,jpeg,20,8227,Garrya lindheimeri
402,0.0,0.0,10,0.0,traditional,jpeg,20,8235,Asclepias asperula
403,0.1,0.2,10,-0.1,traditional,jpeg,20,8249,Asclepias oenotheroides
404,0.0,0.0,10,0.0,traditional,jpeg,20,8254,Asclepias subulata
405,0.0,0.0,10,0.0,traditional,jpeg,20,8267,Catharanthus roseus
406,0.3,0.2,10,0.09999999999999998,traditional,jpeg,20,8283,Vinca minor
407,0.4,0.5,10,-0.09999999999999998,traditional,jpeg,20,8344,Galium triflorum
408,0.0,0.0,10,0.0,traditional,jpeg,20,8358,Paederia foetida
409,0.1,0.1,10,0.0,traditional,jpeg,20,8369,Erodium texanum
410,0.1,0.0,10,0.1,traditional,jpeg,20,8379,Geranium pratense
411,0.1,0.0,10,0.1,traditional,jpeg,20,8386,Geranium sibiricum
412,0.0,0.1,10,-0.1,traditional,jpeg,20,8410,Thunbergia alata
413,0.6,0.5,10,0.09999999999999998,traditional,jpeg,20,8419,Tabebuia rosea
414,0.0,0.1,10,-0.1,traditional,jpeg,20,8437,Condea emoryi
415,0.3,0.3,10,0.0,traditional,jpeg,20,8453,Leonurus cardiaca
416,0.4,0.3,10,0.10000000000000003,traditional,jpeg,20,8475,Origanum vulgare
417,0.0,0.0,10,0.0,traditional,jpeg,20,8477,Phlomoides tuberosa
418,0.1,0.0,10,0.1,traditional,jpeg,20,8492,Salvia mellifera
419,0.1,0.0,10,0.1,traditional,jpeg,20,8515,Teucrium canadense
420,0.0,0.0,10,0.0,traditional,jpeg,20,8587,Castilleja tenuiflora
421,0.0,0.0,10,0.0,traditional,jpeg,20,8593,Euphrasia nemorosa
422,0.0,0.1,10,-0.1,traditional,jpeg,20,8594,Hyobanche sanguinea
423,0.0,0.0,10,0.0,traditional,jpeg,20,8607,Pedicularis groenlandica
424,0.0,0.1,10,-0.1,traditional,jpeg,20,8641,Cymbalaria muralis
425,0.1,0.0,10,0.1,traditional,jpeg,20,8659,Penstemon centranthifolius
426,0.0,0.0,10,0.0,traditional,jpeg,20,8669,Penstemon procerus
427,0.0,0.1,10,-0.1,traditional,jpeg,20,8675,Plantago erecta
428,0.0,0.0,10,0.0,traditional,jpeg,20,8678,Plantago maritima
429,0.0,0.0,10,0.0,traditional,jpeg,20,8688,Veronica anagallis-aquatica
430,0.0,0.0,10,0.0,traditional,jpeg,20,8693,Veronica filiformis
431,0.0,0.0,10,0.0,traditional,jpeg,20,8708,Buddleja cordata
432,0.0,0.0,10,0.0,traditional,jpeg,20,8717,Verbascum nigrum
433,0.2,0.2,10,0.0,traditional,jpeg,20,8750,Laurus nobilis
434,0.0,0.0,10,0.0,traditional,jpeg,20,8755,Hedycarya arborea
435,0.0,0.0,10,0.0,traditional,jpeg,20,8761,Magnolia grandiflora
436,0.1,0.1,10,0.0,traditional,jpeg,20,8763,Magnolia tripetala
437,0.0,0.0,10,0.0,traditional,jpeg,20,8800,Euphorbia misera
438,0.0,0.1,10,-0.1,traditional,jpeg,20,8810,Euphorbia serpillifolia
439,0.2,0.2,10,0.0,traditional,jpeg,20,8851,Turnera ulmifolia
440,0.1,0.1,10,0.0,traditional,jpeg,20,8852,Bischofia javanica
441,0.2,0.1,10,0.1,traditional,jpeg,20,8875,Salix laevigata
442,0.3,0.3,10,0.0,traditional,jpeg,20,8882,Melicytus alpinus
443,0.0,0.0,10,0.0,traditional,jpeg,20,8888,Viola blanda
444,0.0,0.0,10,0.0,traditional,jpeg,20,8917,Viola tricolor
445,0.0,0.0,10,0.0,traditional,jpeg,20,8920,Cistus albidus
446,0.1,0.0,10,0.1,traditional,jpeg,20,8936,Callirhoe pedata
447,0.0,0.0,10,0.0,traditional,jpeg,20,8946,Hibiscus moscheutos
448,0.1,0.1,10,0.0,traditional,jpeg,20,8949,Hibiscus tiliaceus
449,0.1,0.1,10,0.0,traditional,jpeg,20,8954,Malacothamnus fasciculatus
450,0.0,0.0,10,0.0,traditional,jpeg,20,9001,Lythrum hyssopifolia
451,0.0,0.0,10,0.0,traditional,jpeg,20,9021,Metrosideros umbellata
452,0.2,0.0,10,0.2,traditional,jpeg,20,9022,Myrtus communis
453,0.1,0.0,10,0.1,traditional,jpeg,20,9033,Circaea lutetiana
454,0.0,0.0,10,0.0,traditional,jpeg,20,9055,Ludwigia peruviana
455,0.0,0.0,10,0.0,traditional,jpeg,20,9063,Oenothera gaura
456,0.1,0.2,10,-0.1,traditional,jpeg,20,9085,Nymphaea nouchali
457,0.1,0.1,10,0.0,traditional,jpeg,20,9099,Oxalis luteola
458,0.2,0.0,10,0.2,traditional,jpeg,20,9130,Leucadendron salignum
459,0.2,0.3,10,-0.09999999999999998,traditional,jpeg,20,9139,Protea repens
460,0.3,0.1,10,0.19999999999999998,traditional,jpeg,20,9142,Berberis aquifolium
461,0.1,0.0,10,0.1,traditional,jpeg,20,9186,Papaver rhoeas
462,0.1,0.2,10,-0.1,traditional,jpeg,20,9192,Stylophorum diphyllum
463,0.0,0.0,10,0.0,traditional,jpeg,20,9219,Aquilegia flavescens
464,0.1,0.1,10,0.0,traditional,jpeg,20,9230,Clematis occidentalis
465,0.0,0.0,10,0.0,traditional,jpeg,20,9256,Pulsatilla nuttalliana
466,0.1,0.2,10,-0.1,traditional,jpeg,20,9288,Cannabis sativa
467,0.0,0.0,10,0.0,traditional,jpeg,20,9309,Ficus petiolaris
468,0.4,0.1,10,0.30000000000000004,traditional,jpeg,20,9333,Ceanothus verrucosus
469,0.0,0.0,10,0.0,traditional,jpeg,20,9338,Frangula californica
470,0.1,0.1,10,0.0,traditional,jpeg,20,9404,Photinia serratifolia
471,0.1,0.0,10,0.1,traditional,jpeg,20,9444,Rosa bracteata
472,0.0,0.0,10,0.0,traditional,jpeg,20,9460,Rubus bifrons
473,0.0,0.0,10,0.0,traditional,jpeg,20,9468,Rubus laciniatus
474,0.1,0.0,10,0.1,traditional,jpeg,20,9476,Rubus saxatilis
475,0.0,0.0,10,0.0,traditional,jpeg,20,9499,Ulmus americana
476,0.0,0.1,10,-0.1,traditional,jpeg,20,9541,Rhus typhina
477,0.0,0.0,10,0.0,traditional,jpeg,20,9573,Acer nigrum
478,0.1,0.0,10,0.1,traditional,jpeg,20,9584,Aesculus glabra
479,0.0,0.0,10,0.0,traditional,jpeg,20,9593,Ailanthus altissima
480,0.0,0.0,10,0.0,traditional,jpeg,20,9615,Sedum lanceolatum
481,0.0,0.1,10,-0.1,traditional,jpeg,20,9636,Ribes rubrum
482,0.3,0.1,10,0.19999999999999998,traditional,jpeg,20,9639,Ribes triste
483,0.1,0.0,10,0.1,traditional,jpeg,20,9644,Hamamelis virginiana
484,0.0,0.1,10,-0.1,traditional,jpeg,20,9659,Micranthes californica
485,0.0,0.1,10,-0.1,traditional,jpeg,20,9677,Calystegia sepium
486,0.3,0.2,10,0.09999999999999998,traditional,jpeg,20,9776,Cupressus macrocarpa
487,0.2,0.1,10,0.1,traditional,jpeg,20,9786,Juniperus osteosperma
488,0.4,0.2,10,0.2,traditional,jpeg,20,9825,Pinus lambertiana
489,0.1,0.1,10,0.0,traditional,jpeg,20,9847,Tsuga mertensiana
490,0.0,0.0,10,0.0,traditional,jpeg,20,9855,Prumnopitys taxifolia
491,0.1,0.0,10,0.1,traditional,jpeg,20,9870,Equisetum pratense
492,0.4,0.6,10,-0.19999999999999996,traditional,jpeg,20,9907,Asplenium viride
493,0.0,0.0,10,0.0,traditional,jpeg,20,9912,Blechnum filiforme
494,0.3,0.3,10,0.0,traditional,jpeg,20,9920,Telmatoblechnum serrulatum
495,0.5,0.4,10,0.09999999999999998,traditional,jpeg,20,9932,Pteridium aquilinum
496,0.4,0.5,10,-0.09999999999999998,traditional,jpeg,20,9955,Microsorum scandens
497,0.2,0.1,10,0.1,traditional,jpeg,20,9958,Pleopeltis michauxiana
498,0.2,0.1,10,0.1,traditional,jpeg,20,9965,Acrostichum danaeifolium
499,0.6,0.7,10,-0.09999999999999998,traditional,jpeg,20,9985,Pteris macilenta
0,0.1,0.0,10,0.1,scratch,noise,0.2,44,Trichonephila clavata
1,0.5,0.2,10,0.3,scratch,noise,0.2,46,Trichonephila edulis
2,0.0,0.1,10,-0.1,scratch,noise,0.2,53,Badumna longinqua
3,0.0,0.0,10,0.0,scratch,noise,0.2,70,Dolomedes triton
4,0.1,0.0,10,0.1,scratch,noise,0.2,83,Lyssomanes viridis
5,0.1,0.0,10,0.1,scratch,noise,0.2,89,Naphrys pulex
6,0.2,0.0,10,0.2,scratch,noise,0.2,109,Aphonopelma chalcodes
7,0.1,0.0,10,0.1,scratch,noise,0.2,110,Aphonopelma eutylenum
8,0.0,0.0,10,0.0,scratch,noise,0.2,147,Leiobunum townsendi
9,0.5,0.3,10,0.2,scratch,noise,0.2,170,Pollicipes polymerus
10,0.6,0.1,10,0.5,scratch,noise,0.2,200,Cicindela campestris
11,0.5,0.3,10,0.2,scratch,noise,0.2,211,Cicindela scutellaris
12,0.5,0.1,10,0.4,scratch,noise,0.2,215,Harpalus rufipes
13,0.3,0.0,10,0.3,scratch,noise,0.2,246,Prionus laticollis
14,0.3,0.2,10,0.09999999999999998,scratch,noise,0.2,261,Typocerus velutinus
15,0.1,0.0,10,0.1,scratch,noise,0.2,273,Chrysolina americana
16,0.4,0.0,10,0.4,scratch,noise,0.2,279,Clytra laeviuscula
17,0.8,0.2,10,0.6000000000000001,scratch,noise,0.2,286,Helocassis clavata
18,0.2,0.1,10,0.1,scratch,noise,0.2,303,Adalia decempunctata
19,0.1,0.0,10,0.1,scratch,noise,0.2,304,Anatis ocellata
20,0.7,0.4,10,0.29999999999999993,scratch,noise,0.2,332,Psyllobora vigintiduopunctata
21,0.1,0.2,10,-0.1,scratch,noise,0.2,376,Callistethus marginatus
22,0.3,0.0,10,0.3,scratch,noise,0.2,381,Dynastes tityus
23,0.0,0.0,10,0.0,scratch,noise,0.2,382,Euphoria basalis
24,0.6,0.0,10,0.6,scratch,noise,0.2,418,Zopherus nodulosus
25,0.6,0.0,10,0.6,scratch,noise,0.2,504,Tipula abdominalis
26,0.7,0.7,10,0.0,scratch,noise,0.2,525,Cercopis vulnerata
27,0.1,0.1,10,0.0,scratch,noise,0.2,529,Cuerna costalis
28,0.4,0.0,10,0.4,scratch,noise,0.2,562,Coreus marginatus
29,0.3,0.1,10,0.19999999999999998,scratch,noise,0.2,573,Thasus neocalifornicus
30,0.3,0.3,10,0.0,scratch,noise,0.2,623,Euthyrhynchus floridanus
31,0.5,0.0,10,0.5,scratch,noise,0.2,652,Pselliopus barberi
32,0.1,0.0,10,0.1,scratch,noise,0.2,666,Scolypopa australis
33,0.0,0.0,10,0.0,scratch,noise,0.2,712,Xylocopa sonorina
34,0.0,0.0,10,0.0,scratch,noise,0.2,713,Xylocopa tabaniformis
35,0.1,0.1,10,0.0,scratch,noise,0.2,778,Halictus rubicundus
36,0.4,0.5,10,-0.09999999999999998,scratch,noise,0.2,791,Dasymutilla occidentalis
37,0.3,0.1,10,0.19999999999999998,scratch,noise,0.2,809,Myzinum quinquecinctum
38,0.1,0.0,10,0.1,scratch,noise,0.2,830,Polistes dominula
39,0.0,0.0,10,0.0,scratch,noise,0.2,832,Polistes exclamans
40,0.2,0.1,10,0.1,scratch,noise,0.2,834,Polistes humilis
41,0.3,0.1,10,0.19999999999999998,scratch,noise,0.2,858,Achyra rantalis
42,0.4,0.1,10,0.30000000000000004,scratch,noise,0.2,860,Agriphila tristella
43,0.6,0.5,10,0.09999999999999998,scratch,noise,0.2,863,Anania funebris
44,0.7,0.4,10,0.29999999999999993,scratch,noise,0.2,878,Desmia funeralis
45,0.4,0.2,10,0.2,scratch,noise,0.2,901,Lineodes integra
46,0.4,0.3,10,0.10000000000000003,scratch,noise,0.2,907,Microtheoris vibicalis
47,0.1,0.0,10,0.1,scratch,noise,0.2,950,Agonopterix alstroemeriana
48,0.1,0.0,10,0.1,scratch,noise,0.2,976,Arctia caja
49,0.2,0.2,10,0.0,scratch,noise,0.2,1062,Idia lubricalis
50,0.6,0.1,10,0.5,scratch,noise,0.2,1068,Lithosia quadra
51,0.0,0.0,10,0.0,scratch,noise,0.2,1074,Lymantria dispar
52,0.3,0.1,10,0.19999999999999998,scratch,noise,0.2,1152,Anticlea vasiliata
53,0.6,0.0,10,0.6,scratch,noise,0.2,1154,Arhodia lasiocamparia
54,0.2,0.0,10,0.2,scratch,noise,0.2,1155,Besma quercivoraria
55,0.4,0.0,10,0.4,scratch,noise,0.2,1157,Cabera erythemaria
56,0.4,0.2,10,0.2,scratch,noise,0.2,1210,Eubaphe mendica
57,0.0,0.0,10,0.0,scratch,noise,0.2,1230,Hypagyrtis unipunctata
58,0.5,0.2,10,0.3,scratch,noise,0.2,1242,Ilexia intractata
59,0.4,0.0,10,0.4,scratch,noise,0.2,1244,Iridopsis larvaria
60,0.1,0.0,10,0.1,scratch,noise,0.2,1255,Macaria aemulataria
61,1.0,0.4,10,0.6,scratch,noise,0.2,1278,Opisthograptis luteolata
62,0.4,0.3,10,0.10000000000000003,scratch,noise,0.2,1293,Plagodis pulveraria
63,0.5,0.0,10,0.5,scratch,noise,0.2,1387,Oligoria maculata
64,0.0,0.1,10,-0.1,scratch,noise,0.2,1425,Trabala vishnou
65,0.7,0.4,10,0.29999999999999993,scratch,noise,0.2,1471,Eooxylides tharis
66,0.4,0.2,10,0.2,scratch,noise,0.2,1481,Heliophorus ila
67,0.0,0.0,10,0.0,scratch,noise,0.2,1485,Icaricia icarioides
68,0.3,0.1,10,0.19999999999999998,scratch,noise,0.2,1501,Lycaena helloides
69,0.6,0.2,10,0.39999999999999997,scratch,noise,0.2,1516,Plebejus samuelis
70,0.4,0.0,10,0.4,scratch,noise,0.2,1525,Satyrium behrii
71,0.3,0.1,10,0.19999999999999998,scratch,noise,0.2,1536,Strymon melinus
72,0.3,0.0,10,0.3,scratch,noise,0.2,1566,Agrotis munda
73,0.7,0.3,10,0.39999999999999997,scratch,noise,0.2,1576,Anaplectoides prasina
74,0.6,0.0,10,0.6,scratch,noise,0.2,1603,Copivaleria grotei
75,0.8,0.7,10,0.10000000000000009,scratch,noise,0.2,1606,Cosmodes elegans
76,0.0,0.0,10,0.0,scratch,noise,0.2,1632,Helicoverpa armigera
77,0.4,0.0,10,0.4,scratch,noise,0.2,1634,Hemieuxoa rudens
78,0.3,0.0,10,0.3,scratch,noise,0.2,1658,Morrisonia confusa
79,0.4,0.0,10,0.4,scratch,noise,0.2,1669,Ochropleura implecta
80,0.1,0.0,10,0.1,scratch,noise,0.2,1713,Tarache aprica
81,0.2,0.0,10,0.2,scratch,noise,0.2,1732,Clostera apicalis
82,0.6,0.3,10,0.3,scratch,noise,0.2,1788,Ariadne ariadne
83,0.1,0.0,10,0.1,scratch,noise,0.2,1875,Hipparchia statilinus
84,0.4,0.4,10,0.0,scratch,noise,0.2,1907,Limenitis archippus
85,0.6,0.1,10,0.5,scratch,noise,0.2,1910,Limenitis lorquini
86,0.2,0.1,10,0.1,scratch,noise,0.2,1932,Morpho helenor
87,0.2,0.1,10,0.1,scratch,noise,0.2,1938,Nymphalis antiopa
88,0.7,0.4,10,0.29999999999999993,scratch,noise,0.2,1944,Parantica aglea
89,0.5,0.1,10,0.4,scratch,noise,0.2,1955,Polygonia c-album
90,0.4,0.3,10,0.10000000000000003,scratch,noise,0.2,1958,Polygonia faunus
91,0.8,0.4,10,0.4,scratch,noise,0.2,1979,Texola elada
92,0.6,0.4,10,0.19999999999999996,scratch,noise,0.2,1983,Vanessa annabella
93,0.4,0.1,10,0.30000000000000004,scratch,noise,0.2,2034,Papilio thoas
94,0.0,0.0,10,0.0,scratch,noise,0.2,2035,Papilio troilus
95,0.5,0.0,10,0.5,scratch,noise,0.2,2047,Anteos maerula
96,0.2,0.0,10,0.2,scratch,noise,0.2,2061,Catopsilia pyranthe
97,0.1,0.0,10,0.1,scratch,noise,0.2,2100,Pontia edusa
98,0.2,0.0,10,0.2,scratch,noise,0.2,2114,Aglossa pinguinalis
99,0.4,0.2,10,0.2,scratch,noise,0.2,2121,Endotricha pyrosalis
100,0.5,0.2,10,0.3,scratch,noise,0.2,2129,Moodna ostrinella
101,0.1,0.2,10,-0.1,scratch,noise,0.2,2242,Clepsis persicana
102,0.1,0.0,10,0.1,scratch,noise,0.2,2300,Dicromantispa interrupta
103,0.7,0.0,10,0.7,scratch,noise,0.2,2340,Agriocnemis femina
104,0.8,0.5,10,0.30000000000000004,scratch,noise,0.2,2375,Enallagma geminatum
105,0.3,0.0,10,0.3,scratch,noise,0.2,2385,Ischnura denticollis
106,0.6,0.5,10,0.09999999999999998,scratch,noise,0.2,2404,Cordulegaster diastatops
107,0.3,0.2,10,0.09999999999999998,scratch,noise,0.2,2408,Cordulia aenea
108,0.0,0.0,10,0.0,scratch,noise,0.2,2414,Epitheca princeps
109,0.4,0.1,10,0.30000000000000004,scratch,noise,0.2,2418,Somatochlora tenebrosa
110,0.4,0.2,10,0.2,scratch,noise,0.2,2424,Arigomphus villosipes
111,0.5,0.1,10,0.4,scratch,noise,0.2,2430,Gomphurus vastus
112,0.4,0.1,10,0.30000000000000004,scratch,noise,0.2,2450,Lestes alacer
113,0.2,0.0,10,0.2,scratch,noise,0.2,2458,Lestes inaequalis
114,0.0,0.0,10,0.0,scratch,noise,0.2,2501,Leucorrhinia intacta
115,0.2,0.0,10,0.2,scratch,noise,0.2,2502,Leucorrhinia proxima
116,0.3,0.0,10,0.3,scratch,noise,0.2,2569,Sympetrum obtrusum
117,0.5,0.0,10,0.5,scratch,noise,0.2,2581,Trithemis annulata
118,0.6,0.4,10,0.19999999999999996,scratch,noise,0.2,2585,Trithemis kirbyi
119,0.5,0.0,10,0.5,scratch,noise,0.2,2593,Nososticta solida
120,0.5,0.6,10,-0.09999999999999998,scratch,noise,0.2,2661,Taeniopoda eques
121,0.2,0.0,10,0.2,scratch,noise,0.2,2691,Tettigonia viridissima
122,0.3,0.2,10,0.09999999999999998,scratch,noise,0.2,2692,Phyllopalpus pulchellus
123,0.2,0.0,10,0.2,scratch,noise,0.2,2704,Cancer borealis
124,0.1,0.0,10,0.1,scratch,noise,0.2,2712,Pugettia producta
125,0.3,0.0,10,0.3,scratch,noise,0.2,2721,Emerita talpoida
126,0.1,0.0,10,0.1,scratch,noise,0.2,2737,Arenaeus cribrarius
127,0.0,0.0,10,0.0,scratch,noise,0.2,2739,Aratus pisonii
128,0.0,0.0,10,0.0,scratch,noise,0.2,2769,Pimephales notatus
129,0.3,0.0,10,0.3,scratch,noise,0.2,2785,Gobiesox maeandricus
130,0.1,0.0,10,0.1,scratch,noise,0.2,2807,Micropterus dolomieu
131,0.4,0.5,10,-0.09999999999999998,scratch,noise,0.2,2815,Cheilodactylus vestitus
132,0.5,0.0,10,0.5,scratch,noise,0.2,2823,Girella nigricans
133,0.0,0.0,10,0.0,scratch,noise,0.2,2826,Neogobius melanostomus
134,0.4,0.1,10,0.30000000000000004,scratch,noise,0.2,2843,Thalassoma bifasciatum
135,0.5,0.6,10,-0.09999999999999998,scratch,noise,0.2,2875,Scarus ghobban
136,0.0,0.1,10,-0.1,scratch,noise,0.2,2915,Aulostomus chinensis
137,0.1,0.0,10,0.1,scratch,noise,0.2,2927,Diodon hystrix
138,0.0,0.0,10,0.0,scratch,noise,0.2,2941,Bombina variegata
139,0.1,0.0,10,0.1,scratch,noise,0.2,2951,Bufo bankorensis
140,0.6,0.5,10,0.09999999999999998,scratch,noise,0.2,2974,Dendrobates auratus
141,0.1,0.0,10,0.1,scratch,noise,0.2,2982,Boana rosenbergi
142,0.0,0.0,10,0.0,scratch,noise,0.2,3026,Lithobates blairi
143,0.3,0.2,10,0.09999999999999998,scratch,noise,0.2,3038,Pelophylax ridibundus
144,0.2,0.1,10,0.1,scratch,noise,0.2,3054,Scaphiopus couchii
145,0.0,0.0,10,0.0,scratch,noise,0.2,3094,Plethodon serratus
146,0.0,0.0,10,0.0,scratch,noise,0.2,3135,Buteo swainsoni
147,0.1,0.1,10,0.0,scratch,noise,0.2,3147,Circus pygargus
148,0.2,0.0,10,0.2,scratch,noise,0.2,3160,Haliaeetus albicilla
149,0.1,0.0,10,0.1,scratch,noise,0.2,3168,Ictinia plumbea
150,0.2,0.1,10,0.1,scratch,noise,0.2,3200,Anas gracilis
151,0.4,0.0,10,0.4,scratch,noise,0.2,3206,Anas zonorhyncha
152,0.3,0.0,10,0.3,scratch,noise,0.2,3242,Cygnus cygnus
153,0.1,0.0,10,0.1,scratch,noise,0.2,3297,Podargus strigoides
154,0.6,0.4,10,0.19999999999999996,scratch,noise,0.2,3341,Cerorhinca monocerata
155,0.4,0.1,10,0.30000000000000004,scratch,noise,0.2,3342,Fratercula arctica
156,0.1,0.0,10,0.1,scratch,noise,0.2,3346,Burhinus grallarius
157,0.4,0.1,10,0.30000000000000004,scratch,noise,0.2,3352,Charadrius hiaticula
158,0.0,0.0,10,0.0,scratch,noise,0.2,3402,Chroicocephalus ridibundus
159,0.2,0.0,10,0.2,scratch,noise,0.2,3479,Numenius americanus
160,0.0,0.0,10,0.0,scratch,noise,0.2,3502,Ciconia ciconia
161,0.1,0.1,10,0.0,scratch,noise,0.2,3534,Streptopelia capicola
162,0.5,0.2,10,0.3,scratch,noise,0.2,3617,Penelope obscura
163,0.0,0.0,10,0.0,scratch,noise,0.2,3621,Callipepla californica
164,0.3,0.1,10,0.19999999999999998,scratch,noise,0.2,3647,Anthropoides virgo
165,0.0,0.0,10,0.0,scratch,noise,0.2,3727,Spiza americana
166,0.3,0.2,10,0.09999999999999998,scratch,noise,0.2,3755,Corvus frugilegus
167,0.0,0.0,10,0.0,scratch,noise,0.2,3767,Dendrocitta formosae
168,0.0,0.0,10,0.0,scratch,noise,0.2,3776,Pica serica
169,0.2,0.0,10,0.2,scratch,noise,0.2,3792,Emberiza hortulana
170,0.1,0.1,10,0.0,scratch,noise,0.2,3800,Lonchura punctulata
171,0.0,0.1,10,-0.1,scratch,noise,0.2,3814,Coccothraustes coccothraustes
172,0.1,0.0,10,0.1,scratch,noise,0.2,3848,Hirundo neoxena
173,0.0,0.0,10,0.0,scratch,noise,0.2,3859,Riparia riparia
174,0.1,0.0,10,0.1,scratch,noise,0.2,3864,Tachycineta bicolor
175,0.1,0.1,10,0.0,scratch,noise,0.2,3870,Cassiculus melanicterus
176,0.0,0.0,10,0.0,scratch,noise,0.2,3901,Quiscalus quiscula
177,0.2,0.0,10,0.2,scratch,noise,0.2,3922,Malurus splendens
178,0.3,0.1,10,0.19999999999999998,scratch,noise,0.2,3946,Oreoscoptes montanus
179,0.3,0.1,10,0.19999999999999998,scratch,noise,0.2,3958,Anthus hodgsoni
180,0.3,0.0,10,0.3,scratch,noise,0.2,3971,Motacilla citreola
181,0.4,0.2,10,0.2,scratch,noise,0.2,3972,Motacilla flava
182,0.3,0.0,10,0.3,scratch,noise,0.2,3976,Copsychus saularis
183,0.0,0.0,10,0.0,scratch,noise,0.2,3994,Phoenicurus ochruros
184,0.1,0.0,10,0.1,scratch,noise,0.2,3995,Phoenicurus phoenicurus
185,0.3,0.1,10,0.19999999999999998,scratch,noise,0.2,3997,Saxicola maurus
186,0.2,0.1,10,0.1,scratch,noise,0.2,4021,Pachycephala pectoralis
187,0.1,0.0,10,0.1,scratch,noise,0.2,4027,Baeolophus bicolor
188,0.1,0.1,10,0.0,scratch,noise,0.2,4075,Setophaga graciae
189,0.0,0.0,10,0.0,scratch,noise,0.2,4114,Peucaea carpalis
190,0.2,0.2,10,0.0,scratch,noise,0.2,4139,Petroica australis
191,0.1,0.0,10,0.1,scratch,noise,0.2,4187,Sitta carolinensis
192,0.0,0.0,10,0.0,scratch,noise,0.2,4190,Sitta pygmaea
193,0.7,0.6,10,0.09999999999999998,scratch,noise,0.2,4195,Cinnyricinclus leucogaster
194,0.2,0.1,10,0.1,scratch,noise,0.2,4221,Pipraeidea bonariensis
195,0.2,0.0,10,0.2,scratch,noise,0.2,4231,Sicalis luteola
196,0.9,0.4,10,0.5,scratch,noise,0.2,4241,Tangara arthus
197,0.4,0.0,10,0.4,scratch,noise,0.2,4245,Thraupis episcopus
198,0.2,0.0,10,0.2,scratch,noise,0.2,4250,Pachyramphus aglaiae
199,0.0,0.1,10,-0.1,scratch,noise,0.2,4356,Ardea cinerea
200,0.1,0.1,10,0.0,scratch,noise,0.2,4363,Ardea purpurea
201,0.1,0.1,10,0.0,scratch,noise,0.2,4366,Ardeola ralloides
202,0.1,0.0,10,0.1,scratch,noise,0.2,4404,Platalea flavipes
203,0.0,0.0,10,0.0,scratch,noise,0.2,4405,Platalea leucorodia
204,0.3,0.1,10,0.19999999999999998,scratch,noise,0.2,4407,Platalea regia
205,0.1,0.0,10,0.1,scratch,noise,0.2,4413,Threskiornis melanocephalus
206,0.3,0.0,10,0.3,scratch,noise,0.2,4422,Psilopogon haemacephalus
207,0.5,0.0,10,0.5,scratch,noise,0.2,4424,Campephilus guatemalensis
208,0.3,0.1,10,0.19999999999999998,scratch,noise,0.2,4428,Colaptes campestris
209,0.5,0.3,10,0.2,scratch,noise,0.2,4472,Ramphastos toco
210,0.1,0.0,10,0.1,scratch,noise,0.2,4540,Aegolius acadicus
211,0.7,0.2,10,0.49999999999999994,scratch,noise,0.2,4617,Alcelaphus buselaphus
212,0.0,0.0,10,0.0,scratch,noise,0.2,4624,Capra ibex
213,0.2,0.3,10,-0.09999999999999998,scratch,noise,0.2,4640,Tragelaphus angasii
214,0.5,0.1,10,0.4,scratch,noise,0.2,4665,Phacochoerus africanus
215,0.1,0.0,10,0.1,scratch,noise,0.2,4688,Crocuta crocuta
216,0.3,0.1,10,0.19999999999999998,scratch,noise,0.2,4711,Halichoerus grypus
217,0.3,0.0,10,0.3,scratch,noise,0.2,4713,Mirounga leonina
218,0.2,0.0,10,0.2,scratch,noise,0.2,4722,Rhynchonycteris naso
219,0.4,0.0,10,0.4,scratch,noise,0.2,4766,Ornithorhynchus anatinus
220,0.2,0.1,10,0.1,scratch,noise,0.2,4769,Equus caballus
221,0.5,0.2,10,0.3,scratch,noise,0.2,4770,Equus quagga
222,0.3,0.1,10,0.19999999999999998,scratch,noise,0.2,4782,Cercopithecus mitis
223,0.3,0.0,10,0.3,scratch,noise,0.2,4811,Hystrix africaeaustralis
224,0.2,0.0,10,0.2,scratch,noise,0.2,4823,Cynomys ludovicianus
225,0.0,0.0,10,0.0,scratch,noise,0.2,4826,Funambulus pennantii
226,0.1,0.0,10,0.1,scratch,noise,0.2,4829,Ictidomys tridecemlineatus
227,0.1,0.0,10,0.1,scratch,noise,0.2,4831,Marmota flaviventris
228,0.0,0.0,10,0.0,scratch,noise,0.2,4883,Elgaria multicarinata
229,0.0,0.0,10,0.0,scratch,noise,0.2,4885,Ophisaurus attenuatus
230,0.0,0.0,10,0.0,scratch,noise,0.2,4915,Hypsiglena jani
231,0.6,0.1,10,0.5,scratch,noise,0.2,4917,Imantodes cenchoa
232,0.2,0.1,10,0.1,scratch,noise,0.2,4939,Nerodia floridana
233,0.0,0.0,10,0.0,scratch,noise,0.2,4942,Nerodia taxispilota
234,0.0,0.0,10,0.0,scratch,noise,0.2,4947,Pantherophis emoryi
235,0.1,0.0,10,0.1,scratch,noise,0.2,4955,Regina grahamii
236,0.0,0.0,10,0.0,scratch,noise,0.2,4993,Anolis sagrei
237,0.2,0.0,10,0.2,scratch,noise,0.2,5065,Urosaurus ornatus
238,0.1,0.0,10,0.1,scratch,noise,0.2,5066,Uta stansburiana
239,0.4,0.0,10,0.4,scratch,noise,0.2,5086,Trachylepis striata
240,0.0,0.0,10,0.0,scratch,noise,0.2,5124,Sistrurus catenatus
241,0.0,0.0,10,0.0,scratch,noise,0.2,5150,Pseudemys texana
242,0.2,0.0,10,0.2,scratch,noise,0.2,5163,Gopherus agassizii
243,0.1,0.0,10,0.1,scratch,noise,0.2,5168,Testudo graeca
244,0.1,0.0,10,0.1,scratch,noise,0.2,5186,Metridium senile
245,0.3,0.3,10,0.0,scratch,noise,0.2,5193,Cyanea ferruginea
246,0.6,0.4,10,0.19999999999999996,scratch,noise,0.2,5201,Pisaster giganteus
247,0.6,0.0,10,0.6,scratch,noise,0.2,5227,Cyrtopleura costata
248,0.1,0.0,10,0.1,scratch,noise,0.2,5279,Cominella adspersa
249,0.2,0.2,10,0.0,scratch,noise,0.2,5281,Kelletia kelletii
250,0.4,0.0,10,0.4,scratch,noise,0.2,5290,Tritia obsoleta
251,0.0,0.0,10,0.0,scratch,noise,0.2,5291,Americoliva sayana
252,0.3,0.3,10,0.0,scratch,noise,0.2,5309,Rostanga pulchra
253,0.7,0.3,10,0.39999999999999997,scratch,noise,0.2,5326,Polycera atra
254,0.1,0.1,10,0.0,scratch,noise,0.2,5370,Laevicaulis alte
255,0.3,0.2,10,0.09999999999999998,scratch,noise,0.2,5375,Tegula funebralis
256,0.7,0.2,10,0.49999999999999994,scratch,noise,0.2,5396,Candelaria concolor
257,0.9,0.6,10,0.30000000000000004,scratch,noise,0.2,5435,Dibaeis baeomyces
258,0.8,0.3,10,0.5,scratch,noise,0.2,5462,Sarcoscypha occidentalis
259,0.2,0.1,10,0.1,scratch,noise,0.2,5467,Nectria cinnabarina
260,0.6,0.3,10,0.3,scratch,noise,0.2,5481,Leucoagaricus leucothites
261,0.9,0.5,10,0.4,scratch,noise,0.2,5493,Amanita jacksonii
262,0.7,0.2,10,0.49999999999999994,scratch,noise,0.2,5567,Coprinopsis variegata
263,0.8,0.7,10,0.10000000000000009,scratch,noise,0.2,5570,Panaeolus foenisecii
264,0.2,0.0,10,0.2,scratch,noise,0.2,5574,Schizophyllum commune
265,0.2,0.1,10,0.1,scratch,noise,0.2,5576,Agrocybe praecox
266,0.9,0.4,10,0.5,scratch,noise,0.2,5580,Hypholoma lateritium
267,0.4,0.4,10,0.0,scratch,noise,0.2,5601,Imleria badia
268,0.6,0.6,10,0.0,scratch,noise,0.2,5613,Scleroderma citrinum
269,0.8,0.2,10,0.6000000000000001,scratch,noise,0.2,5635,Inonotus obliquus
270,0.6,0.3,10,0.3,scratch,noise,0.2,5672,Climacodon septentrionalis
271,0.2,0.0,10,0.2,scratch,noise,0.2,5684,Lentinus arcularius
272,0.9,0.7,10,0.20000000000000007,scratch,noise,0.2,5696,Sparassis spathulata
273,0.3,0.2,10,0.09999999999999998,scratch,noise,0.2,5746,Pleurozium schreberi
274,0.6,0.1,10,0.5,scratch,noise,0.2,5765,Cladophora columbiana
275,0.7,0.7,10,0.0,scratch,noise,0.2,5768,Bazzania trilobata
276,0.1,0.0,10,0.1,scratch,noise,0.2,5779,Chondrus crispus
277,0.4,0.1,10,0.30000000000000004,scratch,noise,0.2,5820,Triantha glutinosa
278,0.2,0.1,10,0.1,scratch,noise,0.2,5826,Phoenix dactylifera
279,0.7,0.7,10,0.0,scratch,noise,0.2,5853,Habranthus tubispathus
280,0.3,0.2,10,0.09999999999999998,scratch,noise,0.2,5875,Agave salmiana
281,0.0,0.1,10,-0.1,scratch,noise,0.2,5879,Asparagus aethiopicus
282,0.6,0.3,10,0.3,scratch,noise,0.2,5883,Bloomeria crocea
283,0.7,0.1,10,0.6,scratch,noise,0.2,5917,Nolina parryi
284,0.3,0.4,10,-0.10000000000000003,scratch,noise,0.2,5953,Phormium tenax
285,0.8,0.4,10,0.4,scratch,noise,0.2,5957,Hypoxis hirsuta
286,0.8,0.5,10,0.30000000000000004,scratch,noise,0.2,5992,Anacamptis coriophora
287,0.7,0.8,10,-0.10000000000000009,scratch,noise,0.2,6008,Corallorhiza mertensiana
288,0.5,0.3,10,0.2,scratch,noise,0.2,6009,Corallorhiza striata
289,0.2,0.1,10,0.1,scratch,noise,0.2,6049,Liparis loeselii
290,0.5,0.4,10,0.09999999999999998,scratch,noise,0.2,6051,Neotinea tridentata
291,0.5,0.4,10,0.09999999999999998,scratch,noise,0.2,6064,Ophrys tenthredinifera
292,0.6,0.5,10,0.09999999999999998,scratch,noise,0.2,6117,Wachendorfia paniculata
293,0.2,0.0,10,0.2,scratch,noise,0.2,6229,Tillandsia utriculata
294,0.5,0.5,10,0.0,scratch,noise,0.2,6238,Carex digitata
295,0.0,0.1,10,-0.1,scratch,noise,0.2,6239,Carex eburnea
296,0.5,0.0,10,0.5,scratch,noise,0.2,6242,Carex gracillima
297,0.2,0.0,10,0.2,scratch,noise,0.2,6246,Carex hystericina
298,0.3,0.0,10,0.3,scratch,noise,0.2,6273,Carex vulpinoidea
299,0.3,0.3,10,0.0,scratch,noise,0.2,6277,Cyperus eragrostis
300,0.5,0.3,10,0.2,scratch,noise,0.2,6293,Schoenoplectus acutus
301,0.4,0.1,10,0.30000000000000004,scratch,noise,0.2,6321,Ammophila breviligulata
302,0.1,0.0,10,0.1,scratch,noise,0.2,6366,Digitaria sanguinalis
303,0.0,0.0,10,0.0,scratch,noise,0.2,6382,Hordeum murinum
304,0.1,0.0,10,0.1,scratch,noise,0.2,6407,Paspalum dilatatum
305,0.0,0.0,10,0.0,scratch,noise,0.2,6409,Paspalum urvillei
306,0.7,0.0,10,0.7,scratch,noise,0.2,6432,Stipa pennata
307,0.2,0.2,10,0.0,scratch,noise,0.2,6447,Canna indica
308,0.6,0.6,10,0.0,scratch,noise,0.2,6458,Hedychium gardnerianum
309,0.0,0.0,10,0.0,scratch,noise,0.2,6496,Cicuta virosa
310,0.4,0.1,10,0.30000000000000004,scratch,noise,0.2,6499,Cryptotaenia canadensis
311,0.6,0.4,10,0.19999999999999996,scratch,noise,0.2,6551,Aralia racemosa
312,0.2,0.2,10,0.0,scratch,noise,0.2,6558,Hydrocotyle ranunculoides
313,0.1,0.3,10,-0.19999999999999998,scratch,noise,0.2,6589,Corokia cotoneaster
314,0.2,0.1,10,0.1,scratch,noise,0.2,6606,Ambrosia deltoidea
315,0.1,0.2,10,-0.1,scratch,noise,0.2,6611,Anaphalioides bellidioides
316,0.4,0.0,10,0.4,scratch,noise,0.2,6638,Artemisia tridentata
317,0.2,0.2,10,0.0,scratch,noise,0.2,6656,Bidens bipinnata
318,0.3,0.0,10,0.3,scratch,noise,0.2,6672,Carduus pycnocephalus
319,0.5,0.0,10,0.5,scratch,noise,0.2,6714,Cirsium pitcheri
320,0.1,0.1,10,0.0,scratch,noise,0.2,6745,Dittrichia graveolens
321,0.7,0.2,10,0.49999999999999994,scratch,noise,0.2,6747,Doellingeria umbellata
322,0.1,0.0,10,0.1,scratch,noise,0.2,6771,Erigeron canadensis
323,0.6,0.6,10,0.0,scratch,noise,0.2,6773,Erigeron foliosus
324,0.4,0.2,10,0.2,scratch,noise,0.2,6811,Gnaphalium uliginosum
325,0.5,0.2,10,0.3,scratch,noise,0.2,6815,Gutierrezia sarothrae
326,0.0,0.0,10,0.0,scratch,noise,0.2,6828,Helianthus maximiliani
327,0.1,0.0,10,0.1,scratch,noise,0.2,6850,Isocoma acradenia
328,0.3,0.6,10,-0.3,scratch,noise,0.2,6892,Melampodium leucanthum
329,0.6,0.4,10,0.19999999999999996,scratch,noise,0.2,6927,Perityle emoryi
330,0.3,0.5,10,-0.2,scratch,noise,0.2,6938,Pinaropappus roseus
331,0.1,0.0,10,0.1,scratch,noise,0.2,6955,Pterocaulon pycnostachyum
332,0.4,0.6,10,-0.19999999999999996,scratch,noise,0.2,6963,Rudbeckia hirta
333,0.8,0.7,10,0.10000000000000009,scratch,noise,0.2,6969,Senecio ampullaceus
334,0.1,0.2,10,-0.1,scratch,noise,0.2,7004,Solidago rigida
335,0.1,0.0,10,0.1,scratch,noise,0.2,7013,Sonchus asper
336,0.6,0.6,10,0.0,scratch,noise,0.2,7024,Symphyotrichum lanceolatum
337,0.7,0.2,10,0.49999999999999994,scratch,noise,0.2,7042,Tetraneuris scaposa
338,0.1,0.1,10,0.0,scratch,noise,0.2,7122,Menyanthes trifoliata
339,0.4,0.0,10,0.4,scratch,noise,0.2,7171,Myosotis discolor
340,0.4,0.0,10,0.4,scratch,noise,0.2,7202,Pholistoma membranaceum
341,0.5,0.4,10,0.09999999999999998,scratch,noise,0.2,7231,Cardamine californica
342,0.4,0.1,10,0.30000000000000004,scratch,noise,0.2,7279,Streptanthus tortuosus
343,0.5,0.5,10,0.0,scratch,noise,0.2,7292,Floerkea proserpinacoides
344,0.2,0.4,10,-0.2,scratch,noise,0.2,7305,Mesembryanthemum crystallinum
345,0.1,0.1,10,0.0,scratch,noise,0.2,7319,Atriplex prostrata
346,0.2,0.1,10,0.1,scratch,noise,0.2,7324,Celosia argentea
347,0.6,0.2,10,0.39999999999999997,scratch,noise,0.2,7349,Cylindropuntia fulgida
348,0.3,0.0,10,0.3,scratch,noise,0.2,7355,Cylindropuntia thurberi
349,0.1,0.0,10,0.1,scratch,noise,0.2,7367,Echinocereus pentalophus
350,0.7,0.4,10,0.29999999999999993,scratch,noise,0.2,7375,Escobaria vivipara
351,0.5,0.2,10,0.3,scratch,noise,0.2,7394,Opuntia basilaris
352,0.8,0.4,10,0.4,scratch,noise,0.2,7450,Silene dioica
353,0.8,1.0,10,-0.19999999999999996,scratch,noise,0.2,7477,Drosera intermedia
354,0.8,0.5,10,0.30000000000000004,scratch,noise,0.2,7480,Drosera spatulata
355,0.5,0.1,10,0.4,scratch,noise,0.2,7576,Canotia holacantha
356,0.2,0.0,10,0.2,scratch,noise,0.2,7577,Celastrus orbiculatus
357,0.3,0.1,10,0.19999999999999998,scratch,noise,0.2,7609,Hydrangea quercifolia
358,0.6,0.3,10,0.3,scratch,noise,0.2,7610,Philadelphus lewisii
359,0.4,0.0,10,0.4,scratch,noise,0.2,7616,Petalonyx thurberi
360,0.0,0.0,10,0.0,scratch,noise,0.2,7617,Nyssa sylvatica
361,0.7,0.8,10,-0.10000000000000009,scratch,noise,0.2,7634,Centranthus ruber
362,0.6,0.5,10,0.09999999999999998,scratch,noise,0.2,7640,Leycesteria formosa
363,0.7,0.0,10,0.7,scratch,noise,0.2,7652,Lonicera sempervirens
364,0.1,0.4,10,-0.30000000000000004,scratch,noise,0.2,7713,Arctostaphylos uva-ursi
365,0.1,0.3,10,-0.19999999999999998,scratch,noise,0.2,7735,Erica imbricata
366,0.3,0.6,10,-0.3,scratch,noise,0.2,7752,Leptecophylla tameiameiae
367,0.2,0.1,10,0.1,scratch,noise,0.2,7756,Lyonia lucida
368,0.7,0.7,10,0.0,scratch,noise,0.2,7785,Rhododendron periclymenoides
369,0.2,0.2,10,0.0,scratch,noise,0.2,7802,Xylococcus bicolor
370,0.3,0.0,10,0.3,scratch,noise,0.2,7819,Leptosiphon nuttallii
371,0.4,0.5,10,-0.09999999999999998,scratch,noise,0.2,7822,Linanthus dianthiflorus
372,0.5,0.2,10,0.3,scratch,noise,0.2,7831,Phlox hoodii
373,0.5,0.3,10,0.2,scratch,noise,0.2,7851,Lysimachia clethroides
374,0.7,0.7,10,0.0,scratch,noise,0.2,7858,Lysimachia quadriflora
375,0.1,0.1,10,0.0,scratch,noise,0.2,7889,Acacia cyclops
376,0.0,0.0,10,0.0,scratch,noise,0.2,7897,Acacia saligna
377,0.3,0.1,10,0.19999999999999998,scratch,noise,0.2,7912,Astragalus crassicarpus
378,0.5,0.4,10,0.09999999999999998,scratch,noise,0.2,7913,Astragalus danicus
379,0.6,0.3,10,0.3,scratch,noise,0.2,7918,Astragalus purshii
380,0.7,0.4,10,0.29999999999999993,scratch,noise,0.2,7944,Dalea aurea
381,0.3,0.2,10,0.09999999999999998,scratch,noise,0.2,7950,Desmanthus illinoensis
382,0.6,0.5,10,0.09999999999999998,scratch,noise,0.2,7958,Erythrostemon mexicanus
383,0.6,0.4,10,0.19999999999999996,scratch,noise,0.2,7974,Hylodesmum glutinosum
384,0.1,0.1,10,0.0,scratch,noise,0.2,7989,Lespedeza capitata
385,0.4,0.3,10,0.10000000000000003,scratch,noise,0.2,7994,Lotus corniculatus
386,0.0,0.0,10,0.0,scratch,noise,0.2,7995,Lotus pedunculatus
387,0.5,0.0,10,0.5,scratch,noise,0.2,8020,Medicago lupulina
388,0.5,0.5,10,0.0,scratch,noise,0.2,8028,Mimosa nuttallii
389,0.6,0.3,10,0.3,scratch,noise,0.2,8062,Senna armata
390,0.1,0.1,10,0.0,scratch,noise,0.2,8095,Trifolium lupinaster
391,0.1,0.0,10,0.1,scratch,noise,0.2,8106,Vachellia farnesiana
392,0.4,0.1,10,0.30000000000000004,scratch,noise,0.2,8127,Polygala alba
393,0.2,0.1,10,0.1,scratch,noise,0.2,8154,Carpinus caroliniana
394,0.0,0.0,10,0.0,scratch,noise,0.2,8162,Chrysolepis chrysophylla
395,0.0,0.0,10,0.0,scratch,noise,0.2,8168,Quercus alba
396,0.0,0.0,10,0.0,scratch,noise,0.2,8171,Quercus buckleyi
397,0.0,0.1,10,-0.1,scratch,noise,0.2,8189,Quercus laevis
398,0.2,0.0,10,0.2,scratch,noise,0.2,8190,Quercus lobata
399,0.0,0.0,10,0.0,scratch,noise,0.2,8196,Quercus nigra
400,0.1,0.0,10,0.1,scratch,noise,0.2,8214,Carya tomentosa
401,0.1,0.0,10,0.1,scratch,noise,0.2,8227,Garrya lindheimeri
402,0.2,0.3,10,-0.09999999999999998,scratch,noise,0.2,8235,Asclepias asperula
403,0.6,0.2,10,0.39999999999999997,scratch,noise,0.2,8249,Asclepias oenotheroides
404,0.3,0.2,10,0.09999999999999998,scratch,noise,0.2,8254,Asclepias subulata
405,0.3,0.1,10,0.19999999999999998,scratch,noise,0.2,8267,Catharanthus roseus
406,0.5,0.3,10,0.2,scratch,noise,0.2,8283,Vinca minor
407,0.2,0.0,10,0.2,scratch,noise,0.2,8344,Galium triflorum
408,0.3,0.0,10,0.3,scratch,noise,0.2,8358,Paederia foetida
409,0.5,0.4,10,0.09999999999999998,scratch,noise,0.2,8369,Erodium texanum
410,0.7,0.6,10,0.09999999999999998,scratch,noise,0.2,8379,Geranium pratense
411,0.2,0.2,10,0.0,scratch,noise,0.2,8386,Geranium sibiricum
412,0.6,0.5,10,0.09999999999999998,scratch,noise,0.2,8410,Thunbergia alata
413,0.5,0.4,10,0.09999999999999998,scratch,noise,0.2,8419,Tabebuia rosea
414,0.2,0.1,10,0.1,scratch,noise,0.2,8437,Condea emoryi
415,0.5,0.2,10,0.3,scratch,noise,0.2,8453,Leonurus cardiaca
416,0.5,0.5,10,0.0,scratch,noise,0.2,8475,Origanum vulgare
417,0.4,0.2,10,0.2,scratch,noise,0.2,8477,Phlomoides tuberosa
418,0.2,0.1,10,0.1,scratch,noise,0.2,8492,Salvia mellifera
419,0.4,0.3,10,0.10000000000000003,scratch,noise,0.2,8515,Teucrium canadense
420,0.5,0.4,10,0.09999999999999998,scratch,noise,0.2,8587,Castilleja tenuiflora
421,0.1,0.0,10,0.1,scratch,noise,0.2,8593,Euphrasia nemorosa
422,0.9,0.7,10,0.20000000000000007,scratch,noise,0.2,8594,Hyobanche sanguinea
423,0.8,0.8,10,0.0,scratch,noise,0.2,8607,Pedicularis groenlandica
424,0.7,0.4,10,0.29999999999999993,scratch,noise,0.2,8641,Cymbalaria muralis
425,0.5,0.3,10,0.2,scratch,noise,0.2,8659,Penstemon centranthifolius
426,0.7,0.7,10,0.0,scratch,noise,0.2,8669,Penstemon procerus
427,0.0,0.0,10,0.0,scratch,noise,0.2,8675,Plantago erecta
428,0.3,0.1,10,0.19999999999999998,scratch,noise,0.2,8678,Plantago maritima
429,0.1,0.2,10,-0.1,scratch,noise,0.2,8688,Veronica anagallis-aquatica
430,0.6,0.5,10,0.09999999999999998,scratch,noise,0.2,8693,Veronica filiformis
431,0.0,0.0,10,0.0,scratch,noise,0.2,8708,Buddleja cordata
432,0.7,0.4,10,0.29999999999999993,scratch,noise,0.2,8717,Verbascum nigrum
433,0.2,0.0,10,0.2,scratch,noise,0.2,8750,Laurus nobilis
434,0.0,0.0,10,0.0,scratch,noise,0.2,8755,Hedycarya arborea
435,0.2,0.2,10,0.0,scratch,noise,0.2,8761,Magnolia grandiflora
436,0.1,0.1,10,0.0,scratch,noise,0.2,8763,Magnolia tripetala
437,0.3,0.2,10,0.09999999999999998,scratch,noise,0.2,8800,Euphorbia misera
438,0.5,0.4,10,0.09999999999999998,scratch,noise,0.2,8810,Euphorbia serpillifolia
439,0.8,0.3,10,0.5,scratch,noise,0.2,8851,Turnera ulmifolia
440,0.3,0.0,10,0.3,scratch,noise,0.2,8852,Bischofia javanica
441,0.2,0.1,10,0.1,scratch,noise,0.2,8875,Salix laevigata
442,0.4,0.4,10,0.0,scratch,noise,0.2,8882,Melicytus alpinus
443,0.3,0.0,10,0.3,scratch,noise,0.2,8888,Viola blanda
444,0.7,0.7,10,0.0,scratch,noise,0.2,8917,Viola tricolor
445,0.7,0.5,10,0.19999999999999996,scratch,noise,0.2,8920,Cistus albidus
446,0.5,0.6,10,-0.09999999999999998,scratch,noise,0.2,8936,Callirhoe pedata
447,0.7,0.4,10,0.29999999999999993,scratch,noise,0.2,8946,Hibiscus moscheutos
448,0.3,0.3,10,0.0,scratch,noise,0.2,8949,Hibiscus tiliaceus
449,0.3,0.1,10,0.19999999999999998,scratch,noise,0.2,8954,Malacothamnus fasciculatus
450,0.2,0.1,10,0.1,scratch,noise,0.2,9001,Lythrum hyssopifolia
451,0.3,0.4,10,-0.10000000000000003,scratch,noise,0.2,9021,Metrosideros umbellata
452,0.2,0.3,10,-0.09999999999999998,scratch,noise,0.2,9022,Myrtus communis
453,0.2,0.1,10,0.1,scratch,noise,0.2,9033,Circaea lutetiana
454,0.4,0.5,10,-0.09999999999999998,scratch,noise,0.2,9055,Ludwigia peruviana
455,0.3,0.3,10,0.0,scratch,noise,0.2,9063,Oenothera gaura
456,0.3,0.3,10,0.0,scratch,noise,0.2,9085,Nymphaea nouchali
457,0.7,0.2,10,0.49999999999999994,scratch,noise,0.2,9099,Oxalis luteola
458,0.3,0.4,10,-0.10000000000000003,scratch,noise,0.2,9130,Leucadendron salignum
459,0.4,0.4,10,0.0,scratch,noise,0.2,9139,Protea repens
460,0.3,0.1,10,0.19999999999999998,scratch,noise,0.2,9142,Berberis aquifolium
461,1.0,1.0,10,0.0,scratch,noise,0.2,9186,Papaver rhoeas
462,0.5,0.2,10,0.3,scratch,noise,0.2,9192,Stylophorum diphyllum
463,0.4,0.5,10,-0.09999999999999998,scratch,noise,0.2,9219,Aquilegia flavescens
464,0.1,0.0,10,0.1,scratch,noise,0.2,9230,Clematis occidentalis
465,0.7,0.3,10,0.39999999999999997,scratch,noise,0.2,9256,Pulsatilla nuttalliana
466,0.1,0.0,10,0.1,scratch,noise,0.2,9288,Cannabis sativa
467,0.2,0.0,10,0.2,scratch,noise,0.2,9309,Ficus petiolaris
468,0.5,0.0,10,0.5,scratch,noise,0.2,9333,Ceanothus verrucosus
469,0.1,0.2,10,-0.1,scratch,noise,0.2,9338,Frangula californica
470,0.1,0.2,10,-0.1,scratch,noise,0.2,9404,Photinia serratifolia
471,0.7,0.6,10,0.09999999999999998,scratch,noise,0.2,9444,Rosa bracteata
472,0.0,0.0,10,0.0,scratch,noise,0.2,9460,Rubus bifrons
473,0.2,0.3,10,-0.09999999999999998,scratch,noise,0.2,9468,Rubus laciniatus
474,0.5,0.5,10,0.0,scratch,noise,0.2,9476,Rubus saxatilis
475,0.0,0.0,10,0.0,scratch,noise,0.2,9499,Ulmus americana
476,0.1,0.4,10,-0.30000000000000004,scratch,noise,0.2,9541,Rhus typhina
477,0.1,0.0,10,0.1,scratch,noise,0.2,9573,Acer nigrum
478,0.0,0.0,10,0.0,scratch,noise,0.2,9584,Aesculus glabra
479,0.0,0.0,10,0.0,scratch,noise,0.2,9593,Ailanthus altissima
480,0.5,0.4,10,0.09999999999999998,scratch,noise,0.2,9615,Sedum lanceolatum
481,0.3,0.0,10,0.3,scratch,noise,0.2,9636,Ribes rubrum
482,0.1,0.1,10,0.0,scratch,noise,0.2,9639,Ribes triste
483,0.0,0.0,10,0.0,scratch,noise,0.2,9644,Hamamelis virginiana
484,0.4,0.5,10,-0.09999999999999998,scratch,noise,0.2,9659,Micranthes californica
485,0.7,0.3,10,0.39999999999999997,scratch,noise,0.2,9677,Calystegia sepium
486,0.4,0.1,10,0.30000000000000004,scratch,noise,0.2,9776,Cupressus macrocarpa
487,0.5,0.1,10,0.4,scratch,noise,0.2,9786,Juniperus osteosperma
488,0.4,0.3,10,0.10000000000000003,scratch,noise,0.2,9825,Pinus lambertiana
489,0.0,0.0,10,0.0,scratch,noise,0.2,9847,Tsuga mertensiana
490,0.0,0.0,10,0.0,scratch,noise,0.2,9855,Prumnopitys taxifolia
491,0.4,0.5,10,-0.09999999999999998,scratch,noise,0.2,9870,Equisetum pratense
492,0.4,0.6,10,-0.19999999999999996,scratch,noise,0.2,9907,Asplenium viride
493,0.2,0.2,10,0.0,scratch,noise,0.2,9912,Blechnum filiforme
494,0.5,0.2,10,0.3,scratch,noise,0.2,9920,Telmatoblechnum serrulatum
495,0.6,0.4,10,0.19999999999999996,scratch,noise,0.2,9932,Pteridium aquilinum
496,0.5,0.5,10,0.0,scratch,noise,0.2,9955,Microsorum scandens
497,0.3,0.2,10,0.09999999999999998,scratch,noise,0.2,9958,Pleopeltis michauxiana
498,0.4,0.5,10,-0.09999999999999998,scratch,noise,0.2,9965,Acrostichum danaeifolium
499,0.4,0.6,10,-0.19999999999999996,scratch,noise,0.2,9985,Pteris macilenta
0,0.1,0.0,10,0.1,scratch,blur,7,44,Trichonephila clavata
1,0.5,0.1,10,0.4,scratch,blur,7,46,Trichonephila edulis
2,0.0,0.1,10,-0.1,scratch,blur,7,53,Badumna longinqua
3,0.0,0.0,10,0.0,scratch,blur,7,70,Dolomedes triton
4,0.1,0.4,10,-0.30000000000000004,scratch,blur,7,83,Lyssomanes viridis
5,0.1,0.3,10,-0.19999999999999998,scratch,blur,7,89,Naphrys pulex
6,0.2,0.4,10,-0.2,scratch,blur,7,109,Aphonopelma chalcodes
7,0.1,0.2,10,-0.1,scratch,blur,7,110,Aphonopelma eutylenum
8,0.0,0.0,10,0.0,scratch,blur,7,147,Leiobunum townsendi
9,0.5,0.3,10,0.2,scratch,blur,7,170,Pollicipes polymerus
10,0.6,0.2,10,0.39999999999999997,scratch,blur,7,200,Cicindela campestris
11,0.5,0.3,10,0.2,scratch,blur,7,211,Cicindela scutellaris
12,0.5,0.1,10,0.4,scratch,blur,7,215,Harpalus rufipes
13,0.3,0.0,10,0.3,scratch,blur,7,246,Prionus laticollis
14,0.3,0.2,10,0.09999999999999998,scratch,blur,7,261,Typocerus velutinus
15,0.1,0.2,10,-0.1,scratch,blur,7,273,Chrysolina americana
16,0.4,0.4,10,0.0,scratch,blur,7,279,Clytra laeviuscula
17,0.8,0.3,10,0.5,scratch,blur,7,286,Helocassis clavata
18,0.2,0.0,10,0.2,scratch,blur,7,303,Adalia decempunctata
19,0.1,0.0,10,0.1,scratch,blur,7,304,Anatis ocellata
20,0.7,0.2,10,0.49999999999999994,scratch,blur,7,332,Psyllobora vigintiduopunctata
21,0.1,0.2,10,-0.1,scratch,blur,7,376,Callistethus marginatus
22,0.3,0.0,10,0.3,scratch,blur,7,381,Dynastes tityus
23,0.0,0.0,10,0.0,scratch,blur,7,382,Euphoria basalis
24,0.6,0.2,10,0.39999999999999997,scratch,blur,7,418,Zopherus nodulosus
25,0.6,0.0,10,0.6,scratch,blur,7,504,Tipula abdominalis
26,0.7,0.4,10,0.29999999999999993,scratch,blur,7,525,Cercopis vulnerata
27,0.1,0.0,10,0.1,scratch,blur,7,529,Cuerna costalis
28,0.4,0.0,10,0.4,scratch,blur,7,562,Coreus marginatus
29,0.3,0.0,10,0.3,scratch,blur,7,573,Thasus neocalifornicus
30,0.3,0.3,10,0.0,scratch,blur,7,623,Euthyrhynchus floridanus
31,0.5,0.0,10,0.5,scratch,blur,7,652,Pselliopus barberi
32,0.1,0.2,10,-0.1,scratch,blur,7,666,Scolypopa australis
33,0.0,0.0,10,0.0,scratch,blur,7,712,Xylocopa sonorina
34,0.0,0.1,10,-0.1,scratch,blur,7,713,Xylocopa tabaniformis
35,0.1,0.0,10,0.1,scratch,blur,7,778,Halictus rubicundus
36,0.4,0.2,10,0.2,scratch,blur,7,791,Dasymutilla occidentalis
37,0.3,0.2,10,0.09999999999999998,scratch,blur,7,809,Myzinum quinquecinctum
38,0.1,0.0,10,0.1,scratch,blur,7,830,Polistes dominula
39,0.0,0.0,10,0.0,scratch,blur,7,832,Polistes exclamans
40,0.2,0.1,10,0.1,scratch,blur,7,834,Polistes humilis
41,0.3,0.1,10,0.19999999999999998,scratch,blur,7,858,Achyra rantalis
42,0.4,0.0,10,0.4,scratch,blur,7,860,Agriphila tristella
43,0.6,0.6,10,0.0,scratch,blur,7,863,Anania funebris
44,0.7,0.5,10,0.19999999999999996,scratch,blur,7,878,Desmia funeralis
45,0.4,0.0,10,0.4,scratch,blur,7,901,Lineodes integra
46,0.4,0.4,10,0.0,scratch,blur,7,907,Microtheoris vibicalis
47,0.1,0.0,10,0.1,scratch,blur,7,950,Agonopterix alstroemeriana
48,0.1,0.0,10,0.1,scratch,blur,7,976,Arctia caja
49,0.2,0.2,10,0.0,scratch,blur,7,1062,Idia lubricalis
50,0.6,0.5,10,0.09999999999999998,scratch,blur,7,1068,Lithosia quadra
51,0.0,0.0,10,0.0,scratch,blur,7,1074,Lymantria dispar
52,0.3,0.0,10,0.3,scratch,blur,7,1152,Anticlea vasiliata
53,0.6,0.1,10,0.5,scratch,blur,7,1154,Arhodia lasiocamparia
54,0.2,0.0,10,0.2,scratch,blur,7,1155,Besma quercivoraria
55,0.4,0.5,10,-0.09999999999999998,scratch,blur,7,1157,Cabera erythemaria
56,0.4,0.3,10,0.10000000000000003,scratch,blur,7,1210,Eubaphe mendica
57,0.0,0.0,10,0.0,scratch,blur,7,1230,Hypagyrtis unipunctata
58,0.5,0.4,10,0.09999999999999998,scratch,blur,7,1242,Ilexia intractata
59,0.4,0.0,10,0.4,scratch,blur,7,1244,Iridopsis larvaria
60,0.1,0.0,10,0.1,scratch,blur,7,1255,Macaria aemulataria
61,1.0,0.8,10,0.19999999999999996,scratch,blur,7,1278,Opisthograptis luteolata
62,0.4,0.0,10,0.4,scratch,blur,7,1293,Plagodis pulveraria
63,0.5,0.5,10,0.0,scratch,blur,7,1387,Oligoria maculata
64,0.0,0.0,10,0.0,scratch,blur,7,1425,Trabala vishnou
65,0.7,0.8,10,-0.10000000000000009,scratch,blur,7,1471,Eooxylides tharis
66,0.4,0.1,10,0.30000000000000004,scratch,blur,7,1481,Heliophorus ila
67,0.0,0.0,10,0.0,scratch,blur,7,1485,Icaricia icarioides
68,0.3,0.1,10,0.19999999999999998,scratch,blur,7,1501,Lycaena helloides
69,0.6,0.2,10,0.39999999999999997,scratch,blur,7,1516,Plebejus samuelis
70,0.4,0.1,10,0.30000000000000004,scratch,blur,7,1525,Satyrium behrii
71,0.3,0.0,10,0.3,scratch,blur,7,1536,Strymon melinus
72,0.3,0.0,10,0.3,scratch,blur,7,1566,Agrotis munda
73,0.7,0.1,10,0.6,scratch,blur,7,1576,Anaplectoides prasina
74,0.6,0.0,10,0.6,scratch,blur,7,1603,Copivaleria grotei
75,0.8,0.5,10,0.30000000000000004,scratch,blur,7,1606,Cosmodes elegans
76,0.0,0.0,10,0.0,scratch,blur,7,1632,Helicoverpa armigera
77,0.4,0.0,10,0.4,scratch,blur,7,1634,Hemieuxoa rudens
78,0.3,0.0,10,0.3,scratch,blur,7,1658,Morrisonia confusa
79,0.4,0.1,10,0.30000000000000004,scratch,blur,7,1669,Ochropleura implecta
80,0.1,0.0,10,0.1,scratch,blur,7,1713,Tarache aprica
81,0.2,0.0,10,0.2,scratch,blur,7,1732,Clostera apicalis
82,0.6,0.1,10,0.5,scratch,blur,7,1788,Ariadne ariadne
83,0.1,0.0,10,0.1,scratch,blur,7,1875,Hipparchia statilinus
84,0.4,0.0,10,0.4,scratch,blur,7,1907,Limenitis archippus
85,0.6,0.2,10,0.39999999999999997,scratch,blur,7,1910,Limenitis lorquini
86,0.2,0.0,10,0.2,scratch,blur,7,1932,Morpho helenor
87,0.2,0.0,10,0.2,scratch,blur,7,1938,Nymphalis antiopa
88,0.7,0.2,10,0.49999999999999994,scratch,blur,7,1944,Parantica aglea
89,0.5,0.1,10,0.4,scratch,blur,7,1955,Polygonia c-album
90,0.4,0.0,10,0.4,scratch,blur,7,1958,Polygonia faunus
91,0.8,0.0,10,0.8,scratch,blur,7,1979,Texola elada
92,0.6,0.0,10,0.6,scratch,blur,7,1983,Vanessa annabella
93,0.4,0.1,10,0.30000000000000004,scratch,blur,7,2034,Papilio thoas
94,0.0,0.0,10,0.0,scratch,blur,7,2035,Papilio troilus
95,0.5,0.0,10,0.5,scratch,blur,7,2047,Anteos maerula
96,0.2,0.0,10,0.2,scratch,blur,7,2061,Catopsilia pyranthe
97,0.1,0.0,10,0.1,scratch,blur,7,2100,Pontia edusa
98,0.2,0.0,10,0.2,scratch,blur,7,2114,Aglossa pinguinalis
99,0.4,0.0,10,0.4,scratch,blur,7,2121,Endotricha pyrosalis
100,0.5,0.1,10,0.4,scratch,blur,7,2129,Moodna ostrinella
101,0.1,0.4,10,-0.30000000000000004,scratch,blur,7,2242,Clepsis persicana
102,0.1,0.0,10,0.1,scratch,blur,7,2300,Dicromantispa interrupta
103,0.7,0.7,10,0.0,scratch,blur,7,2340,Agriocnemis femina
104,0.8,0.2,10,0.6000000000000001,scratch,blur,7,2375,Enallagma geminatum
105,0.3,0.0,10,0.3,scratch,blur,7,2385,Ischnura denticollis
106,0.6,0.1,10,0.5,scratch,blur,7,2404,Cordulegaster diastatops
107,0.3,0.0,10,0.3,scratch,blur,7,2408,Cordulia aenea
108,0.0,0.1,10,-0.1,scratch,blur,7,2414,Epitheca princeps
109,0.4,0.1,10,0.30000000000000004,scratch,blur,7,2418,Somatochlora tenebrosa
110,0.4,0.0,10,0.4,scratch,blur,7,2424,Arigomphus villosipes
111,0.5,0.0,10,0.5,scratch,blur,7,2430,Gomphurus vastus
112,0.4,0.2,10,0.2,scratch,blur,7,2450,Lestes alacer
113,0.2,0.1,10,0.1,scratch,blur,7,2458,Lestes inaequalis
114,0.0,0.0,10,0.0,scratch,blur,7,2501,Leucorrhinia intacta
115,0.2,0.0,10,0.2,scratch,blur,7,2502,Leucorrhinia proxima
116,0.3,0.1,10,0.19999999999999998,scratch,blur,7,2569,Sympetrum obtrusum
117,0.5,0.0,10,0.5,scratch,blur,7,2581,Trithemis annulata
118,0.6,0.2,10,0.39999999999999997,scratch,blur,7,2585,Trithemis kirbyi
119,0.5,0.2,10,0.3,scratch,blur,7,2593,Nososticta solida
120,0.5,0.1,10,0.4,scratch,blur,7,2661,Taeniopoda eques
121,0.2,0.0,10,0.2,scratch,blur,7,2691,Tettigonia viridissima
122,0.3,0.1,10,0.19999999999999998,scratch,blur,7,2692,Phyllopalpus pulchellus
123,0.2,0.0,10,0.2,scratch,blur,7,2704,Cancer borealis
124,0.1,0.0,10,0.1,scratch,blur,7,2712,Pugettia producta
125,0.3,0.3,10,0.0,scratch,blur,7,2721,Emerita talpoida
126,0.1,0.0,10,0.1,scratch,blur,7,2737,Arenaeus cribrarius
127,0.0,0.0,10,0.0,scratch,blur,7,2739,Aratus pisonii
128,0.0,0.3,10,-0.3,scratch,blur,7,2769,Pimephales notatus
129,0.3,0.0,10,0.3,scratch,blur,7,2785,Gobiesox maeandricus
130,0.1,0.0,10,0.1,scratch,blur,7,2807,Micropterus dolomieu
131,0.4,0.5,10,-0.09999999999999998,scratch,blur,7,2815,Cheilodactylus vestitus
132,0.5,0.6,10,-0.09999999999999998,scratch,blur,7,2823,Girella nigricans
133,0.0,0.2,10,-0.2,scratch,blur,7,2826,Neogobius melanostomus
134,0.4,0.1,10,0.30000000000000004,scratch,blur,7,2843,Thalassoma bifasciatum
135,0.5,0.5,10,0.0,scratch,blur,7,2875,Scarus ghobban
136,0.0,0.0,10,0.0,scratch,blur,7,2915,Aulostomus chinensis
137,0.1,0.1,10,0.0,scratch,blur,7,2927,Diodon hystrix
138,0.0,0.0,10,0.0,scratch,blur,7,2941,Bombina variegata
139,0.1,0.0,10,0.1,scratch,blur,7,2951,Bufo bankorensis
140,0.6,0.3,10,0.3,scratch,blur,7,2974,Dendrobates auratus
141,0.1,0.0,10,0.1,scratch,blur,7,2982,Boana rosenbergi
142,0.0,0.0,10,0.0,scratch,blur,7,3026,Lithobates blairi
143,0.3,0.0,10,0.3,scratch,blur,7,3038,Pelophylax ridibundus
144,0.2,0.1,10,0.1,scratch,blur,7,3054,Scaphiopus couchii
145,0.0,0.0,10,0.0,scratch,blur,7,3094,Plethodon serratus
146,0.0,0.0,10,0.0,scratch,blur,7,3135,Buteo swainsoni
147,0.1,0.2,10,-0.1,scratch,blur,7,3147,Circus pygargus
148,0.2,0.0,10,0.2,scratch,blur,7,3160,Haliaeetus albicilla
149,0.1,0.1,10,0.0,scratch,blur,7,3168,Ictinia plumbea
150,0.2,0.1,10,0.1,scratch,blur,7,3200,Anas gracilis
151,0.4,0.0,10,0.4,scratch,blur,7,3206,Anas zonorhyncha
152,0.3,0.1,10,0.19999999999999998,scratch,blur,7,3242,Cygnus cygnus
153,0.1,0.1,10,0.0,scratch,blur,7,3297,Podargus strigoides
154,0.6,0.6,10,0.0,scratch,blur,7,3341,Cerorhinca monocerata
155,0.4,0.3,10,0.10000000000000003,scratch,blur,7,3342,Fratercula arctica
156,0.1,0.0,10,0.1,scratch,blur,7,3346,Burhinus grallarius
157,0.4,0.4,10,0.0,scratch,blur,7,3352,Charadrius hiaticula
158,0.0,0.0,10,0.0,scratch,blur,7,3402,Chroicocephalus ridibundus
159,0.2,0.0,10,0.2,scratch,blur,7,3479,Numenius americanus
160,0.0,0.0,10,0.0,scratch,blur,7,3502,Ciconia ciconia
161,0.1,0.1,10,0.0,scratch,blur,7,3534,Streptopelia capicola
162,0.5,0.1,10,0.4,scratch,blur,7,3617,Penelope obscura
163,0.0,0.0,10,0.0,scratch,blur,7,3621,Callipepla californica
164,0.3,0.2,10,0.09999999999999998,scratch,blur,7,3647,Anthropoides virgo
165,0.0,0.0,10,0.0,scratch,blur,7,3727,Spiza americana
166,0.3,0.0,10,0.3,scratch,blur,7,3755,Corvus frugilegus
167,0.0,0.0,10,0.0,scratch,blur,7,3767,Dendrocitta formosae
168,0.0,0.0,10,0.0,scratch,blur,7,3776,Pica serica
169,0.2,0.0,10,0.2,scratch,blur,7,3792,Emberiza hortulana
170,0.1,0.0,10,0.1,scratch,blur,7,3800,Lonchura punctulata
171,0.0,0.0,10,0.0,scratch,blur,7,3814,Coccothraustes coccothraustes
172,0.1,0.0,10,0.1,scratch,blur,7,3848,Hirundo neoxena
173,0.0,0.0,10,0.0,scratch,blur,7,3859,Riparia riparia
174,0.1,0.0,10,0.1,scratch,blur,7,3864,Tachycineta bicolor
175,0.1,0.0,10,0.1,scratch,blur,7,3870,Cassiculus melanicterus
176,0.0,0.0,10,0.0,scratch,blur,7,3901,Quiscalus quiscula
177,0.2,0.3,10,-0.09999999999999998,scratch,blur,7,3922,Malurus splendens
178,0.3,0.2,10,0.09999999999999998,scratch,blur,7,3946,Oreoscoptes montanus
179,0.3,0.2,10,0.09999999999999998,scratch,blur,7,3958,Anthus hodgsoni
180,0.3,0.4,10,-0.10000000000000003,scratch,blur,7,3971,Motacilla citreola
181,0.4,0.3,10,0.10000000000000003,scratch,blur,7,3972,Motacilla flava
182,0.3,0.1,10,0.19999999999999998,scratch,blur,7,3976,Copsychus saularis
183,0.0,0.1,10,-0.1,scratch,blur,7,3994,Phoenicurus ochruros
184,0.1,0.1,10,0.0,scratch,blur,7,3995,Phoenicurus phoenicurus
185,0.3,0.2,10,0.09999999999999998,scratch,blur,7,3997,Saxicola maurus
186,0.2,0.2,10,0.0,scratch,blur,7,4021,Pachycephala pectoralis
187,0.1,0.1,10,0.0,scratch,blur,7,4027,Baeolophus bicolor
188,0.1,0.0,10,0.1,scratch,blur,7,4075,Setophaga graciae
189,0.0,0.0,10,0.0,scratch,blur,7,4114,Peucaea carpalis
190,0.2,0.2,10,0.0,scratch,blur,7,4139,Petroica australis
191,0.1,0.0,10,0.1,scratch,blur,7,4187,Sitta carolinensis
192,0.0,0.0,10,0.0,scratch,blur,7,4190,Sitta pygmaea
193,0.7,0.4,10,0.29999999999999993,scratch,blur,7,4195,Cinnyricinclus leucogaster
194,0.2,0.2,10,0.0,scratch,blur,7,4221,Pipraeidea bonariensis
195,0.2,0.2,10,0.0,scratch,blur,7,4231,Sicalis luteola
196,0.9,0.5,10,0.4,scratch,blur,7,4241,Tangara arthus
197,0.4,0.2,10,0.2,scratch,blur,7,4245,Thraupis episcopus
198,0.2,0.0,10,0.2,scratch,blur,7,4250,Pachyramphus aglaiae
199,0.0,0.0,10,0.0,scratch,blur,7,4356,Ardea cinerea
200,0.1,0.0,10,0.1,scratch,blur,7,4363,Ardea purpurea
201,0.1,0.1,10,0.0,scratch,blur,7,4366,Ardeola ralloides
202,0.1,0.2,10,-0.1,scratch,blur,7,4404,Platalea flavipes
203,0.0,0.0,10,0.0,scratch,blur,7,4405,Platalea leucorodia
204,0.3,0.0,10,0.3,scratch,blur,7,4407,Platalea regia
205,0.1,0.1,10,0.0,scratch,blur,7,4413,Threskiornis melanocephalus
206,0.3,0.1,10,0.19999999999999998,scratch,blur,7,4422,Psilopogon haemacephalus
207,0.5,0.4,10,0.09999999999999998,scratch,blur,7,4424,Campephilus guatemalensis
208,0.3,0.0,10,0.3,scratch,blur,7,4428,Colaptes campestris
209,0.5,0.1,10,0.4,scratch,blur,7,4472,Ramphastos toco
210,0.1,0.0,10,0.1,scratch,blur,7,4540,Aegolius acadicus
211,0.7,0.3,10,0.39999999999999997,scratch,blur,7,4617,Alcelaphus buselaphus
212,0.0,0.0,10,0.0,scratch,blur,7,4624,Capra ibex
213,0.2,0.1,10,0.1,scratch,blur,7,4640,Tragelaphus angasii
214,0.5,0.0,10,0.5,scratch,blur,7,4665,Phacochoerus africanus
215,0.1,0.3,10,-0.19999999999999998,scratch,blur,7,4688,Crocuta crocuta
216,0.3,0.2,10,0.09999999999999998,scratch,blur,7,4711,Halichoerus grypus
217,0.3,0.1,10,0.19999999999999998,scratch,blur,7,4713,Mirounga leonina
218,0.2,0.0,10,0.2,scratch,blur,7,4722,Rhynchonycteris naso
219,0.4,0.6,10,-0.19999999999999996,scratch,blur,7,4766,Ornithorhynchus anatinus
220,0.2,0.0,10,0.2,scratch,blur,7,4769,Equus caballus
221,0.5,0.1,10,0.4,scratch,blur,7,4770,Equus quagga
222,0.3,0.1,10,0.19999999999999998,scratch,blur,7,4782,Cercopithecus mitis
223,0.3,0.3,10,0.0,scratch,blur,7,4811,Hystrix africaeaustralis
224,0.2,0.0,10,0.2,scratch,blur,7,4823,Cynomys ludovicianus
225,0.0,0.0,10,0.0,scratch,blur,7,4826,Funambulus pennantii
226,0.1,0.0,10,0.1,scratch,blur,7,4829,Ictidomys tridecemlineatus
227,0.1,0.0,10,0.1,scratch,blur,7,4831,Marmota flaviventris
228,0.0,0.0,10,0.0,scratch,blur,7,4883,Elgaria multicarinata
229,0.0,0.0,10,0.0,scratch,blur,7,4885,Ophisaurus attenuatus
230,0.0,0.1,10,-0.1,scratch,blur,7,4915,Hypsiglena jani
231,0.6,0.6,10,0.0,scratch,blur,7,4917,Imantodes cenchoa
232,0.2,0.0,10,0.2,scratch,blur,7,4939,Nerodia floridana
233,0.0,0.0,10,0.0,scratch,blur,7,4942,Nerodia taxispilota
234,0.0,0.0,10,0.0,scratch,blur,7,4947,Pantherophis emoryi
235,0.1,0.0,10,0.1,scratch,blur,7,4955,Regina grahamii
236,0.0,0.0,10,0.0,scratch,blur,7,4993,Anolis sagrei
237,0.2,0.1,10,0.1,scratch,blur,7,5065,Urosaurus ornatus
238,0.1,0.0,10,0.1,scratch,blur,7,5066,Uta stansburiana
239,0.4,0.0,10,0.4,scratch,blur,7,5086,Trachylepis striata
240,0.0,0.0,10,0.0,scratch,blur,7,5124,Sistrurus catenatus
241,0.0,0.0,10,0.0,scratch,blur,7,5150,Pseudemys texana
242,0.2,0.1,10,0.1,scratch,blur,7,5163,Gopherus agassizii
243,0.1,0.0,10,0.1,scratch,blur,7,5168,Testudo graeca
244,0.1,0.1,10,0.0,scratch,blur,7,5186,Metridium senile
245,0.3,0.1,10,0.19999999999999998,scratch,blur,7,5193,Cyanea ferruginea
246,0.6,0.1,10,0.5,scratch,blur,7,5201,Pisaster giganteus
247,0.6,0.1,10,0.5,scratch,blur,7,5227,Cyrtopleura costata
248,0.1,0.0,10,0.1,scratch,blur,7,5279,Cominella adspersa
249,0.2,0.0,10,0.2,scratch,blur,7,5281,Kelletia kelletii
250,0.4,0.3,10,0.10000000000000003,scratch,blur,7,5290,Tritia obsoleta
251,0.0,0.2,10,-0.2,scratch,blur,7,5291,Americoliva sayana
252,0.3,0.6,10,-0.3,scratch,blur,7,5309,Rostanga pulchra
253,0.7,0.3,10,0.39999999999999997,scratch,blur,7,5326,Polycera atra
254,0.1,0.0,10,0.1,scratch,blur,7,5370,Laevicaulis alte
255,0.3,0.2,10,0.09999999999999998,scratch,blur,7,5375,Tegula funebralis
256,0.7,0.2,10,0.49999999999999994,scratch,blur,7,5396,Candelaria concolor
257,0.9,0.5,10,0.4,scratch,blur,7,5435,Dibaeis baeomyces
258,0.8,0.6,10,0.20000000000000007,scratch,blur,7,5462,Sarcoscypha occidentalis
259,0.2,0.2,10,0.0,scratch,blur,7,5467,Nectria cinnabarina
260,0.6,0.4,10,0.19999999999999996,scratch,blur,7,5481,Leucoagaricus leucothites
261,0.9,0.7,10,0.20000000000000007,scratch,blur,7,5493,Amanita jacksonii
262,0.7,0.3,10,0.39999999999999997,scratch,blur,7,5567,Coprinopsis variegata
263,0.8,0.5,10,0.30000000000000004,scratch,blur,7,5570,Panaeolus foenisecii
264,0.2,0.1,10,0.1,scratch,blur,7,5574,Schizophyllum commune
265,0.2,0.2,10,0.0,scratch,blur,7,5576,Agrocybe praecox
266,0.9,0.1,10,0.8,scratch,blur,7,5580,Hypholoma lateritium
267,0.4,0.1,10,0.30000000000000004,scratch,blur,7,5601,Imleria badia
268,0.6,0.0,10,0.6,scratch,blur,7,5613,Scleroderma citrinum
269,0.8,0.0,10,0.8,scratch,blur,7,5635,Inonotus obliquus
270,0.6,0.2,10,0.39999999999999997,scratch,blur,7,5672,Climacodon septentrionalis
271,0.2,0.1,10,0.1,scratch,blur,7,5684,Lentinus arcularius
272,0.9,0.6,10,0.30000000000000004,scratch,blur,7,5696,Sparassis spathulata
273,0.3,0.2,10,0.09999999999999998,scratch,blur,7,5746,Pleurozium schreberi
274,0.6,0.0,10,0.6,scratch,blur,7,5765,Cladophora columbiana
275,0.7,0.4,10,0.29999999999999993,scratch,blur,7,5768,Bazzania trilobata
276,0.1,0.0,10,0.1,scratch,blur,7,5779,Chondrus crispus
277,0.4,0.4,10,0.0,scratch,blur,7,5820,Triantha glutinosa
278,0.2,0.1,10,0.1,scratch,blur,7,5826,Phoenix dactylifera
279,0.7,0.8,10,-0.10000000000000009,scratch,blur,7,5853,Habranthus tubispathus
280,0.3,0.2,10,0.09999999999999998,scratch,blur,7,5875,Agave salmiana
281,0.0,0.0,10,0.0,scratch,blur,7,5879,Asparagus aethiopicus
282,0.6,0.1,10,0.5,scratch,blur,7,5883,Bloomeria crocea
283,0.7,0.1,10,0.6,scratch,blur,7,5917,Nolina parryi
284,0.3,0.0,10,0.3,scratch,blur,7,5953,Phormium tenax
285,0.8,0.8,10,0.0,scratch,blur,7,5957,Hypoxis hirsuta
286,0.8,0.6,10,0.20000000000000007,scratch,blur,7,5992,Anacamptis coriophora
287,0.7,0.6,10,0.09999999999999998,scratch,blur,7,6008,Corallorhiza mertensiana
288,0.5,0.6,10,-0.09999999999999998,scratch,blur,7,6009,Corallorhiza striata
289,0.2,0.1,10,0.1,scratch,blur,7,6049,Liparis loeselii
290,0.5,0.5,10,0.0,scratch,blur,7,6051,Neotinea tridentata
291,0.5,0.6,10,-0.09999999999999998,scratch,blur,7,6064,Ophrys tenthredinifera
292,0.6,0.4,10,0.19999999999999996,scratch,blur,7,6117,Wachendorfia paniculata
293,0.2,0.0,10,0.2,scratch,blur,7,6229,Tillandsia utriculata
294,0.5,0.0,10,0.5,scratch,blur,7,6238,Carex digitata
295,0.0,0.0,10,0.0,scratch,blur,7,6239,Carex eburnea
296,0.5,0.8,10,-0.30000000000000004,scratch,blur,7,6242,Carex gracillima
297,0.2,0.1,10,0.1,scratch,blur,7,6246,Carex hystericina
298,0.3,0.0,10,0.3,scratch,blur,7,6273,Carex vulpinoidea
299,0.3,0.0,10,0.3,scratch,blur,7,6277,Cyperus eragrostis
300,0.5,0.3,10,0.2,scratch,blur,7,6293,Schoenoplectus acutus
301,0.4,0.0,10,0.4,scratch,blur,7,6321,Ammophila breviligulata
302,0.1,0.0,10,0.1,scratch,blur,7,6366,Digitaria sanguinalis
303,0.0,0.0,10,0.0,scratch,blur,7,6382,Hordeum murinum
304,0.1,0.2,10,-0.1,scratch,blur,7,6407,Paspalum dilatatum
305,0.0,0.0,10,0.0,scratch,blur,7,6409,Paspalum urvillei
306,0.7,0.2,10,0.49999999999999994,scratch,blur,7,6432,Stipa pennata
307,0.2,0.0,10,0.2,scratch,blur,7,6447,Canna indica
308,0.6,0.1,10,0.5,scratch,blur,7,6458,Hedychium gardnerianum
309,0.0,0.0,10,0.0,scratch,blur,7,6496,Cicuta virosa
310,0.4,0.0,10,0.4,scratch,blur,7,6499,Cryptotaenia canadensis
311,0.6,0.1,10,0.5,scratch,blur,7,6551,Aralia racemosa
312,0.2,0.0,10,0.2,scratch,blur,7,6558,Hydrocotyle ranunculoides
313,0.1,0.0,10,0.1,scratch,blur,7,6589,Corokia cotoneaster
314,0.2,0.0,10,0.2,scratch,blur,7,6606,Ambrosia deltoidea
315,0.1,0.0,10,0.1,scratch,blur,7,6611,Anaphalioides bellidioides
316,0.4,0.2,10,0.2,scratch,blur,7,6638,Artemisia tridentata
317,0.2,0.2,10,0.0,scratch,blur,7,6656,Bidens bipinnata
318,0.3,0.2,10,0.09999999999999998,scratch,blur,7,6672,Carduus pycnocephalus
319,0.5,0.0,10,0.5,scratch,blur,7,6714,Cirsium pitcheri
320,0.1,0.1,10,0.0,scratch,blur,7,6745,Dittrichia graveolens
321,0.7,0.0,10,0.7,scratch,blur,7,6747,Doellingeria umbellata
322,0.1,0.1,10,0.0,scratch,blur,7,6771,Erigeron canadensis
323,0.6,0.5,10,0.09999999999999998,scratch,blur,7,6773,Erigeron foliosus
324,0.4,0.4,10,0.0,scratch,blur,7,6811,Gnaphalium uliginosum
325,0.5,0.2,10,0.3,scratch,blur,7,6815,Gutierrezia sarothrae
326,0.0,0.0,10,0.0,scratch,blur,7,6828,Helianthus maximiliani
327,0.1,0.0,10,0.1,scratch,blur,7,6850,Isocoma acradenia
328,0.3,0.5,10,-0.2,scratch,blur,7,6892,Melampodium leucanthum
329,0.6,0.6,10,0.0,scratch,blur,7,6927,Perityle emoryi
330,0.3,0.2,10,0.09999999999999998,scratch,blur,7,6938,Pinaropappus roseus
331,0.1,0.1,10,0.0,scratch,blur,7,6955,Pterocaulon pycnostachyum
332,0.4,0.2,10,0.2,scratch,blur,7,6963,Rudbeckia hirta
333,0.8,0.2,10,0.6000000000000001,scratch,blur,7,6969,Senecio ampullaceus
334,0.1,0.0,10,0.1,scratch,blur,7,7004,Solidago rigida
335,0.1,0.0,10,0.1,scratch,blur,7,7013,Sonchus asper
336,0.6,0.0,10,0.6,scratch,blur,7,7024,Symphyotrichum lanceolatum
337,0.7,0.4,10,0.29999999999999993,scratch,blur,7,7042,Tetraneuris scaposa
338,0.1,0.0,10,0.1,scratch,blur,7,7122,Menyanthes trifoliata
339,0.4,0.3,10,0.10000000000000003,scratch,blur,7,7171,Myosotis discolor
340,0.4,0.4,10,0.0,scratch,blur,7,7202,Pholistoma membranaceum
341,0.5,0.3,10,0.2,scratch,blur,7,7231,Cardamine californica
342,0.4,0.2,10,0.2,scratch,blur,7,7279,Streptanthus tortuosus
343,0.5,0.3,10,0.2,scratch,blur,7,7292,Floerkea proserpinacoides
344,0.2,0.3,10,-0.09999999999999998,scratch,blur,7,7305,Mesembryanthemum crystallinum
345,0.1,0.0,10,0.1,scratch,blur,7,7319,Atriplex prostrata
346,0.2,0.3,10,-0.09999999999999998,scratch,blur,7,7324,Celosia argentea
347,0.6,0.3,10,0.3,scratch,blur,7,7349,Cylindropuntia fulgida
348,0.3,0.1,10,0.19999999999999998,scratch,blur,7,7355,Cylindropuntia thurberi
349,0.1,0.0,10,0.1,scratch,blur,7,7367,Echinocereus pentalophus
350,0.7,0.0,10,0.7,scratch,blur,7,7375,Escobaria vivipara
351,0.5,0.1,10,0.4,scratch,blur,7,7394,Opuntia basilaris
352,0.8,0.6,10,0.20000000000000007,scratch,blur,7,7450,Silene dioica
353,0.8,0.4,10,0.4,scratch,blur,7,7477,Drosera intermedia
354,0.8,0.0,10,0.8,scratch,blur,7,7480,Drosera spatulata
355,0.5,0.1,10,0.4,scratch,blur,7,7576,Canotia holacantha
356,0.2,0.0,10,0.2,scratch,blur,7,7577,Celastrus orbiculatus
357,0.3,0.0,10,0.3,scratch,blur,7,7609,Hydrangea quercifolia
358,0.6,0.2,10,0.39999999999999997,scratch,blur,7,7610,Philadelphus lewisii
359,0.4,0.4,10,0.0,scratch,blur,7,7616,Petalonyx thurberi
360,0.0,0.0,10,0.0,scratch,blur,7,7617,Nyssa sylvatica
361,0.7,0.0,10,0.7,scratch,blur,7,7634,Centranthus ruber
362,0.6,0.1,10,0.5,scratch,blur,7,7640,Leycesteria formosa
363,0.7,0.5,10,0.19999999999999996,scratch,blur,7,7652,Lonicera sempervirens
364,0.1,0.1,10,0.0,scratch,blur,7,7713,Arctostaphylos uva-ursi
365,0.1,0.2,10,-0.1,scratch,blur,7,7735,Erica imbricata
366,0.3,0.2,10,0.09999999999999998,scratch,blur,7,7752,Leptecophylla tameiameiae
367,0.2,0.0,10,0.2,scratch,blur,7,7756,Lyonia lucida
368,0.7,0.6,10,0.09999999999999998,scratch,blur,7,7785,Rhododendron periclymenoides
369,0.2,0.1,10,0.1,scratch,blur,7,7802,Xylococcus bicolor
370,0.3,0.1,10,0.19999999999999998,scratch,blur,7,7819,Leptosiphon nuttallii
371,0.4,0.3,10,0.10000000000000003,scratch,blur,7,7822,Linanthus dianthiflorus
372,0.5,0.0,10,0.5,scratch,blur,7,7831,Phlox hoodii
373,0.5,0.2,10,0.3,scratch,blur,7,7851,Lysimachia clethroides
374,0.7,0.7,10,0.0,scratch,blur,7,7858,Lysimachia quadriflora
375,0.1,0.1,10,0.0,scratch,blur,7,7889,Acacia cyclops
376,0.0,0.0,10,0.0,scratch,blur,7,7897,Acacia saligna
377,0.3,0.0,10,0.3,scratch,blur,7,7912,Astragalus crassicarpus
378,0.5,0.4,10,0.09999999999999998,scratch,blur,7,7913,Astragalus danicus
379,0.6,0.1,10,0.5,scratch,blur,7,7918,Astragalus purshii
380,0.7,0.9,10,-0.20000000000000007,scratch,blur,7,7944,Dalea aurea
381,0.3,0.0,10,0.3,scratch,blur,7,7950,Desmanthus illinoensis
382,0.6,0.0,10,0.6,scratch,blur,7,7958,Erythrostemon mexicanus
383,0.6,0.6,10,0.0,scratch,blur,7,7974,Hylodesmum glutinosum
384,0.1,0.1,10,0.0,scratch,blur,7,7989,Lespedeza capitata
385,0.4,0.5,10,-0.09999999999999998,scratch,blur,7,7994,Lotus corniculatus
386,0.0,0.0,10,0.0,scratch,blur,7,7995,Lotus pedunculatus
387,0.5,0.1,10,0.4,scratch,blur,7,8020,Medicago lupulina
388,0.5,0.2,10,0.3,scratch,blur,7,8028,Mimosa nuttallii
389,0.6,0.6,10,0.0,scratch,blur,7,8062,Senna armata
390,0.1,0.1,10,0.0,scratch,blur,7,8095,Trifolium lupinaster
391,0.1,0.0,10,0.1,scratch,blur,7,8106,Vachellia farnesiana
392,0.4,0.1,10,0.30000000000000004,scratch,blur,7,8127,Polygala alba
393,0.2,0.0,10,0.2,scratch,blur,7,8154,Carpinus caroliniana
394,0.0,0.0,10,0.0,scratch,blur,7,8162,Chrysolepis chrysophylla
395,0.0,0.0,10,0.0,scratch,blur,7,8168,Quercus alba
396,0.0,0.0,10,0.0,scratch,blur,7,8171,Quercus buckleyi
397,0.0,0.0,10,0.0,scratch,blur,7,8189,Quercus laevis
398,0.2,0.0,10,0.2,scratch,blur,7,8190,Quercus lobata
399,0.0,0.1,10,-0.1,scratch,blur,7,8196,Quercus nigra
400,0.1,0.0,10,0.1,scratch,blur,7,8214,Carya tomentosa
401,0.1,0.0,10,0.1,scratch,blur,7,8227,Garrya lindheimeri
402,0.2,0.0,10,0.2,scratch,blur,7,8235,Asclepias asperula
403,0.6,0.0,10,0.6,scratch,blur,7,8249,Asclepias oenotheroides
404,0.3,0.3,10,0.0,scratch,blur,7,8254,Asclepias subulata
405,0.3,0.3,10,0.0,scratch,blur,7,8267,Catharanthus roseus
406,0.5,0.5,10,0.0,scratch,blur,7,8283,Vinca minor
407,0.2,0.5,10,-0.3,scratch,blur,7,8344,Galium triflorum
408,0.3,0.0,10,0.3,scratch,blur,7,8358,Paederia foetida
409,0.5,0.4,10,0.09999999999999998,scratch,blur,7,8369,Erodium texanum
410,0.7,0.8,10,-0.10000000000000009,scratch,blur,7,8379,Geranium pratense
411,0.2,0.3,10,-0.09999999999999998,scratch,blur,7,8386,Geranium sibiricum
412,0.6,0.4,10,0.19999999999999996,scratch,blur,7,8410,Thunbergia alata
413,0.5,0.2,10,0.3,scratch,blur,7,8419,Tabebuia rosea
414,0.2,0.2,10,0.0,scratch,blur,7,8437,Condea emoryi
415,0.5,0.0,10,0.5,scratch,blur,7,8453,Leonurus cardiaca
416,0.5,0.1,10,0.4,scratch,blur,7,8475,Origanum vulgare
417,0.4,0.0,10,0.4,scratch,blur,7,8477,Phlomoides tuberosa
418,0.2,0.1,10,0.1,scratch,blur,7,8492,Salvia mellifera
419,0.4,0.2,10,0.2,scratch,blur,7,8515,Teucrium canadense
420,0.5,0.9,10,-0.4,scratch,blur,7,8587,Castilleja tenuiflora
421,0.1,0.3,10,-0.19999999999999998,scratch,blur,7,8593,Euphrasia nemorosa
422,0.9,0.5,10,0.4,scratch,blur,7,8594,Hyobanche sanguinea
423,0.8,0.0,10,0.8,scratch,blur,7,8607,Pedicularis groenlandica
424,0.7,0.3,10,0.39999999999999997,scratch,blur,7,8641,Cymbalaria muralis
425,0.5,0.1,10,0.4,scratch,blur,7,8659,Penstemon centranthifolius
426,0.7,0.6,10,0.09999999999999998,scratch,blur,7,8669,Penstemon procerus
427,0.0,0.2,10,-0.2,scratch,blur,7,8675,Plantago erecta
428,0.3,0.0,10,0.3,scratch,blur,7,8678,Plantago maritima
429,0.1,0.0,10,0.1,scratch,blur,7,8688,Veronica anagallis-aquatica
430,0.6,0.3,10,0.3,scratch,blur,7,8693,Veronica filiformis
431,0.0,0.0,10,0.0,scratch,blur,7,8708,Buddleja cordata
432,0.7,0.3,10,0.39999999999999997,scratch,blur,7,8717,Verbascum nigrum
433,0.2,0.0,10,0.2,scratch,blur,7,8750,Laurus nobilis
434,0.0,0.0,10,0.0,scratch,blur,7,8755,Hedycarya arborea
435,0.2,0.0,10,0.2,scratch,blur,7,8761,Magnolia grandiflora
436,0.1,0.0,10,0.1,scratch,blur,7,8763,Magnolia tripetala
437,0.3,0.4,10,-0.10000000000000003,scratch,blur,7,8800,Euphorbia misera
438,0.5,0.3,10,0.2,scratch,blur,7,8810,Euphorbia serpillifolia
439,0.8,0.3,10,0.5,scratch,blur,7,8851,Turnera ulmifolia
440,0.3,0.0,10,0.3,scratch,blur,7,8852,Bischofia javanica
441,0.2,0.0,10,0.2,scratch,blur,7,8875,Salix laevigata
442,0.4,0.2,10,0.2,scratch,blur,7,8882,Melicytus alpinus
443,0.3,0.1,10,0.19999999999999998,scratch,blur,7,8888,Viola blanda
444,0.7,0.6,10,0.09999999999999998,scratch,blur,7,8917,Viola tricolor
445,0.7,0.4,10,0.29999999999999993,scratch,blur,7,8920,Cistus albidus
446,0.5,0.7,10,-0.19999999999999996,scratch,blur,7,8936,Callirhoe pedata
447,0.7,0.1,10,0.6,scratch,blur,7,8946,Hibiscus moscheutos
448,0.3,0.0,10,0.3,scratch,blur,7,8949,Hibiscus tiliaceus
449,0.3,0.4,10,-0.10000000000000003,scratch,blur,7,8954,Malacothamnus fasciculatus
450,0.2,0.3,10,-0.09999999999999998,scratch,blur,7,9001,Lythrum hyssopifolia
451,0.3,0.0,10,0.3,scratch,blur,7,9021,Metrosideros umbellata
452,0.2,0.1,10,0.1,scratch,blur,7,9022,Myrtus communis
453,0.2,0.2,10,0.0,scratch,blur,7,9033,Circaea lutetiana
454,0.4,0.1,10,0.30000000000000004,scratch,blur,7,9055,Ludwigia peruviana
455,0.3,0.5,10,-0.2,scratch,blur,7,9063,Oenothera gaura
456,0.3,0.1,10,0.19999999999999998,scratch,blur,7,9085,Nymphaea nouchali
457,0.7,0.5,10,0.19999999999999996,scratch,blur,7,9099,Oxalis luteola
458,0.3,0.1,10,0.19999999999999998,scratch,blur,7,9130,Leucadendron salignum
459,0.4,0.1,10,0.30000000000000004,scratch,blur,7,9139,Protea repens
460,0.3,0.0,10,0.3,scratch,blur,7,9142,Berberis aquifolium
461,1.0,0.8,10,0.19999999999999996,scratch,blur,7,9186,Papaver rhoeas
462,0.5,0.1,10,0.4,scratch,blur,7,9192,Stylophorum diphyllum
463,0.4,0.1,10,0.30000000000000004,scratch,blur,7,9219,Aquilegia flavescens
464,0.1,0.1,10,0.0,scratch,blur,7,9230,Clematis occidentalis
465,0.7,0.5,10,0.19999999999999996,scratch,blur,7,9256,Pulsatilla nuttalliana
466,0.1,0.0,10,0.1,scratch,blur,7,9288,Cannabis sativa
467,0.2,0.0,10,0.2,scratch,blur,7,9309,Ficus petiolaris
468,0.5,0.2,10,0.3,scratch,blur,7,9333,Ceanothus verrucosus
469,0.1,0.0,10,0.1,scratch,blur,7,9338,Frangula californica
470,0.1,0.0,10,0.1,scratch,blur,7,9404,Photinia serratifolia
471,0.7,0.5,10,0.19999999999999996,scratch,blur,7,9444,Rosa bracteata
472,0.0,0.0,10,0.0,scratch,blur,7,9460,Rubus bifrons
473,0.2,0.0,10,0.2,scratch,blur,7,9468,Rubus laciniatus
474,0.5,0.2,10,0.3,scratch,blur,7,9476,Rubus saxatilis
475,0.0,0.0,10,0.0,scratch,blur,7,9499,Ulmus americana
476,0.1,0.0,10,0.1,scratch,blur,7,9541,Rhus typhina
477,0.1,0.0,10,0.1,scratch,blur,7,9573,Acer nigrum
478,0.0,0.0,10,0.0,scratch,blur,7,9584,Aesculus glabra
479,0.0,0.0,10,0.0,scratch,blur,7,9593,Ailanthus altissima
480,0.5,0.2,10,0.3,scratch,blur,7,9615,Sedum lanceolatum
481,0.3,0.0,10,0.3,scratch,blur,7,9636,Ribes rubrum
482,0.1,0.0,10,0.1,scratch,blur,7,9639,Ribes triste
483,0.0,0.0,10,0.0,scratch,blur,7,9644,Hamamelis virginiana
484,0.4,0.3,10,0.10000000000000003,scratch,blur,7,9659,Micranthes californica
485,0.7,0.3,10,0.39999999999999997,scratch,blur,7,9677,Calystegia sepium
486,0.4,0.0,10,0.4,scratch,blur,7,9776,Cupressus macrocarpa
487,0.5,0.1,10,0.4,scratch,blur,7,9786,Juniperus osteosperma
488,0.4,0.3,10,0.10000000000000003,scratch,blur,7,9825,Pinus lambertiana
489,0.0,0.0,10,0.0,scratch,blur,7,9847,Tsuga mertensiana
490,0.0,0.0,10,0.0,scratch,blur,7,9855,Prumnopitys taxifolia
491,0.4,0.0,10,0.4,scratch,blur,7,9870,Equisetum pratense
492,0.4,0.0,10,0.4,scratch,blur,7,9907,Asplenium viride
493,0.2,0.2,10,0.0,scratch,blur,7,9912,Blechnum filiforme
494,0.5,0.1,10,0.4,scratch,blur,7,9920,Telmatoblechnum serrulatum
495,0.6,0.0,10,0.6,scratch,blur,7,9932,Pteridium aquilinum
496,0.5,0.3,10,0.2,scratch,blur,7,9955,Microsorum scandens
497,0.3,0.0,10,0.3,scratch,blur,7,9958,Pleopeltis michauxiana
498,0.4,0.0,10,0.4,scratch,blur,7,9965,Acrostichum danaeifolium
499,0.4,0.1,10,0.30000000000000004,scratch,blur,7,9985,Pteris macilenta
0,0.1,0.2,10,-0.1,scratch,jpeg,20,44,Trichonephila clavata
1,0.5,0.6,10,-0.09999999999999998,scratch,jpeg,20,46,Trichonephila edulis
2,0.0,0.0,10,0.0,scratch,jpeg,20,53,Badumna longinqua
3,0.0,0.0,10,0.0,scratch,jpeg,20,70,Dolomedes triton
4,0.1,0.0,10,0.1,scratch,jpeg,20,83,Lyssomanes viridis
5,0.1,0.1,10,0.0,scratch,jpeg,20,89,Naphrys pulex
6,0.2,0.4,10,-0.2,scratch,jpeg,20,109,Aphonopelma chalcodes
7,0.1,0.2,10,-0.1,scratch,jpeg,20,110,Aphonopelma eutylenum
8,0.0,0.0,10,0.0,scratch,jpeg,20,147,Leiobunum townsendi
9,0.5,0.6,10,-0.09999999999999998,scratch,jpeg,20,170,Pollicipes polymerus
10,0.6,0.4,10,0.19999999999999996,scratch,jpeg,20,200,Cicindela campestris
11,0.5,0.4,10,0.09999999999999998,scratch,jpeg,20,211,Cicindela scutellaris
12,0.5,0.4,10,0.09999999999999998,scratch,jpeg,20,215,Harpalus rufipes
13,0.3,0.2,10,0.09999999999999998,scratch,jpeg,20,246,Prionus laticollis
14,0.3,0.3,10,0.0,scratch,jpeg,20,261,Typocerus velutinus
15,0.1,0.1,10,0.0,scratch,jpeg,20,273,Chrysolina americana
16,0.4,0.4,10,0.0,scratch,jpeg,20,279,Clytra laeviuscula
17,0.8,0.9,10,-0.09999999999999998,scratch,jpeg,20,286,Helocassis clavata
18,0.2,0.2,10,0.0,scratch,jpeg,20,303,Adalia decempunctata
19,0.1,0.1,10,0.0,scratch,jpeg,20,304,Anatis ocellata
20,0.7,0.7,10,0.0,scratch,jpeg,20,332,Psyllobora vigintiduopunctata
21,0.1,0.2,10,-0.1,scratch,jpeg,20,376,Callistethus marginatus
22,0.3,0.2,10,0.09999999999999998,scratch,jpeg,20,381,Dynastes tityus
23,0.0,0.0,10,0.0,scratch,jpeg,20,382,Euphoria basalis
24,0.6,0.3,10,0.3,scratch,jpeg,20,418,Zopherus nodulosus
25,0.6,0.3,10,0.3,scratch,jpeg,20,504,Tipula abdominalis
26,0.7,0.7,10,0.0,scratch,jpeg,20,525,Cercopis vulnerata
27,0.1,0.1,10,0.0,scratch,jpeg,20,529,Cuerna costalis
28,0.4,0.4,10,0.0,scratch,jpeg,20,562,Coreus marginatus
29,0.3,0.3,10,0.0,scratch,jpeg,20,573,Thasus neocalifornicus
30,0.3,0.3,10,0.0,scratch,jpeg,20,623,Euthyrhynchus floridanus
31,0.5,0.4,10,0.09999999999999998,scratch,jpeg,20,652,Pselliopus barberi
32,0.1,0.1,10,0.0,scratch,jpeg,20,666,Scolypopa australis
33,0.0,0.0,10,0.0,scratch,jpeg,20,712,Xylocopa sonorina
34,0.0,0.0,10,0.0,scratch,jpeg,20,713,Xylocopa tabaniformis
35,0.1,0.1,10,0.0,scratch,jpeg,20,778,Halictus rubicundus
36,0.4,0.3,10,0.10000000000000003,scratch,jpeg,20,791,Dasymutilla occidentalis
37,0.3,0.3,10,0.0,scratch,jpeg,20,809,Myzinum quinquecinctum
38,0.1,0.0,10,0.1,scratch,jpeg,20,830,Polistes dominula
39,0.0,0.0,10,0.0,scratch,jpeg,20,832,Polistes exclamans
40,0.2,0.2,10,0.0,scratch,jpeg,20,834,Polistes humilis
41,0.3,0.5,10,-0.2,scratch,jpeg,20,858,Achyra rantalis
42,0.4,0.4,10,0.0,scratch,jpeg,20,860,Agriphila tristella
43,0.6,0.6,10,0.0,scratch,jpeg,20,863,Anania funebris
44,0.7,0.7,10,0.0,scratch,jpeg,20,878,Desmia funeralis
45,0.4,0.2,10,0.2,scratch,jpeg,20,901,Lineodes integra
46,0.4,0.5,10,-0.09999999999999998,scratch,jpeg,20,907,Microtheoris vibicalis
47,0.1,0.0,10,0.1,scratch,jpeg,20,950,Agonopterix alstroemeriana
48,0.1,0.0,10,0.1,scratch,jpeg,20,976,Arctia caja
49,0.2,0.4,10,-0.2,scratch,jpeg,20,1062,Idia lubricalis
50,0.6,0.5,10,0.09999999999999998,scratch,jpeg,20,1068,Lithosia quadra
51,0.0,0.0,10,0.0,scratch,jpeg,20,1074,Lymantria dispar
52,0.3,0.3,10,0.0,scratch,jpeg,20,1152,Anticlea vasiliata
53,0.6,0.5,10,0.09999999999999998,scratch,jpeg,20,1154,Arhodia lasiocamparia
54,0.2,0.1,10,0.1,scratch,jpeg,20,1155,Besma quercivoraria
55,0.4,0.2,10,0.2,scratch,jpeg,20,1157,Cabera erythemaria
56,0.4,0.3,10,0.10000000000000003,scratch,jpeg,20,1210,Eubaphe mendica
57,0.0,0.0,10,0.0,scratch,jpeg,20,1230,Hypagyrtis unipunctata
58,0.5,0.5,10,0.0,scratch,jpeg,20,1242,Ilexia intractata
59,0.4,0.2,10,0.2,scratch,jpeg,20,1244,Iridopsis larvaria
60,0.1,0.2,10,-0.1,scratch,jpeg,20,1255,Macaria aemulataria
61,1.0,1.0,10,0.0,scratch,jpeg,20,1278,Opisthograptis luteolata
62,0.4,0.3,10,0.10000000000000003,scratch,jpeg,20,1293,Plagodis pulveraria
63,0.5,0.5,10,0.0,scratch,jpeg,20,1387,Oligoria maculata
64,0.0,0.0,10,0.0,scratch,jpeg,20,1425,Trabala vishnou
65,0.7,0.7,10,0.0,scratch,jpeg,20,1471,Eooxylides tharis
66,0.4,0.4,10,0.0,scratch,jpeg,20,1481,Heliophorus ila
67,0.0,0.1,10,-0.1,scratch,jpeg,20,1485,Icaricia icarioides
68,0.3,0.2,10,0.09999999999999998,scratch,jpeg,20,1501,Lycaena helloides
69,0.6,0.5,10,0.09999999999999998,scratch,jpeg,20,1516,Plebejus samuelis
70,0.4,0.4,10,0.0,scratch,jpeg,20,1525,Satyrium behrii
71,0.3,0.2,10,0.09999999999999998,scratch,jpeg,20,1536,Strymon melinus
72,0.3,0.1,10,0.19999999999999998,scratch,jpeg,20,1566,Agrotis munda
73,0.7,0.4,10,0.29999999999999993,scratch,jpeg,20,1576,Anaplectoides prasina
74,0.6,0.3,10,0.3,scratch,jpeg,20,1603,Copivaleria grotei
75,0.8,0.9,10,-0.09999999999999998,scratch,jpeg,20,1606,Cosmodes elegans
76,0.0,0.0,10,0.0,scratch,jpeg,20,1632,Helicoverpa armigera
77,0.4,0.2,10,0.2,scratch,jpeg,20,1634,Hemieuxoa rudens
78,0.3,0.2,10,0.09999999999999998,scratch,jpeg,20,1658,Morrisonia confusa
79,0.4,0.4,10,0.0,scratch,jpeg,20,1669,Ochropleura implecta
80,0.1,0.0,10,0.1,scratch,jpeg,20,1713,Tarache aprica
81,0.2,0.2,10,0.0,scratch,jpeg,20,1732,Clostera apicalis
82,0.6,0.7,10,-0.09999999999999998,scratch,jpeg,20,1788,Ariadne ariadne
83,0.1,0.2,10,-0.1,scratch,jpeg,20,1875,Hipparchia statilinus
84,0.4,0.4,10,0.0,scratch,jpeg,20,1907,Limenitis archippus
85,0.6,0.7,10,-0.09999999999999998,scratch,jpeg,20,1910,Limenitis lorquini
86,0.2,0.2,10,0.0,scratch,jpeg,20,1932,Morpho helenor
87,0.2,0.2,10,0.0,scratch,jpeg,20,1938,Nymphalis antiopa
88,0.7,0.7,10,0.0,scratch,jpeg,20,1944,Parantica aglea
89,0.5,0.4,10,0.09999999999999998,scratch,jpeg,20,1955,Polygonia c-album
90,0.4,0.4,10,0.0,scratch,jpeg,20,1958,Polygonia faunus
91,0.8,0.6,10,0.20000000000000007,scratch,jpeg,20,1979,Texola elada
92,0.6,0.6,10,0.0,scratch,jpeg,20,1983,Vanessa annabella
93,0.4,0.4,10,0.0,scratch,jpeg,20,2034,Papilio thoas
94,0.0,0.0,10,0.0,scratch,jpeg,20,2035,Papilio troilus
95,0.5,0.4,10,0.09999999999999998,scratch,jpeg,20,2047,Anteos maerula
96,0.2,0.2,10,0.0,scratch,jpeg,20,2061,Catopsilia pyranthe
97,0.1,0.1,10,0.0,scratch,jpeg,20,2100,Pontia edusa
98,0.2,0.2,10,0.0,scratch,jpeg,20,2114,Aglossa pinguinalis
99,0.4,0.5,10,-0.09999999999999998,scratch,jpeg,20,2121,Endotricha pyrosalis
100,0.5,0.4,10,0.09999999999999998,scratch,jpeg,20,2129,Moodna ostrinella
101,0.1,0.2,10,-0.1,scratch,jpeg,20,2242,Clepsis persicana
102,0.1,0.0,10,0.1,scratch,jpeg,20,2300,Dicromantispa interrupta
103,0.7,0.7,10,0.0,scratch,jpeg,20,2340,Agriocnemis femina
104,0.8,0.6,10,0.20000000000000007,scratch,jpeg,20,2375,Enallagma geminatum
105,0.3,0.1,10,0.19999999999999998,scratch,jpeg,20,2385,Ischnura denticollis
106,0.6,0.6,10,0.0,scratch,jpeg,20,2404,Cordulegaster diastatops
107,0.3,0.2,10,0.09999999999999998,scratch,jpeg,20,2408,Cordulia aenea
108,0.0,0.0,10,0.0,scratch,jpeg,20,2414,Epitheca princeps
109,0.4,0.4,10,0.0,scratch,jpeg,20,2418,Somatochlora tenebrosa
110,0.4,0.3,10,0.10000000000000003,scratch,jpeg,20,2424,Arigomphus villosipes
111,0.5,0.5,10,0.0,scratch,jpeg,20,2430,Gomphurus vastus
112,0.4,0.4,10,0.0,scratch,jpeg,20,2450,Lestes alacer
113,0.2,0.2,10,0.0,scratch,jpeg,20,2458,Lestes inaequalis
114,0.0,0.0,10,0.0,scratch,jpeg,20,2501,Leucorrhinia intacta
115,0.2,0.2,10,0.0,scratch,jpeg,20,2502,Leucorrhinia proxima
116,0.3,0.4,10,-0.10000000000000003,scratch,jpeg,20,2569,Sympetrum obtrusum
117,0.5,0.3,10,0.2,scratch,jpeg,20,2581,Trithemis annulata
118,0.6,0.6,10,0.0,scratch,jpeg,20,2585,Trithemis kirbyi
119,0.5,0.5,10,0.0,scratch,jpeg,20,2593,Nososticta solida
120,0.5,0.4,10,0.09999999999999998,scratch,jpeg,20,2661,Taeniopoda eques
121,0.2,0.2,10,0.0,scratch,jpeg,20,2691,Tettigonia viridissima
122,0.3,0.3,10,0.0,scratch,jpeg,20,2692,Phyllopalpus pulchellus
123,0.2,0.3,10,-0.09999999999999998,scratch,jpeg,20,2704,Cancer borealis
124,0.1,0.1,10,0.0,scratch,jpeg,20,2712,Pugettia producta
125,0.3,0.3,10,0.0,scratch,jpeg,20,2721,Emerita talpoida
126,0.1,0.0,10,0.1,scratch,jpeg,20,2737,Arenaeus cribrarius
127,0.0,0.0,10,0.0,scratch,jpeg,20,2739,Aratus pisonii
128,0.0,0.1,10,-0.1,scratch,jpeg,20,2769,Pimephales notatus
129,0.3,0.1,10,0.19999999999999998,scratch,jpeg,20,2785,Gobiesox maeandricus
130,0.1,0.0,10,0.1,scratch,jpeg,20,2807,Micropterus dolomieu
131,0.4,0.5,10,-0.09999999999999998,scratch,jpeg,20,2815,Cheilodactylus vestitus
132,0.5,0.4,10,0.09999999999999998,scratch,jpeg,20,2823,Girella nigricans
133,0.0,0.0,10,0.0,scratch,jpeg,20,2826,Neogobius melanostomus
134,0.4,0.4,10,0.0,scratch,jpeg,20,2843,Thalassoma bifasciatum
135,0.5,0.5,10,0.0,scratch,jpeg,20,2875,Scarus ghobban
136,0.0,0.0,10,0.0,scratch,jpeg,20,2915,Aulostomus chinensis
137,0.1,0.2,10,-0.1,scratch,jpeg,20,2927,Diodon hystrix
138,0.0,0.0,10,0.0,scratch,jpeg,20,2941,Bombina variegata
139,0.1,0.0,10,0.1,scratch,jpeg,20,2951,Bufo bankorensis
140,0.6,0.5,10,0.09999999999999998,scratch,jpeg,20,2974,Dendrobates auratus
141,0.1,0.0,10,0.1,scratch,jpeg,20,2982,Boana rosenbergi
142,0.0,0.0,10,0.0,scratch,jpeg,20,3026,Lithobates blairi
143,0.3,0.2,10,0.09999999999999998,scratch,jpeg,20,3038,Pelophylax ridibundus
144,0.2,0.1,10,0.1,scratch,jpeg,20,3054,Scaphiopus couchii
145,0.0,0.0,10,0.0,scratch,jpeg,20,3094,Plethodon serratus
146,0.0,0.0,10,0.0,scratch,jpeg,20,3135,Buteo swainsoni
147,0.1,0.1,10,0.0,scratch,jpeg,20,3147,Circus pygargus
148,0.2,0.1,10,0.1,scratch,jpeg,20,3160,Haliaeetus albicilla
149,0.1,0.1,10,0.0,scratch,jpeg,20,3168,Ictinia plumbea
150,0.2,0.2,10,0.0,scratch,jpeg,20,3200,Anas gracilis
151,0.4,0.5,10,-0.09999999999999998,scratch,jpeg,20,3206,Anas zonorhyncha
152,0.3,0.3,10,0.0,scratch,jpeg,20,3242,Cygnus cygnus
153,0.1,0.1,10,0.0,scratch,jpeg,20,3297,Podargus strigoides
154,0.6,0.6,10,0.0,scratch,jpeg,20,3341,Cerorhinca monocerata
155,0.4,0.3,10,0.10000000000000003,scratch,jpeg,20,3342,Fratercula arctica
156,0.1,0.0,10,0.1,scratch,jpeg,20,3346,Burhinus grallarius
157,0.4,0.4,10,0.0,scratch,jpeg,20,3352,Charadrius hiaticula
158,0.0,0.1,10,-0.1,scratch,jpeg,20,3402,Chroicocephalus ridibundus
159,0.2,0.1,10,0.1,scratch,jpeg,20,3479,Numenius americanus
160,0.0,0.1,10,-0.1,scratch,jpeg,20,3502,Ciconia ciconia
161,0.1,0.1,10,0.0,scratch,jpeg,20,3534,Streptopelia capicola
162,0.5,0.5,10,0.0,scratch,jpeg,20,3617,Penelope obscura
163,0.0,0.0,10,0.0,scratch,jpeg,20,3621,Callipepla californica
164,0.3,0.2,10,0.09999999999999998,scratch,jpeg,20,3647,Anthropoides virgo
165,0.0,0.0,10,0.0,scratch,jpeg,20,3727,Spiza americana
166,0.3,0.3,10,0.0,scratch,jpeg,20,3755,Corvus frugilegus
167,0.0,0.0,10,0.0,scratch,jpeg,20,3767,Dendrocitta formosae
168,0.0,0.0,10,0.0,scratch,jpeg,20,3776,Pica serica
169,0.2,0.2,10,0.0,scratch,jpeg,20,3792,Emberiza hortulana
170,0.1,0.2,10,-0.1,scratch,jpeg,20,3800,Lonchura punctulata
171,0.0,0.1,10,-0.1,scratch,jpeg,20,3814,Coccothraustes coccothraustes
172,0.1,0.1,10,0.0,scratch,jpeg,20,3848,Hirundo neoxena
173,0.0,0.0,10,0.0,scratch,jpeg,20,3859,Riparia riparia
174,0.1,0.0,10,0.1,scratch,jpeg,20,3864,Tachycineta bicolor
175,0.1,0.1,10,0.0,scratch,jpeg,20,3870,Cassiculus melanicterus
176,0.0,0.0,10,0.0,scratch,jpeg,20,3901,Quiscalus quiscula
177,0.2,0.2,10,0.0,scratch,jpeg,20,3922,Malurus splendens
178,0.3,0.2,10,0.09999999999999998,scratch,jpeg,20,3946,Oreoscoptes montanus
179,0.3,0.1,10,0.19999999999999998,scratch,jpeg,20,3958,Anthus hodgsoni
180,0.3,0.3,10,0.0,scratch,jpeg,20,3971,Motacilla citreola
181,0.4,0.4,10,0.0,scratch,jpeg,20,3972,Motacilla flava
182,0.3,0.2,10,0.09999999999999998,scratch,jpeg,20,3976,Copsychus saularis
183,0.0,0.0,10,0.0,scratch,jpeg,20,3994,Phoenicurus ochruros
184,0.1,0.1,10,0.0,scratch,jpeg,20,3995,Phoenicurus phoenicurus
185,0.3,0.3,10,0.0,scratch,jpeg,20,3997,Saxicola maurus
186,0.2,0.2,10,0.0,scratch,jpeg,20,4021,Pachycephala pectoralis
187,0.1,0.1,10,0.0,scratch,jpeg,20,4027,Baeolophus bicolor
188,0.1,0.1,10,0.0,scratch,jpeg,20,4075,Setophaga graciae
189,0.0,0.1,10,-0.1,scratch,jpeg,20,4114,Peucaea carpalis
190,0.2,0.1,10,0.1,scratch,jpeg,20,4139,Petroica australis
191,0.1,0.0,10,0.1,scratch,jpeg,20,4187,Sitta carolinensis
192,0.0,0.0,10,0.0,scratch,jpeg,20,4190,Sitta pygmaea
193,0.7,0.7,10,0.0,scratch,jpeg,20,4195,Cinnyricinclus leucogaster
194,0.2,0.3,10,-0.09999999999999998,scratch,jpeg,20,4221,Pipraeidea bonariensis
195,0.2,0.2,10,0.0,scratch,jpeg,20,4231,Sicalis luteola
196,0.9,0.9,10,0.0,scratch,jpeg,20,4241,Tangara arthus
197,0.4,0.4,10,0.0,scratch,jpeg,20,4245,Thraupis episcopus
198,0.2,0.2,10,0.0,scratch,jpeg,20,4250,Pachyramphus aglaiae
199,0.0,0.0,10,0.0,scratch,jpeg,20,4356,Ardea cinerea
200,0.1,0.1,10,0.0,scratch,jpeg,20,4363,Ardea purpurea
201,0.1,0.1,10,0.0,scratch,jpeg,20,4366,Ardeola ralloides
202,0.1,0.1,10,0.0,scratch,jpeg,20,4404,Platalea flavipes
203,0.0,0.0,10,0.0,scratch,jpeg,20,4405,Platalea leucorodia
204,0.3,0.3,10,0.0,scratch,jpeg,20,4407,Platalea regia
205,0.1,0.0,10,0.1,scratch,jpeg,20,4413,Threskiornis melanocephalus
206,0.3,0.2,10,0.09999999999999998,scratch,jpeg,20,4422,Psilopogon haemacephalus
207,0.5,0.5,10,0.0,scratch,jpeg,20,4424,Campephilus guatemalensis
208,0.3,0.2,10,0.09999999999999998,scratch,jpeg,20,4428,Colaptes campestris
209,0.5,0.4,10,0.09999999999999998,scratch,jpeg,20,4472,Ramphastos toco
210,0.1,0.0,10,0.1,scratch,jpeg,20,4540,Aegolius acadicus
211,0.7,0.6,10,0.09999999999999998,scratch,jpeg,20,4617,Alcelaphus buselaphus
212,0.0,0.0,10,0.0,scratch,jpeg,20,4624,Capra ibex
213,0.2,0.3,10,-0.09999999999999998,scratch,jpeg,20,4640,Tragelaphus angasii
214,0.5,0.5,10,0.0,scratch,jpeg,20,4665,Phacochoerus africanus
215,0.1,0.3,10,-0.19999999999999998,scratch,jpeg,20,4688,Crocuta crocuta
216,0.3,0.2,10,0.09999999999999998,scratch,jpeg,20,4711,Halichoerus grypus
217,0.3,0.3,10,0.0,scratch,jpeg,20,4713,Mirounga leonina
218,0.2,0.0,10,0.2,scratch,jpeg,20,4722,Rhynchonycteris naso
219,0.4,0.5,10,-0.09999999999999998,scratch,jpeg,20,4766,Ornithorhynchus anatinus
220,0.2,0.3,10,-0.09999999999999998,scratch,jpeg,20,4769,Equus caballus
221,0.5,0.4,10,0.09999999999999998,scratch,jpeg,20,4770,Equus quagga
222,0.3,0.3,10,0.0,scratch,jpeg,20,4782,Cercopithecus mitis
223,0.3,0.3,10,0.0,scratch,jpeg,20,4811,Hystrix africaeaustralis
224,0.2,0.2,10,0.0,scratch,jpeg,20,4823,Cynomys ludovicianus
225,0.0,0.0,10,0.0,scratch,jpeg,20,4826,Funambulus pennantii
226,0.1,0.1,10,0.0,scratch,jpeg,20,4829,Ictidomys tridecemlineatus
227,0.1,0.0,10,0.1,scratch,jpeg,20,4831,Marmota flaviventris
228,0.0,0.0,10,0.0,scratch,jpeg,20,4883,Elgaria multicarinata
229,0.0,0.0,10,0.0,scratch,jpeg,20,4885,Ophisaurus attenuatus
230,0.0,0.0,10,0.0,scratch,jpeg,20,4915,Hypsiglena jani
231,0.6,0.7,10,-0.09999999999999998,scratch,jpeg,20,4917,Imantodes cenchoa
232,0.2,0.2,10,0.0,scratch,jpeg,20,4939,Nerodia floridana
233,0.0,0.0,10,0.0,scratch,jpeg,20,4942,Nerodia taxispilota
234,0.0,0.0,10,0.0,scratch,jpeg,20,4947,Pantherophis emoryi
235,0.1,0.1,10,0.0,scratch,jpeg,20,4955,Regina grahamii
236,0.0,0.0,10,0.0,scratch,jpeg,20,4993,Anolis sagrei
237,0.2,0.2,10,0.0,scratch,jpeg,20,5065,Urosaurus ornatus
238,0.1,0.0,10,0.1,scratch,jpeg,20,5066,Uta stansburiana
239,0.4,0.2,10,0.2,scratch,jpeg,20,5086,Trachylepis striata
240,0.0,0.1,10,-0.1,scratch,jpeg,20,5124,Sistrurus catenatus
241,0.0,0.1,10,-0.1,scratch,jpeg,20,5150,Pseudemys texana
242,0.2,0.1,10,0.1,scratch,jpeg,20,5163,Gopherus agassizii
243,0.1,0.0,10,0.1,scratch,jpeg,20,5168,Testudo graeca
244,0.1,0.0,10,0.1,scratch,jpeg,20,5186,Metridium senile
245,0.3,0.3,10,0.0,scratch,jpeg,20,5193,Cyanea ferruginea
246,0.6,0.6,10,0.0,scratch,jpeg,20,5201,Pisaster giganteus
247,0.6,0.2,10,0.39999999999999997,scratch,jpeg,20,5227,Cyrtopleura costata
248,0.1,0.1,10,0.0,scratch,jpeg,20,5279,Cominella adspersa
249,0.2,0.2,10,0.0,scratch,jpeg,20,5281,Kelletia kelletii
250,0.4,0.4,10,0.0,scratch,jpeg,20,5290,Tritia obsoleta
251,0.0,0.0,10,0.0,scratch,jpeg,20,5291,Americoliva sayana
252,0.3,0.5,10,-0.2,scratch,jpeg,20,5309,Rostanga pulchra
253,0.7,0.6,10,0.09999999999999998,scratch,jpeg,20,5326,Polycera atra
254,0.1,0.1,10,0.0,scratch,jpeg,20,5370,Laevicaulis alte
255,0.3,0.2,10,0.09999999999999998,scratch,jpeg,20,5375,Tegula funebralis
256,0.7,0.7,10,0.0,scratch,jpeg,20,5396,Candelaria concolor
257,0.9,0.9,10,0.0,scratch,jpeg,20,5435,Dibaeis baeomyces
258,0.8,0.7,10,0.10000000000000009,scratch,jpeg,20,5462,Sarcoscypha occidentalis
259,0.2,0.2,10,0.0,scratch,jpeg,20,5467,Nectria cinnabarina
260,0.6,0.5,10,0.09999999999999998,scratch,jpeg,20,5481,Leucoagaricus leucothites
261,0.9,0.9,10,0.0,scratch,jpeg,20,5493,Amanita jacksonii
262,0.7,0.7,10,0.0,scratch,jpeg,20,5567,Coprinopsis variegata
263,0.8,0.8,10,0.0,scratch,jpeg,20,5570,Panaeolus foenisecii
264,0.2,0.1,10,0.1,scratch,jpeg,20,5574,Schizophyllum commune
265,0.2,0.0,10,0.2,scratch,jpeg,20,5576,Agrocybe praecox
266,0.9,0.8,10,0.09999999999999998,scratch,jpeg,20,5580,Hypholoma lateritium
267,0.4,0.5,10,-0.09999999999999998,scratch,jpeg,20,5601,Imleria badia
268,0.6,0.6,10,0.0,scratch,jpeg,20,5613,Scleroderma citrinum
269,0.8,0.8,10,0.0,scratch,jpeg,20,5635,Inonotus obliquus
270,0.6,0.5,10,0.09999999999999998,scratch,jpeg,20,5672,Climacodon septentrionalis
271,0.2,0.0,10,0.2,scratch,jpeg,20,5684,Lentinus arcularius
272,0.9,0.9,10,0.0,scratch,jpeg,20,5696,Sparassis spathulata
273,0.3,0.3,10,0.0,scratch,jpeg,20,5746,Pleurozium schreberi
274,0.6,0.7,10,-0.09999999999999998,scratch,jpeg,20,5765,Cladophora columbiana
275,0.7,0.7,10,0.0,scratch,jpeg,20,5768,Bazzania trilobata
276,0.1,0.0,10,0.1,scratch,jpeg,20,5779,Chondrus crispus
277,0.4,0.3,10,0.10000000000000003,scratch,jpeg,20,5820,Triantha glutinosa
278,0.2,0.2,10,0.0,scratch,jpeg,20,5826,Phoenix dactylifera
279,0.7,0.7,10,0.0,scratch,jpeg,20,5853,Habranthus tubispathus
280,0.3,0.4,10,-0.10000000000000003,scratch,jpeg,20,5875,Agave salmiana
281,0.0,0.0,10,0.0,scratch,jpeg,20,5879,Asparagus aethiopicus
282,0.6,0.7,10,-0.09999999999999998,scratch,jpeg,20,5883,Bloomeria crocea
283,0.7,0.5,10,0.19999999999999996,scratch,jpeg,20,5917,Nolina parryi
284,0.3,0.3,10,0.0,scratch,jpeg,20,5953,Phormium tenax
285,0.8,0.7,10,0.10000000000000009,scratch,jpeg,20,5957,Hypoxis hirsuta
286,0.8,0.7,10,0.10000000000000009,scratch,jpeg,20,5992,Anacamptis coriophora
287,0.7,0.7,10,0.0,scratch,jpeg,20,6008,Corallorhiza mertensiana
288,0.5,0.6,10,-0.09999999999999998,scratch,jpeg,20,6009,Corallorhiza striata
289,0.2,0.3,10,-0.09999999999999998,scratch,jpeg,20,6049,Liparis loeselii
290,0.5,0.5,10,0.0,scratch,jpeg,20,6051,Neotinea tridentata
291,0.5,0.6,10,-0.09999999999999998,scratch,jpeg,20,6064,Ophrys tenthredinifera
292,0.6,0.6,10,0.0,scratch,jpeg,20,6117,Wachendorfia paniculata
293,0.2,0.2,10,0.0,scratch,jpeg,20,6229,Tillandsia utriculata
294,0.5,0.3,10,0.2,scratch,jpeg,20,6238,Carex digitata
295,0.0,0.0,10,0.0,scratch,jpeg,20,6239,Carex eburnea
296,0.5,0.5,10,0.0,scratch,jpeg,20,6242,Carex gracillima
297,0.2,0.0,10,0.2,scratch,jpeg,20,6246,Carex hystericina
298,0.3,0.3,10,0.0,scratch,jpeg,20,6273,Carex vulpinoidea
299,0.3,0.2,10,0.09999999999999998,scratch,jpeg,20,6277,Cyperus eragrostis
300,0.5,0.4,10,0.09999999999999998,scratch,jpeg,20,6293,Schoenoplectus acutus
301,0.4,0.4,10,0.0,scratch,jpeg,20,6321,Ammophila breviligulata
302,0.1,0.0,10,0.1,scratch,jpeg,20,6366,Digitaria sanguinalis
303,0.0,0.0,10,0.0,scratch,jpeg,20,6382,Hordeum murinum
304,0.1,0.1,10,0.0,scratch,jpeg,20,6407,Paspalum dilatatum
305,0.0,0.0,10,0.0,scratch,jpeg,20,6409,Paspalum urvillei
306,0.7,0.7,10,0.0,scratch,jpeg,20,6432,Stipa pennata
307,0.2,0.3,10,-0.09999999999999998,scratch,jpeg,20,6447,Canna indica
308,0.6,0.6,10,0.0,scratch,jpeg,20,6458,Hedychium gardnerianum
309,0.0,0.0,10,0.0,scratch,jpeg,20,6496,Cicuta virosa
310,0.4,0.5,10,-0.09999999999999998,scratch,jpeg,20,6499,Cryptotaenia canadensis
311,0.6,0.6,10,0.0,scratch,jpeg,20,6551,Aralia racemosa
312,0.2,0.2,10,0.0,scratch,jpeg,20,6558,Hydrocotyle ranunculoides
313,0.1,0.1,10,0.0,scratch,jpeg,20,6589,Corokia cotoneaster
314,0.2,0.4,10,-0.2,scratch,jpeg,20,6606,Ambrosia deltoidea
315,0.1,0.1,10,0.0,scratch,jpeg,20,6611,Anaphalioides bellidioides
316,0.4,0.3,10,0.10000000000000003,scratch,jpeg,20,6638,Artemisia tridentata
317,0.2,0.2,10,0.0,scratch,jpeg,20,6656,Bidens bipinnata
318,0.3,0.3,10,0.0,scratch,jpeg,20,6672,Carduus pycnocephalus
319,0.5,0.3,10,0.2,scratch,jpeg,20,6714,Cirsium pitcheri
320,0.1,0.2,10,-0.1,scratch,jpeg,20,6745,Dittrichia graveolens
321,0.7,0.6,10,0.09999999999999998,scratch,jpeg,20,6747,Doellingeria umbellata
322,0.1,0.2,10,-0.1,scratch,jpeg,20,6771,Erigeron canadensis
323,0.6,0.6,10,0.0,scratch,jpeg,20,6773,Erigeron foliosus
324,0.4,0.4,10,0.0,scratch,jpeg,20,6811,Gnaphalium uliginosum
325,0.5,0.4,10,0.09999999999999998,scratch,jpeg,20,6815,Gutierrezia sarothrae
326,0.0,0.1,10,-0.1,scratch,jpeg,20,6828,Helianthus maximiliani
327,0.1,0.1,10,0.0,scratch,jpeg,20,6850,Isocoma acradenia
328,0.3,0.4,10,-0.10000000000000003,scratch,jpeg,20,6892,Melampodium leucanthum
329,0.6,0.6,10,0.0,scratch,jpeg,20,6927,Perityle emoryi
330,0.3,0.3,10,0.0,scratch,jpeg,20,6938,Pinaropappus roseus
331,0.1,0.1,10,0.0,scratch,jpeg,20,6955,Pterocaulon pycnostachyum
332,0.4,0.3,10,0.10000000000000003,scratch,jpeg,20,6963,Rudbeckia hirta
333,0.8,0.8,10,0.0,scratch,jpeg,20,6969,Senecio ampullaceus
334,0.1,0.1,10,0.0,scratch,jpeg,20,7004,Solidago rigida
335,0.1,0.2,10,-0.1,scratch,jpeg,20,7013,Sonchus asper
336,0.6,0.6,10,0.0,scratch,jpeg,20,7024,Symphyotrichum lanceolatum
337,0.7,0.7,10,0.0,scratch,jpeg,20,7042,Tetraneuris scaposa
338,0.1,0.2,10,-0.1,scratch,jpeg,20,7122,Menyanthes trifoliata
339,0.4,0.4,10,0.0,scratch,jpeg,20,7171,Myosotis discolor
340,0.4,0.4,10,0.0,scratch,jpeg,20,7202,Pholistoma membranaceum
341,0.5,0.4,10,0.09999999999999998,scratch,jpeg,20,7231,Cardamine californica
342,0.4,0.1,10,0.30000000000000004,scratch,jpeg,20,7279,Streptanthus tortuosus
343,0.5,0.5,10,0.0,scratch,jpeg,20,7292,Floerkea proserpinacoides
344,0.2,0.4,10,-0.2,scratch,jpeg,20,7305,Mesembryanthemum crystallinum
345,0.1,0.1,10,0.0,scratch,jpeg,20,7319,Atriplex prostrata
346,0.2,0.2,10,0.0,scratch,jpeg,20,7324,Celosia argentea
347,0.6,0.5,10,0.09999999999999998,scratch,jpeg,20,7349,Cylindropuntia fulgida
348,0.3,0.1,10,0.19999999999999998,scratch,jpeg,20,7355,Cylindropuntia thurberi
349,0.1,0.1,10,0.0,scratch,jpeg,20,7367,Echinocereus pentalophus
350,0.7,0.7,10,0.0,scratch,jpeg,20,7375,Escobaria vivipara
351,0.5,0.3,10,0.2,scratch,jpeg,20,7394,Opuntia basilaris
352,0.8,0.7,10,0.10000000000000009,scratch,jpeg,20,7450,Silene dioica
353,0.8,0.8,10,0.0,scratch,jpeg,20,7477,Drosera intermedia
354,0.8,0.6,10,0.20000000000000007,scratch,jpeg,20,7480,Drosera spatulata
355,0.5,0.5,10,0.0,scratch,jpeg,20,7576,Canotia holacantha
356,0.2,0.2,10,0.0,scratch,jpeg,20,7577,Celastrus orbiculatus
357,0.3,0.4,10,-0.10000000000000003,scratch,jpeg,20,7609,Hydrangea quercifolia
358,0.6,0.7,10,-0.09999999999999998,scratch,jpeg,20,7610,Philadelphus lewisii
359,0.4,0.3,10,0.10000000000000003,scratch,jpeg,20,7616,Petalonyx thurberi
360,0.0,0.0,10,0.0,scratch,jpeg,20,7617,Nyssa sylvatica
361,0.7,0.8,10,-0.10000000000000009,scratch,jpeg,20,7634,Centranthus ruber
362,0.6,0.7,10,-0.09999999999999998,scratch,jpeg,20,7640,Leycesteria formosa
363,0.7,0.6,10,0.09999999999999998,scratch,jpeg,20,7652,Lonicera sempervirens
364,0.1,0.1,10,0.0,scratch,jpeg,20,7713,Arctostaphylos uva-ursi
365,0.1,0.1,10,0.0,scratch,jpeg,20,7735,Erica imbricata
366,0.3,0.4,10,-0.10000000000000003,scratch,jpeg,20,7752,Leptecophylla tameiameiae
367,0.2,0.2,10,0.0,scratch,jpeg,20,7756,Lyonia lucida
368,0.7,0.7,10,0.0,scratch,jpeg,20,7785,Rhododendron periclymenoides
369,0.2,0.2,10,0.0,scratch,jpeg,20,7802,Xylococcus bicolor
370,0.3,0.3,10,0.0,scratch,jpeg,20,7819,Leptosiphon nuttallii
371,0.4,0.4,10,0.0,scratch,jpeg,20,7822,Linanthus dianthiflorus
372,0.5,0.4,10,0.09999999999999998,scratch,jpeg,20,7831,Phlox hoodii
373,0.5,0.4,10,0.09999999999999998,scratch,jpeg,20,7851,Lysimachia clethroides
374,0.7,0.7,10,0.0,scratch,jpeg,20,7858,Lysimachia quadriflora
375,0.1,0.1,10,0.0,scratch,jpeg,20,7889,Acacia cyclops
376,0.0,0.0,10,0.0,scratch,jpeg,20,7897,Acacia saligna
377,0.3,0.1,10,0.19999999999999998,scratch,jpeg,20,7912,Astragalus crassicarpus
378,0.5,0.5,10,0.0,scratch,jpeg,20,7913,Astragalus danicus
379,0.6,0.6,10,0.0,scratch,jpeg,20,7918,Astragalus purshii
380,0.7,0.8,10,-0.10000000000000009,scratch,jpeg,20,7944,Dalea aurea
381,0.3,0.2,10,0.09999999999999998,scratch,jpeg,20,7950,Desmanthus illinoensis
382,0.6,0.4,10,0.19999999999999996,scratch,jpeg,20,7958,Erythrostemon mexicanus
383,0.6,0.6,10,0.0,scratch,jpeg,20,7974,Hylodesmum glutinosum
384,0.1,0.1,10,0.0,scratch,jpeg,20,7989,Lespedeza capitata
385,0.4,0.4,10,0.0,scratch,jpeg,20,7994,Lotus corniculatus
386,0.0,0.1,10,-0.1,scratch,jpeg,20,7995,Lotus pedunculatus
387,0.5,0.7,10,-0.19999999999999996,scratch,jpeg,20,8020,Medicago lupulina
388,0.5,0.5,10,0.0,scratch,jpeg,20,8028,Mimosa nuttallii
389,0.6,0.5,10,0.09999999999999998,scratch,jpeg,20,8062,Senna armata
390,0.1,0.1,10,0.0,scratch,jpeg,20,8095,Trifolium lupinaster
391,0.1,0.0,10,0.1,scratch,jpeg,20,8106,Vachellia farnesiana
392,0.4,0.3,10,0.10000000000000003,scratch,jpeg,20,8127,Polygala alba
393,0.2,0.3,10,-0.09999999999999998,scratch,jpeg,20,8154,Carpinus caroliniana
394,0.0,0.0,10,0.0,scratch,jpeg,20,8162,Chrysolepis chrysophylla
395,0.0,0.0,10,0.0,scratch,jpeg,20,8168,Quercus alba
396,0.0,0.1,10,-0.1,scratch,jpeg,20,8171,Quercus buckleyi
397,0.0,0.1,10,-0.1,scratch,jpeg,20,8189,Quercus laevis
398,0.2,0.2,10,0.0,scratch,jpeg,20,8190,Quercus lobata
399,0.0,0.0,10,0.0,scratch,jpeg,20,8196,Quercus nigra
400,0.1,0.1,10,0.0,scratch,jpeg,20,8214,Carya tomentosa
401,0.1,0.1,10,0.0,scratch,jpeg,20,8227,Garrya lindheimeri
402,0.2,0.3,10,-0.09999999999999998,scratch,jpeg,20,8235,Asclepias asperula
403,0.6,0.4,10,0.19999999999999996,scratch,jpeg,20,8249,Asclepias oenotheroides
404,0.3,0.3,10,0.0,scratch,jpeg,20,8254,Asclepias subulata
405,0.3,0.3,10,0.0,scratch,jpeg,20,8267,Catharanthus roseus
406,0.5,0.5,10,0.0,scratch,jpeg,20,8283,Vinca minor
407,0.2,0.2,10,0.0,scratch,jpeg,20,8344,Galium triflorum
408,0.3,0.2,10,0.09999999999999998,scratch,jpeg,20,8358,Paederia foetida
409,0.5,0.4,10,0.09999999999999998,scratch,jpeg,20,8369,Erodium texanum
410,0.7,0.6,10,0.09999999999999998,scratch,jpeg,20,8379,Geranium pratense
411,0.2,0.1,10,0.1,scratch,jpeg,20,8386,Geranium sibiricum
412,0.6,0.6,10,0.0,scratch,jpeg,20,8410,Thunbergia alata
413,0.5,0.5,10,0.0,scratch,jpeg,20,8419,Tabebuia rosea
414,0.2,0.2,10,0.0,scratch,jpeg,20,8437,Condea emoryi
415,0.5,0.5,10,0.0,scratch,jpeg,20,8453,Leonurus cardiaca
416,0.5,0.5,10,0.0,scratch,jpeg,20,8475,Origanum vulgare
417,0.4,0.5,10,-0.09999999999999998,scratch,jpeg,20,8477,Phlomoides tuberosa
418,0.2,0.1,10,0.1,scratch,jpeg,20,8492,Salvia mellifera
419,0.4,0.2,10,0.2,scratch,jpeg,20,8515,Teucrium canadense
420,0.5,0.4,10,0.09999999999999998,scratch,jpeg,20,8587,Castilleja tenuiflora
421,0.1,0.1,10,0.0,scratch,jpeg,20,8593,Euphrasia nemorosa
422,0.9,0.9,10,0.0,scratch,jpeg,20,8594,Hyobanche sanguinea
423,0.8,0.8,10,0.0,scratch,jpeg,20,8607,Pedicularis groenlandica
424,0.7,0.7,10,0.0,scratch,jpeg,20,8641,Cymbalaria muralis
425,0.5,0.5,10,0.0,scratch,jpeg,20,8659,Penstemon centranthifolius
426,0.7,0.6,10,0.09999999999999998,scratch,jpeg,20,8669,Penstemon procerus
427,0.0,0.0,10,0.0,scratch,jpeg,20,8675,Plantago erecta
428,0.3,0.2,10,0.09999999999999998,scratch,jpeg,20,8678,Plantago maritima
429,0.1,0.1,10,0.0,scratch,jpeg,20,8688,Veronica anagallis-aquatica
430,0.6,0.5,10,0.09999999999999998,scratch,jpeg,20,8693,Veronica filiformis
431,0.0,0.1,10,-0.1,scratch,jpeg,20,8708,Buddleja cordata
432,0.7,0.8,10,-0.10000000000000009,scratch,jpeg,20,8717,Verbascum nigrum
433,0.2,0.2,10,0.0,scratch,jpeg,20,8750,Laurus nobilis
434,0.0,0.0,10,0.0,scratch,jpeg,20,8755,Hedycarya arborea
435,0.2,0.2,10,0.0,scratch,jpeg,20,8761,Magnolia grandiflora
436,0.1,0.1,10,0.0,scratch,jpeg,20,8763,Magnolia tripetala
437,0.3,0.3,10,0.0,scratch,jpeg,20,8800,Euphorbia misera
438,0.5,0.5,10,0.0,scratch,jpeg,20,8810,Euphorbia serpillifolia
439,0.8,0.8,10,0.0,scratch,jpeg,20,8851,Turnera ulmifolia
440,0.3,0.2,10,0.09999999999999998,scratch,jpeg,20,8852,Bischofia javanica
441,0.2,0.2,10,0.0,scratch,jpeg,20,8875,Salix laevigata
442,0.4,0.2,10,0.2,scratch,jpeg,20,8882,Melicytus alpinus
443,0.3,0.2,10,0.09999999999999998,scratch,jpeg,20,8888,Viola blanda
444,0.7,0.7,10,0.0,scratch,jpeg,20,8917,Viola tricolor
445,0.7,0.7,10,0.0,scratch,jpeg,20,8920,Cistus albidus
446,0.5,0.4,10,0.09999999999999998,scratch,jpeg,20,8936,Callirhoe pedata
447,0.7,0.6,10,0.09999999999999998,scratch,jpeg,20,8946,Hibiscus moscheutos
448,0.3,0.4,10,-0.10000000000000003,scratch,jpeg,20,8949,Hibiscus tiliaceus
449,0.3,0.3,10,0.0,scratch,jpeg,20,8954,Malacothamnus fasciculatus
450,0.2,0.2,10,0.0,scratch,jpeg,20,9001,Lythrum hyssopifolia
451,0.3,0.2,10,0.09999999999999998,scratch,jpeg,20,9021,Metrosideros umbellata
452,0.2,0.2,10,0.0,scratch,jpeg,20,9022,Myrtus communis
453,0.2,0.1,10,0.1,scratch,jpeg,20,9033,Circaea lutetiana
454,0.4,0.5,10,-0.09999999999999998,scratch,jpeg,20,9055,Ludwigia peruviana
455,0.3,0.3,10,0.0,scratch,jpeg,20,9063,Oenothera gaura
456,0.3,0.3,10,0.0,scratch,jpeg,20,9085,Nymphaea nouchali
457,0.7,0.7,10,0.0,scratch,jpeg,20,9099,Oxalis luteola
458,0.3,0.3,10,0.0,scratch,jpeg,20,9130,Leucadendron salignum
459,0.4,0.5,10,-0.09999999999999998,scratch,jpeg,20,9139,Protea repens
460,0.3,0.3,10,0.0,scratch,jpeg,20,9142,Berberis aquifolium
461,1.0,1.0,10,0.0,scratch,jpeg,20,9186,Papaver rhoeas
462,0.5,0.5,10,0.0,scratch,jpeg,20,9192,Stylophorum diphyllum
463,0.4,0.4,10,0.0,scratch,jpeg,20,9219,Aquilegia flavescens
464,0.1,0.3,10,-0.19999999999999998,scratch,jpeg,20,9230,Clematis occidentalis
465,0.7,0.7,10,0.0,scratch,jpeg,20,9256,Pulsatilla nuttalliana
466,0.1,0.1,10,0.0,scratch,jpeg,20,9288,Cannabis sativa
467,0.2,0.3,10,-0.09999999999999998,scratch,jpeg,20,9309,Ficus petiolaris
468,0.5,0.5,10,0.0,scratch,jpeg,20,9333,Ceanothus verrucosus
469,0.1,0.1,10,0.0,scratch,jpeg,20,9338,Frangula californica
470,0.1,0.1,10,0.0,scratch,jpeg,20,9404,Photinia serratifolia
471,0.7,0.7,10,0.0,scratch,jpeg,20,9444,Rosa bracteata
472,0.0,0.0,10,0.0,scratch,jpeg,20,9460,Rubus bifrons
473,0.2,0.3,10,-0.09999999999999998,scratch,jpeg,20,9468,Rubus laciniatus
474,0.5,0.5,10,0.0,scratch,jpeg,20,9476,Rubus saxatilis
475,0.0,0.0,10,0.0,scratch,jpeg,20,9499,Ulmus americana
476,0.1,0.3,10,-0.19999999999999998,scratch,jpeg,20,9541,Rhus typhina
477,0.1,0.1,10,0.0,scratch,jpeg,20,9573,Acer nigrum
478,0.0,0.0,10,0.0,scratch,jpeg,20,9584,Aesculus glabra
479,0.0,0.0,10,0.0,scratch,jpeg,20,9593,Ailanthus altissima
480,0.5,0.5,10,0.0,scratch,jpeg,20,9615,Sedum lanceolatum
481,0.3,0.3,10,0.0,scratch,jpeg,20,9636,Ribes rubrum
482,0.1,0.2,10,-0.1,scratch,jpeg,20,9639,Ribes triste
483,0.0,0.0,10,0.0,scratch,jpeg,20,9644,Hamamelis virginiana
484,0.4,0.4,10,0.0,scratch,jpeg,20,9659,Micranthes californica
485,0.7,0.8,10,-0.10000000000000009,scratch,jpeg,20,9677,Calystegia sepium
486,0.4,0.3,10,0.10000000000000003,scratch,jpeg,20,9776,Cupressus macrocarpa
487,0.5,0.5,10,0.0,scratch,jpeg,20,9786,Juniperus osteosperma
488,0.4,0.5,10,-0.09999999999999998,scratch,jpeg,20,9825,Pinus lambertiana
489,0.0,0.1,10,-0.1,scratch,jpeg,20,9847,Tsuga mertensiana
490,0.0,0.0,10,0.0,scratch,jpeg,20,9855,Prumnopitys taxifolia
491,0.4,0.5,10,-0.09999999999999998,scratch,jpeg,20,9870,Equisetum pratense
492,0.4,0.4,10,0.0,scratch,jpeg,20,9907,Asplenium viride
493,0.2,0.2,10,0.0,scratch,jpeg,20,9912,Blechnum filiforme
494,0.5,0.4,10,0.09999999999999998,scratch,jpeg,20,9920,Telmatoblechnum serrulatum
495,0.6,0.4,10,0.19999999999999996,scratch,jpeg,20,9932,Pteridium aquilinum
496,0.5,0.7,10,-0.19999999999999996,scratch,jpeg,20,9955,Microsorum scandens
497,0.3,0.3,10,0.0,scratch,jpeg,20,9958,Pleopeltis michauxiana
498,0.4,0.4,10,0.0,scratch,jpeg,20,9965,Acrostichum danaeifolium
499,0.4,0.4,10,0.0,scratch,jpeg,20,9985,Pteris macilenta
0,0.7,0.1,10,0.6,pretrained,noise,0.2,44,Trichonephila clavata
1,0.7,0.3,10,0.39999999999999997,pretrained,noise,0.2,46,Trichonephila edulis
2,0.5,0.1,10,0.4,pretrained,noise,0.2,53,Badumna longinqua
3,0.6,0.1,10,0.5,pretrained,noise,0.2,70,Dolomedes triton
4,0.5,0.2,10,0.3,pretrained,noise,0.2,83,Lyssomanes viridis
5,0.4,0.2,10,0.2,pretrained,noise,0.2,89,Naphrys pulex
6,0.8,0.0,10,0.8,pretrained,noise,0.2,109,Aphonopelma chalcodes
7,0.4,0.2,10,0.2,pretrained,noise,0.2,110,Aphonopelma eutylenum
8,0.4,0.0,10,0.4,pretrained,noise,0.2,147,Leiobunum townsendi
9,0.9,0.8,10,0.09999999999999998,pretrained,noise,0.2,170,Pollicipes polymerus
10,0.8,0.3,10,0.5,pretrained,noise,0.2,200,Cicindela campestris
11,0.8,0.4,10,0.4,pretrained,noise,0.2,211,Cicindela scutellaris
12,0.7,0.0,10,0.7,pretrained,noise,0.2,215,Harpalus rufipes
13,1.0,0.4,10,0.6,pretrained,noise,0.2,246,Prionus laticollis
14,0.8,0.3,10,0.5,pretrained,noise,0.2,261,Typocerus velutinus
15,0.6,0.4,10,0.19999999999999996,pretrained,noise,0.2,273,Chrysolina americana
16,0.8,0.0,10,0.8,pretrained,noise,0.2,279,Clytra laeviuscula
17,0.9,0.4,10,0.5,pretrained,noise,0.2,286,Helocassis clavata
18,0.5,0.3,10,0.2,pretrained,noise,0.2,303,Adalia decempunctata
19,0.9,0.3,10,0.6000000000000001,pretrained,noise,0.2,304,Anatis ocellata
20,0.8,0.4,10,0.4,pretrained,noise,0.2,332,Psyllobora vigintiduopunctata
21,0.9,0.2,10,0.7,pretrained,noise,0.2,376,Callistethus marginatus
22,0.6,0.3,10,0.3,pretrained,noise,0.2,381,Dynastes tityus
23,0.4,0.1,10,0.30000000000000004,pretrained,noise,0.2,382,Euphoria basalis
24,1.0,0.3,10,0.7,pretrained,noise,0.2,418,Zopherus nodulosus
25,0.8,0.6,10,0.20000000000000007,pretrained,noise,0.2,504,Tipula abdominalis
26,0.7,0.6,10,0.09999999999999998,pretrained,noise,0.2,525,Cercopis vulnerata
27,0.7,0.2,10,0.49999999999999994,pretrained,noise,0.2,529,Cuerna costalis
28,0.9,0.0,10,0.9,pretrained,noise,0.2,562,Coreus marginatus
29,0.8,0.3,10,0.5,pretrained,noise,0.2,573,Thasus neocalifornicus
30,0.9,0.5,10,0.4,pretrained,noise,0.2,623,Euthyrhynchus floridanus
31,0.6,0.1,10,0.5,pretrained,noise,0.2,652,Pselliopus barberi
32,0.6,0.0,10,0.6,pretrained,noise,0.2,666,Scolypopa australis
33,0.4,0.0,10,0.4,pretrained,noise,0.2,712,Xylocopa sonorina
34,0.3,0.0,10,0.3,pretrained,noise,0.2,713,Xylocopa tabaniformis
35,0.4,0.1,10,0.30000000000000004,pretrained,noise,0.2,778,Halictus rubicundus
36,0.8,0.0,10,0.8,pretrained,noise,0.2,791,Dasymutilla occidentalis
37,0.5,0.2,10,0.3,pretrained,noise,0.2,809,Myzinum quinquecinctum
38,0.2,0.1,10,0.1,pretrained,noise,0.2,830,Polistes dominula
39,0.2,0.0,10,0.2,pretrained,noise,0.2,832,Polistes exclamans
40,0.7,0.2,10,0.49999999999999994,pretrained,noise,0.2,834,Polistes humilis
41,0.8,0.1,10,0.7000000000000001,pretrained,noise,0.2,858,Achyra rantalis
42,0.7,0.2,10,0.49999999999999994,pretrained,noise,0.2,860,Agriphila tristella
43,0.7,0.5,10,0.19999999999999996,pretrained,noise,0.2,863,Anania funebris
44,1.0,0.2,10,0.8,pretrained,noise,0.2,878,Desmia funeralis
45,0.8,0.5,10,0.30000000000000004,pretrained,noise,0.2,901,Lineodes integra
46,0.9,0.3,10,0.6000000000000001,pretrained,noise,0.2,907,Microtheoris vibicalis
47,0.9,0.2,10,0.7,pretrained,noise,0.2,950,Agonopterix alstroemeriana
48,0.9,0.2,10,0.7,pretrained,noise,0.2,976,Arctia caja
49,0.8,0.2,10,0.6000000000000001,pretrained,noise,0.2,1062,Idia lubricalis
50,0.9,0.0,10,0.9,pretrained,noise,0.2,1068,Lithosia quadra
51,0.5,0.0,10,0.5,pretrained,noise,0.2,1074,Lymantria dispar
52,1.0,0.1,10,0.9,pretrained,noise,0.2,1152,Anticlea vasiliata
53,0.8,0.4,10,0.4,pretrained,noise,0.2,1154,Arhodia lasiocamparia
54,0.8,0.2,10,0.6000000000000001,pretrained,noise,0.2,1155,Besma quercivoraria
55,0.8,0.2,10,0.6000000000000001,pretrained,noise,0.2,1157,Cabera erythemaria
56,0.9,0.4,10,0.5,pretrained,noise,0.2,1210,Eubaphe mendica
57,0.5,0.2,10,0.3,pretrained,noise,0.2,1230,Hypagyrtis unipunctata
58,0.9,0.3,10,0.6000000000000001,pretrained,noise,0.2,1242,Ilexia intractata
59,0.7,0.0,10,0.7,pretrained,noise,0.2,1244,Iridopsis larvaria
60,0.9,0.1,10,0.8,pretrained,noise,0.2,1255,Macaria aemulataria
61,1.0,0.0,10,1.0,pretrained,noise,0.2,1278,Opisthograptis luteolata
62,0.9,0.0,10,0.9,pretrained,noise,0.2,1293,Plagodis pulveraria
63,1.0,0.0,10,1.0,pretrained,noise,0.2,1387,Oligoria maculata
64,0.9,0.3,10,0.6000000000000001,pretrained,noise,0.2,1425,Trabala vishnou
65,0.9,0.2,10,0.7,pretrained,noise,0.2,1471,Eooxylides tharis
66,0.9,0.1,10,0.8,pretrained,noise,0.2,1481,Heliophorus ila
67,0.6,0.1,10,0.5,pretrained,noise,0.2,1485,Icaricia icarioides
68,0.9,0.0,10,0.9,pretrained,noise,0.2,1501,Lycaena helloides
69,0.9,0.4,10,0.5,pretrained,noise,0.2,1516,Plebejus samuelis
70,1.0,0.1,10,0.9,pretrained,noise,0.2,1525,Satyrium behrii
71,0.9,0.1,10,0.8,pretrained,noise,0.2,1536,Strymon melinus
72,0.6,0.0,10,0.6,pretrained,noise,0.2,1566,Agrotis munda
73,0.9,0.8,10,0.09999999999999998,pretrained,noise,0.2,1576,Anaplectoides prasina
74,0.9,0.7,10,0.20000000000000007,pretrained,noise,0.2,1603,Copivaleria grotei
75,1.0,0.3,10,0.7,pretrained,noise,0.2,1606,Cosmodes elegans
76,0.4,0.0,10,0.4,pretrained,noise,0.2,1632,Helicoverpa armigera
77,0.7,0.1,10,0.6,pretrained,noise,0.2,1634,Hemieuxoa rudens
78,0.5,0.1,10,0.4,pretrained,noise,0.2,1658,Morrisonia confusa
79,0.6,0.1,10,0.5,pretrained,noise,0.2,1669,Ochropleura implecta
80,0.9,0.1,10,0.8,pretrained,noise,0.2,1713,Tarache aprica
81,1.0,0.0,10,1.0,pretrained,noise,0.2,1732,Clostera apicalis
82,0.9,0.0,10,0.9,pretrained,noise,0.2,1788,Ariadne ariadne
83,0.7,0.2,10,0.49999999999999994,pretrained,noise,0.2,1875,Hipparchia statilinus
84,0.9,0.3,10,0.6000000000000001,pretrained,noise,0.2,1907,Limenitis archippus
85,0.8,0.7,10,0.10000000000000009,pretrained,noise,0.2,1910,Limenitis lorquini
86,0.8,0.4,10,0.4,pretrained,noise,0.2,1932,Morpho helenor
87,0.7,0.1,10,0.6,pretrained,noise,0.2,1938,Nymphalis antiopa
88,0.8,0.7,10,0.10000000000000009,pretrained,noise,0.2,1944,Parantica aglea
89,0.5,0.3,10,0.2,pretrained,noise,0.2,1955,Polygonia c-album
90,0.7,0.6,10,0.09999999999999998,pretrained,noise,0.2,1958,Polygonia faunus
91,0.8,0.7,10,0.10000000000000009,pretrained,noise,0.2,1979,Texola elada
92,0.9,0.3,10,0.6000000000000001,pretrained,noise,0.2,1983,Vanessa annabella
93,0.8,0.4,10,0.4,pretrained,noise,0.2,2034,Papilio thoas
94,0.5,0.1,10,0.4,pretrained,noise,0.2,2035,Papilio troilus
95,0.8,0.0,10,0.8,pretrained,noise,0.2,2047,Anteos maerula
96,0.7,0.2,10,0.49999999999999994,pretrained,noise,0.2,2061,Catopsilia pyranthe
97,0.6,0.0,10,0.6,pretrained,noise,0.2,2100,Pontia edusa
98,0.4,0.1,10,0.30000000000000004,pretrained,noise,0.2,2114,Aglossa pinguinalis
99,0.8,0.4,10,0.4,pretrained,noise,0.2,2121,Endotricha pyrosalis
100,0.8,0.2,10,0.6000000000000001,pretrained,noise,0.2,2129,Moodna ostrinella
101,0.8,0.4,10,0.4,pretrained,noise,0.2,2242,Clepsis persicana
102,0.5,0.0,10,0.5,pretrained,noise,0.2,2300,Dicromantispa interrupta
103,0.6,0.0,10,0.6,pretrained,noise,0.2,2340,Agriocnemis femina
104,0.9,0.0,10,0.9,pretrained,noise,0.2,2375,Enallagma geminatum
105,0.5,0.3,10,0.2,pretrained,noise,0.2,2385,Ischnura denticollis
106,0.7,0.5,10,0.19999999999999996,pretrained,noise,0.2,2404,Cordulegaster diastatops
107,0.9,0.0,10,0.9,pretrained,noise,0.2,2408,Cordulia aenea
108,0.5,0.0,10,0.5,pretrained,noise,0.2,2414,Epitheca princeps
109,0.7,0.2,10,0.49999999999999994,pretrained,noise,0.2,2418,Somatochlora tenebrosa
110,0.6,0.1,10,0.5,pretrained,noise,0.2,2424,Arigomphus villosipes
111,0.5,0.4,10,0.09999999999999998,pretrained,noise,0.2,2430,Gomphurus vastus
112,0.7,0.0,10,0.7,pretrained,noise,0.2,2450,Lestes alacer
113,0.7,0.0,10,0.7,pretrained,noise,0.2,2458,Lestes inaequalis
114,0.6,0.1,10,0.5,pretrained,noise,0.2,2501,Leucorrhinia intacta
115,1.0,0.1,10,0.9,pretrained,noise,0.2,2502,Leucorrhinia proxima
116,0.7,0.1,10,0.6,pretrained,noise,0.2,2569,Sympetrum obtrusum
117,0.6,0.3,10,0.3,pretrained,noise,0.2,2581,Trithemis annulata
118,0.7,0.4,10,0.29999999999999993,pretrained,noise,0.2,2585,Trithemis kirbyi
119,0.8,0.2,10,0.6000000000000001,pretrained,noise,0.2,2593,Nososticta solida
120,0.8,0.3,10,0.5,pretrained,noise,0.2,2661,Taeniopoda eques
121,0.5,0.0,10,0.5,pretrained,noise,0.2,2691,Tettigonia viridissima
122,0.6,0.1,10,0.5,pretrained,noise,0.2,2692,Phyllopalpus pulchellus
123,0.8,0.1,10,0.7000000000000001,pretrained,noise,0.2,2704,Cancer borealis
124,0.4,0.0,10,0.4,pretrained,noise,0.2,2712,Pugettia producta
125,0.4,0.0,10,0.4,pretrained,noise,0.2,2721,Emerita talpoida
126,0.6,0.0,10,0.6,pretrained,noise,0.2,2737,Arenaeus cribrarius
127,0.7,0.0,10,0.7,pretrained,noise,0.2,2739,Aratus pisonii
128,0.9,0.1,10,0.8,pretrained,noise,0.2,2769,Pimephales notatus
129,0.6,0.0,10,0.6,pretrained,noise,0.2,2785,Gobiesox maeandricus
130,0.8,0.0,10,0.8,pretrained,noise,0.2,2807,Micropterus dolomieu
131,0.8,0.4,10,0.4,pretrained,noise,0.2,2815,Cheilodactylus vestitus
132,0.8,0.0,10,0.8,pretrained,noise,0.2,2823,Girella nigricans
133,0.5,0.0,10,0.5,pretrained,noise,0.2,2826,Neogobius melanostomus
134,0.6,0.0,10,0.6,pretrained,noise,0.2,2843,Thalassoma bifasciatum
135,0.9,0.3,10,0.6000000000000001,pretrained,noise,0.2,2875,Scarus ghobban
136,0.7,0.3,10,0.39999999999999997,pretrained,noise,0.2,2915,Aulostomus chinensis
137,0.7,0.0,10,0.7,pretrained,noise,0.2,2927,Diodon hystrix
138,0.6,0.0,10,0.6,pretrained,noise,0.2,2941,Bombina variegata
139,0.6,0.2,10,0.39999999999999997,pretrained,noise,0.2,2951,Bufo bankorensis
140,0.7,0.2,10,0.49999999999999994,pretrained,noise,0.2,2974,Dendrobates auratus
141,0.9,0.2,10,0.7,pretrained,noise,0.2,2982,Boana rosenbergi
142,0.6,0.1,10,0.5,pretrained,noise,0.2,3026,Lithobates blairi
143,0.4,0.1,10,0.30000000000000004,pretrained,noise,0.2,3038,Pelophylax ridibundus
144,0.7,0.1,10,0.6,pretrained,noise,0.2,3054,Scaphiopus couchii
145,0.6,0.3,10,0.3,pretrained,noise,0.2,3094,Plethodon serratus
146,0.7,0.0,10,0.7,pretrained,noise,0.2,3135,Buteo swainsoni
147,0.2,0.0,10,0.2,pretrained,noise,0.2,3147,Circus pygargus
148,0.5,0.1,10,0.4,pretrained,noise,0.2,3160,Haliaeetus albicilla
149,0.5,0.0,10,0.5,pretrained,noise,0.2,3168,Ictinia plumbea
150,0.6,0.0,10,0.6,pretrained,noise,0.2,3200,Anas gracilis
151,0.5,0.1,10,0.4,pretrained,noise,0.2,3206,Anas zonorhyncha
152,0.6,0.1,10,0.5,pretrained,noise,0.2,3242,Cygnus cygnus
153,0.5,0.0,10,0.5,pretrained,noise,0.2,3297,Podargus strigoides
154,0.6,0.0,10,0.6,pretrained,noise,0.2,3341,Cerorhinca monocerata
155,1.0,0.0,10,1.0,pretrained,noise,0.2,3342,Fratercula arctica
156,0.6,0.2,10,0.39999999999999997,pretrained,noise,0.2,3346,Burhinus grallarius
157,0.9,0.0,10,0.9,pretrained,noise,0.2,3352,Charadrius hiaticula
158,0.7,0.0,10,0.7,pretrained,noise,0.2,3402,Chroicocephalus ridibundus
159,0.7,0.2,10,0.49999999999999994,pretrained,noise,0.2,3479,Numenius americanus
160,0.5,0.0,10,0.5,pretrained,noise,0.2,3502,Ciconia ciconia
161,0.7,0.0,10,0.7,pretrained,noise,0.2,3534,Streptopelia capicola
162,0.8,0.2,10,0.6000000000000001,pretrained,noise,0.2,3617,Penelope obscura
163,0.5,0.0,10,0.5,pretrained,noise,0.2,3621,Callipepla californica
164,0.7,0.0,10,0.7,pretrained,noise,0.2,3647,Anthropoides virgo
165,0.5,0.0,10,0.5,pretrained,noise,0.2,3727,Spiza americana
166,0.6,0.0,10,0.6,pretrained,noise,0.2,3755,Corvus frugilegus
167,0.5,0.0,10,0.5,pretrained,noise,0.2,3767,Dendrocitta formosae
168,0.7,0.1,10,0.6,pretrained,noise,0.2,3776,Pica serica
169,0.5,0.0,10,0.5,pretrained,noise,0.2,3792,Emberiza hortulana
170,0.4,0.0,10,0.4,pretrained,noise,0.2,3800,Lonchura punctulata
171,0.6,0.1,10,0.5,pretrained,noise,0.2,3814,Coccothraustes coccothraustes
172,0.3,0.0,10,0.3,pretrained,noise,0.2,3848,Hirundo neoxena
173,0.4,0.0,10,0.4,pretrained,noise,0.2,3859,Riparia riparia
174,0.7,0.0,10,0.7,pretrained,noise,0.2,3864,Tachycineta bicolor
175,0.8,0.0,10,0.8,pretrained,noise,0.2,3870,Cassiculus melanicterus
176,0.4,0.0,10,0.4,pretrained,noise,0.2,3901,Quiscalus quiscula
177,0.7,0.0,10,0.7,pretrained,noise,0.2,3922,Malurus splendens
178,0.8,0.1,10,0.7000000000000001,pretrained,noise,0.2,3946,Oreoscoptes montanus
179,0.7,0.0,10,0.7,pretrained,noise,0.2,3958,Anthus hodgsoni
180,0.7,0.0,10,0.7,pretrained,noise,0.2,3971,Motacilla citreola
181,0.5,0.0,10,0.5,pretrained,noise,0.2,3972,Motacilla flava
182,0.8,0.1,10,0.7000000000000001,pretrained,noise,0.2,3976,Copsychus saularis
183,0.6,0.0,10,0.6,pretrained,noise,0.2,3994,Phoenicurus ochruros
184,0.5,0.1,10,0.4,pretrained,noise,0.2,3995,Phoenicurus phoenicurus
185,0.7,0.0,10,0.7,pretrained,noise,0.2,3997,Saxicola maurus
186,0.5,0.0,10,0.5,pretrained,noise,0.2,4021,Pachycephala pectoralis
187,0.4,0.0,10,0.4,pretrained,noise,0.2,4027,Baeolophus bicolor
188,0.6,0.1,10,0.5,pretrained,noise,0.2,4075,Setophaga graciae
189,0.7,0.0,10,0.7,pretrained,noise,0.2,4114,Peucaea carpalis
190,0.7,0.1,10,0.6,pretrained,noise,0.2,4139,Petroica australis
191,0.3,0.0,10,0.3,pretrained,noise,0.2,4187,Sitta carolinensis
192,0.5,0.1,10,0.4,pretrained,noise,0.2,4190,Sitta pygmaea
193,0.7,0.1,10,0.6,pretrained,noise,0.2,4195,Cinnyricinclus leucogaster
194,0.7,0.1,10,0.6,pretrained,noise,0.2,4221,Pipraeidea bonariensis
195,0.5,0.1,10,0.4,pretrained,noise,0.2,4231,Sicalis luteola
196,1.0,0.2,10,0.8,pretrained,noise,0.2,4241,Tangara arthus
197,0.5,0.1,10,0.4,pretrained,noise,0.2,4245,Thraupis episcopus
198,0.4,0.0,10,0.4,pretrained,noise,0.2,4250,Pachyramphus aglaiae
199,0.4,0.1,10,0.30000000000000004,pretrained,noise,0.2,4356,Ardea cinerea
200,0.6,0.0,10,0.6,pretrained,noise,0.2,4363,Ardea purpurea
201,0.4,0.0,10,0.4,pretrained,noise,0.2,4366,Ardeola ralloides
202,0.6,0.0,10,0.6,pretrained,noise,0.2,4404,Platalea flavipes
203,0.4,0.0,10,0.4,pretrained,noise,0.2,4405,Platalea leucorodia
204,0.4,0.1,10,0.30000000000000004,pretrained,noise,0.2,4407,Platalea regia
205,0.4,0.0,10,0.4,pretrained,noise,0.2,4413,Threskiornis melanocephalus
206,0.7,0.1,10,0.6,pretrained,noise,0.2,4422,Psilopogon haemacephalus
207,0.8,0.0,10,0.8,pretrained,noise,0.2,4424,Campephilus guatemalensis
208,0.7,0.1,10,0.6,pretrained,noise,0.2,4428,Colaptes campestris
209,0.9,0.1,10,0.8,pretrained,noise,0.2,4472,Ramphastos toco
210,0.7,0.0,10,0.7,pretrained,noise,0.2,4540,Aegolius acadicus
211,1.0,0.1,10,0.9,pretrained,noise,0.2,4617,Alcelaphus buselaphus
212,0.9,0.0,10,0.9,pretrained,noise,0.2,4624,Capra ibex
213,0.6,0.2,10,0.39999999999999997,pretrained,noise,0.2,4640,Tragelaphus angasii
214,0.9,0.0,10,0.9,pretrained,noise,0.2,4665,Phacochoerus africanus
215,0.6,0.1,10,0.5,pretrained,noise,0.2,4688,Crocuta crocuta
216,0.8,0.2,10,0.6000000000000001,pretrained,noise,0.2,4711,Halichoerus grypus
217,0.9,0.0,10,0.9,pretrained,noise,0.2,4713,Mirounga leonina
218,0.9,0.0,10,0.9,pretrained,noise,0.2,4722,Rhynchonycteris naso
219,0.9,0.0,10,0.9,pretrained,noise,0.2,4766,Ornithorhynchus anatinus
220,0.4,0.0,10,0.4,pretrained,noise,0.2,4769,Equus caballus
221,0.9,0.6,10,0.30000000000000004,pretrained,noise,0.2,4770,Equus quagga
222,0.9,0.0,10,0.9,pretrained,noise,0.2,4782,Cercopithecus mitis
223,0.4,0.0,10,0.4,pretrained,noise,0.2,4811,Hystrix africaeaustralis
224,0.6,0.0,10,0.6,pretrained,noise,0.2,4823,Cynomys ludovicianus
225,0.6,0.0,10,0.6,pretrained,noise,0.2,4826,Funambulus pennantii
226,0.4,0.2,10,0.2,pretrained,noise,0.2,4829,Ictidomys tridecemlineatus
227,0.8,0.1,10,0.7000000000000001,pretrained,noise,0.2,4831,Marmota flaviventris
228,0.5,0.0,10,0.5,pretrained,noise,0.2,4883,Elgaria multicarinata
229,0.6,0.5,10,0.09999999999999998,pretrained,noise,0.2,4885,Ophisaurus attenuatus
230,0.8,0.1,10,0.7000000000000001,pretrained,noise,0.2,4915,Hypsiglena jani
231,0.7,0.0,10,0.7,pretrained,noise,0.2,4917,Imantodes cenchoa
232,0.9,0.2,10,0.7,pretrained,noise,0.2,4939,Nerodia floridana
233,0.5,0.0,10,0.5,pretrained,noise,0.2,4942,Nerodia taxispilota
234,0.5,0.3,10,0.2,pretrained,noise,0.2,4947,Pantherophis emoryi
235,0.4,0.1,10,0.30000000000000004,pretrained,noise,0.2,4955,Regina grahamii
236,0.2,0.0,10,0.2,pretrained,noise,0.2,4993,Anolis sagrei
237,0.6,0.2,10,0.39999999999999997,pretrained,noise,0.2,5065,Urosaurus ornatus
238,0.6,0.0,10,0.6,pretrained,noise,0.2,5066,Uta stansburiana
239,0.6,0.1,10,0.5,pretrained,noise,0.2,5086,Trachylepis striata
240,0.1,0.2,10,-0.1,pretrained,noise,0.2,5124,Sistrurus catenatus
241,0.7,0.1,10,0.6,pretrained,noise,0.2,5150,Pseudemys texana
242,0.5,0.2,10,0.3,pretrained,noise,0.2,5163,Gopherus agassizii
243,0.6,0.0,10,0.6,pretrained,noise,0.2,5168,Testudo graeca
244,0.9,0.1,10,0.8,pretrained,noise,0.2,5186,Metridium senile
245,0.9,0.2,10,0.7,pretrained,noise,0.2,5193,Cyanea ferruginea
246,0.8,0.8,10,0.0,pretrained,noise,0.2,5201,Pisaster giganteus
247,0.9,0.1,10,0.8,pretrained,noise,0.2,5227,Cyrtopleura costata
248,0.6,0.0,10,0.6,pretrained,noise,0.2,5279,Cominella adspersa
249,1.0,0.7,10,0.30000000000000004,pretrained,noise,0.2,5281,Kelletia kelletii
250,0.3,0.2,10,0.09999999999999998,pretrained,noise,0.2,5290,Tritia obsoleta
251,0.6,0.0,10,0.6,pretrained,noise,0.2,5291,Americoliva sayana
252,0.8,0.0,10,0.8,pretrained,noise,0.2,5309,Rostanga pulchra
253,0.8,0.5,10,0.30000000000000004,pretrained,noise,0.2,5326,Polycera atra
254,0.8,0.0,10,0.8,pretrained,noise,0.2,5370,Laevicaulis alte
255,0.8,0.6,10,0.20000000000000007,pretrained,noise,0.2,5375,Tegula funebralis
256,0.9,0.6,10,0.30000000000000004,pretrained,noise,0.2,5396,Candelaria concolor
257,0.9,0.4,10,0.5,pretrained,noise,0.2,5435,Dibaeis baeomyces
258,0.9,0.0,10,0.9,pretrained,noise,0.2,5462,Sarcoscypha occidentalis
259,0.6,0.2,10,0.39999999999999997,pretrained,noise,0.2,5467,Nectria cinnabarina
260,0.6,0.0,10,0.6,pretrained,noise,0.2,5481,Leucoagaricus leucothites
261,0.9,0.0,10,0.9,pretrained,noise,0.2,5493,Amanita jacksonii
262,1.0,0.1,10,0.9,pretrained,noise,0.2,5567,Coprinopsis variegata
263,1.0,0.1,10,0.9,pretrained,noise,0.2,5570,Panaeolus foenisecii
264,0.8,0.1,10,0.7000000000000001,pretrained,noise,0.2,5574,Schizophyllum commune
265,0.9,0.0,10,0.9,pretrained,noise,0.2,5576,Agrocybe praecox
266,0.9,0.1,10,0.8,pretrained,noise,0.2,5580,Hypholoma lateritium
267,0.9,0.0,10,0.9,pretrained,noise,0.2,5601,Imleria badia
268,0.8,0.7,10,0.10000000000000009,pretrained,noise,0.2,5613,Scleroderma citrinum
269,0.9,0.0,10,0.9,pretrained,noise,0.2,5635,Inonotus obliquus
270,0.9,0.2,10,0.7,pretrained,noise,0.2,5672,Climacodon septentrionalis
271,0.7,0.0,10,0.7,pretrained,noise,0.2,5684,Lentinus arcularius
272,0.9,0.2,10,0.7,pretrained,noise,0.2,5696,Sparassis spathulata
273,0.7,0.4,10,0.29999999999999993,pretrained,noise,0.2,5746,Pleurozium schreberi
274,0.9,0.3,10,0.6000000000000001,pretrained,noise,0.2,5765,Cladophora columbiana
275,0.8,0.6,10,0.20000000000000007,pretrained,noise,0.2,5768,Bazzania trilobata
276,0.6,0.0,10,0.6,pretrained,noise,0.2,5779,Chondrus crispus
277,0.7,0.0,10,0.7,pretrained,noise,0.2,5820,Triantha glutinosa
278,0.7,0.5,10,0.19999999999999996,pretrained,noise,0.2,5826,Phoenix dactylifera
279,0.9,0.0,10,0.9,pretrained,noise,0.2,5853,Habranthus tubispathus
280,0.8,0.1,10,0.7000000000000001,pretrained,noise,0.2,5875,Agave salmiana
281,0.7,0.3,10,0.39999999999999997,pretrained,noise,0.2,5879,Asparagus aethiopicus
282,0.9,0.1,10,0.8,pretrained,noise,0.2,5883,Bloomeria crocea
283,1.0,0.1,10,0.9,pretrained,noise,0.2,5917,Nolina parryi
284,0.8,0.2,10,0.6000000000000001,pretrained,noise,0.2,5953,Phormium tenax
285,0.9,0.0,10,0.9,pretrained,noise,0.2,5957,Hypoxis hirsuta
286,0.9,0.1,10,0.8,pretrained,noise,0.2,5992,Anacamptis coriophora
287,0.9,0.7,10,0.20000000000000007,pretrained,noise,0.2,6008,Corallorhiza mertensiana
288,0.9,0.1,10,0.8,pretrained,noise,0.2,6009,Corallorhiza striata
289,0.8,0.0,10,0.8,pretrained,noise,0.2,6049,Liparis loeselii
290,0.8,0.1,10,0.7000000000000001,pretrained,noise,0.2,6051,Neotinea tridentata
291,0.8,0.0,10,0.8,pretrained,noise,0.2,6064,Ophrys tenthredinifera
292,0.7,0.0,10,0.7,pretrained,noise,0.2,6117,Wachendorfia paniculata
293,0.8,0.2,10,0.6000000000000001,pretrained,noise,0.2,6229,Tillandsia utriculata
294,0.9,0.0,10,0.9,pretrained,noise,0.2,6238,Carex digitata
295,0.7,0.1,10,0.6,pretrained,noise,0.2,6239,Carex eburnea
296,0.6,0.0,10,0.6,pretrained,noise,0.2,6242,Carex gracillima
297,0.6,0.0,10,0.6,pretrained,noise,0.2,6246,Carex hystericina
298,0.7,0.2,10,0.49999999999999994,pretrained,noise,0.2,6273,Carex vulpinoidea
299,0.9,0.4,10,0.5,pretrained,noise,0.2,6277,Cyperus eragrostis
300,0.7,0.5,10,0.19999999999999996,pretrained,noise,0.2,6293,Schoenoplectus acutus
301,0.4,0.2,10,0.2,pretrained,noise,0.2,6321,Ammophila breviligulata
302,0.1,0.1,10,0.0,pretrained,noise,0.2,6366,Digitaria sanguinalis
303,0.5,0.0,10,0.5,pretrained,noise,0.2,6382,Hordeum murinum
304,0.1,0.0,10,0.1,pretrained,noise,0.2,6407,Paspalum dilatatum
305,0.4,0.5,10,-0.09999999999999998,pretrained,noise,0.2,6409,Paspalum urvillei
306,0.9,0.0,10,0.9,pretrained,noise,0.2,6432,Stipa pennata
307,0.4,0.0,10,0.4,pretrained,noise,0.2,6447,Canna indica
308,0.9,0.4,10,0.5,pretrained,noise,0.2,6458,Hedychium gardnerianum
309,0.5,0.1,10,0.4,pretrained,noise,0.2,6496,Cicuta virosa
310,0.8,0.0,10,0.8,pretrained,noise,0.2,6499,Cryptotaenia canadensis
311,0.8,0.5,10,0.30000000000000004,pretrained,noise,0.2,6551,Aralia racemosa
312,0.7,0.2,10,0.49999999999999994,pretrained,noise,0.2,6558,Hydrocotyle ranunculoides
313,0.5,0.3,10,0.2,pretrained,noise,0.2,6589,Corokia cotoneaster
314,0.2,0.0,10,0.2,pretrained,noise,0.2,6606,Ambrosia deltoidea
315,0.4,0.3,10,0.10000000000000003,pretrained,noise,0.2,6611,Anaphalioides bellidioides
316,0.9,0.3,10,0.6000000000000001,pretrained,noise,0.2,6638,Artemisia tridentata
317,0.3,0.0,10,0.3,pretrained,noise,0.2,6656,Bidens bipinnata
318,0.8,0.0,10,0.8,pretrained,noise,0.2,6672,Carduus pycnocephalus
319,0.8,0.0,10,0.8,pretrained,noise,0.2,6714,Cirsium pitcheri
320,0.5,0.3,10,0.2,pretrained,noise,0.2,6745,Dittrichia graveolens
321,0.8,0.3,10,0.5,pretrained,noise,0.2,6747,Doellingeria umbellata
322,0.5,0.1,10,0.4,pretrained,noise,0.2,6771,Erigeron canadensis
323,0.8,0.6,10,0.20000000000000007,pretrained,noise,0.2,6773,Erigeron foliosus
324,0.6,0.0,10,0.6,pretrained,noise,0.2,6811,Gnaphalium uliginosum
325,0.8,0.2,10,0.6000000000000001,pretrained,noise,0.2,6815,Gutierrezia sarothrae
326,0.9,0.3,10,0.6000000000000001,pretrained,noise,0.2,6828,Helianthus maximiliani
327,0.5,0.1,10,0.4,pretrained,noise,0.2,6850,Isocoma acradenia
328,0.8,0.4,10,0.4,pretrained,noise,0.2,6892,Melampodium leucanthum
329,0.9,0.7,10,0.20000000000000007,pretrained,noise,0.2,6927,Perityle emoryi
330,0.8,0.2,10,0.6000000000000001,pretrained,noise,0.2,6938,Pinaropappus roseus
331,0.6,0.0,10,0.6,pretrained,noise,0.2,6955,Pterocaulon pycnostachyum
332,0.8,0.4,10,0.4,pretrained,noise,0.2,6963,Rudbeckia hirta
333,0.9,0.2,10,0.7,pretrained,noise,0.2,6969,Senecio ampullaceus
334,0.6,0.3,10,0.3,pretrained,noise,0.2,7004,Solidago rigida
335,0.5,0.1,10,0.4,pretrained,noise,0.2,7013,Sonchus asper
336,1.0,0.5,10,0.5,pretrained,noise,0.2,7024,Symphyotrichum lanceolatum
337,0.9,0.1,10,0.8,pretrained,noise,0.2,7042,Tetraneuris scaposa
338,0.8,0.0,10,0.8,pretrained,noise,0.2,7122,Menyanthes trifoliata
339,0.8,0.0,10,0.8,pretrained,noise,0.2,7171,Myosotis discolor
340,0.6,0.1,10,0.5,pretrained,noise,0.2,7202,Pholistoma membranaceum
341,0.8,0.0,10,0.8,pretrained,noise,0.2,7231,Cardamine californica
342,0.5,0.1,10,0.4,pretrained,noise,0.2,7279,Streptanthus tortuosus
343,0.9,0.1,10,0.8,pretrained,noise,0.2,7292,Floerkea proserpinacoides
344,0.7,0.4,10,0.29999999999999993,pretrained,noise,0.2,7305,Mesembryanthemum crystallinum
345,0.1,0.0,10,0.1,pretrained,noise,0.2,7319,Atriplex prostrata
346,0.6,0.1,10,0.5,pretrained,noise,0.2,7324,Celosia argentea
347,0.6,0.2,10,0.39999999999999997,pretrained,noise,0.2,7349,Cylindropuntia fulgida
348,0.9,0.1,10,0.8,pretrained,noise,0.2,7355,Cylindropuntia thurberi
349,0.6,0.0,10,0.6,pretrained,noise,0.2,7367,Echinocereus pentalophus
350,0.9,0.6,10,0.30000000000000004,pretrained,noise,0.2,7375,Escobaria vivipara
351,1.0,0.4,10,0.6,pretrained,noise,0.2,7394,Opuntia basilaris
352,0.8,0.0,10,0.8,pretrained,noise,0.2,7450,Silene dioica
353,0.9,0.9,10,0.0,pretrained,noise,0.2,7477,Drosera intermedia
354,0.7,0.5,10,0.19999999999999996,pretrained,noise,0.2,7480,Drosera spatulata
355,0.8,0.2,10,0.6000000000000001,pretrained,noise,0.2,7576,Canotia holacantha
356,0.3,0.1,10,0.19999999999999998,pretrained,noise,0.2,7577,Celastrus orbiculatus
357,0.7,0.1,10,0.6,pretrained,noise,0.2,7609,Hydrangea quercifolia
358,0.8,0.1,10,0.7000000000000001,pretrained,noise,0.2,7610,Philadelphus lewisii
359,0.8,0.0,10,0.8,pretrained,noise,0.2,7616,Petalonyx thurberi
360,0.3,0.0,10,0.3,pretrained,noise,0.2,7617,Nyssa sylvatica
361,0.8,0.7,10,0.10000000000000009,pretrained,noise,0.2,7634,Centranthus ruber
362,0.6,0.2,10,0.39999999999999997,pretrained,noise,0.2,7640,Leycesteria formosa
363,0.7,0.1,10,0.6,pretrained,noise,0.2,7652,Lonicera sempervirens
364,0.6,0.2,10,0.39999999999999997,pretrained,noise,0.2,7713,Arctostaphylos uva-ursi
365,1.0,0.2,10,0.8,pretrained,noise,0.2,7735,Erica imbricata
366,0.6,0.5,10,0.09999999999999998,pretrained,noise,0.2,7752,Leptecophylla tameiameiae
367,0.4,0.0,10,0.4,pretrained,noise,0.2,7756,Lyonia lucida
368,0.6,0.0,10,0.6,pretrained,noise,0.2,7785,Rhododendron periclymenoides
369,0.7,0.0,10,0.7,pretrained,noise,0.2,7802,Xylococcus bicolor
370,0.8,0.3,10,0.5,pretrained,noise,0.2,7819,Leptosiphon nuttallii
371,0.9,0.4,10,0.5,pretrained,noise,0.2,7822,Linanthus dianthiflorus
372,0.6,0.1,10,0.5,pretrained,noise,0.2,7831,Phlox hoodii
373,0.8,0.3,10,0.5,pretrained,noise,0.2,7851,Lysimachia clethroides
374,0.8,0.0,10,0.8,pretrained,noise,0.2,7858,Lysimachia quadriflora
375,0.5,0.0,10,0.5,pretrained,noise,0.2,7889,Acacia cyclops
376,0.2,0.0,10,0.2,pretrained,noise,0.2,7897,Acacia saligna
377,0.8,0.1,10,0.7000000000000001,pretrained,noise,0.2,7912,Astragalus crassicarpus
378,1.0,0.3,10,0.7,pretrained,noise,0.2,7913,Astragalus danicus
379,0.8,0.3,10,0.5,pretrained,noise,0.2,7918,Astragalus purshii
380,1.0,0.4,10,0.6,pretrained,noise,0.2,7944,Dalea aurea
381,0.7,0.2,10,0.49999999999999994,pretrained,noise,0.2,7950,Desmanthus illinoensis
382,0.5,0.1,10,0.4,pretrained,noise,0.2,7958,Erythrostemon mexicanus
383,0.4,0.0,10,0.4,pretrained,noise,0.2,7974,Hylodesmum glutinosum
384,0.7,0.2,10,0.49999999999999994,pretrained,noise,0.2,7989,Lespedeza capitata
385,0.6,0.0,10,0.6,pretrained,noise,0.2,7994,Lotus corniculatus
386,0.6,0.2,10,0.39999999999999997,pretrained,noise,0.2,7995,Lotus pedunculatus
387,0.8,0.1,10,0.7000000000000001,pretrained,noise,0.2,8020,Medicago lupulina
388,0.8,0.0,10,0.8,pretrained,noise,0.2,8028,Mimosa nuttallii
389,0.8,0.1,10,0.7000000000000001,pretrained,noise,0.2,8062,Senna armata
390,0.7,0.0,10,0.7,pretrained,noise,0.2,8095,Trifolium lupinaster
391,0.5,0.0,10,0.5,pretrained,noise,0.2,8106,Vachellia farnesiana
392,0.5,0.1,10,0.4,pretrained,noise,0.2,8127,Polygala alba
393,0.3,0.1,10,0.19999999999999998,pretrained,noise,0.2,8154,Carpinus caroliniana
394,0.4,0.1,10,0.30000000000000004,pretrained,noise,0.2,8162,Chrysolepis chrysophylla
395,0.0,0.1,10,-0.1,pretrained,noise,0.2,8168,Quercus alba
396,0.5,0.0,10,0.5,pretrained,noise,0.2,8171,Quercus buckleyi
397,0.7,0.3,10,0.39999999999999997,pretrained,noise,0.2,8189,Quercus laevis
398,0.5,0.1,10,0.4,pretrained,noise,0.2,8190,Quercus lobata
399,0.2,0.0,10,0.2,pretrained,noise,0.2,8196,Quercus nigra
400,0.3,0.1,10,0.19999999999999998,pretrained,noise,0.2,8214,Carya tomentosa
401,0.7,0.1,10,0.6,pretrained,noise,0.2,8227,Garrya lindheimeri
402,0.7,0.2,10,0.49999999999999994,pretrained,noise,0.2,8235,Asclepias asperula
403,0.7,0.1,10,0.6,pretrained,noise,0.2,8249,Asclepias oenotheroides
404,0.7,0.0,10,0.7,pretrained,noise,0.2,8254,Asclepias subulata
405,0.5,0.1,10,0.4,pretrained,noise,0.2,8267,Catharanthus roseus
406,0.8,0.2,10,0.6000000000000001,pretrained,noise,0.2,8283,Vinca minor
407,0.9,0.1,10,0.8,pretrained,noise,0.2,8344,Galium triflorum
408,0.5,0.0,10,0.5,pretrained,noise,0.2,8358,Paederia foetida
409,0.8,0.1,10,0.7000000000000001,pretrained,noise,0.2,8369,Erodium texanum
410,0.9,0.1,10,0.8,pretrained,noise,0.2,8379,Geranium pratense
411,0.7,0.0,10,0.7,pretrained,noise,0.2,8386,Geranium sibiricum
412,0.8,0.1,10,0.7000000000000001,pretrained,noise,0.2,8410,Thunbergia alata
413,0.6,0.7,10,-0.09999999999999998,pretrained,noise,0.2,8419,Tabebuia rosea
414,0.5,0.1,10,0.4,pretrained,noise,0.2,8437,Condea emoryi
415,0.9,0.1,10,0.8,pretrained,noise,0.2,8453,Leonurus cardiaca
416,0.8,0.1,10,0.7000000000000001,pretrained,noise,0.2,8475,Origanum vulgare
417,0.8,0.5,10,0.30000000000000004,pretrained,noise,0.2,8477,Phlomoides tuberosa
418,0.5,0.0,10,0.5,pretrained,noise,0.2,8492,Salvia mellifera
419,0.8,0.0,10,0.8,pretrained,noise,0.2,8515,Teucrium canadense
420,1.0,0.0,10,1.0,pretrained,noise,0.2,8587,Castilleja tenuiflora
421,0.7,0.0,10,0.7,pretrained,noise,0.2,8593,Euphrasia nemorosa
422,1.0,0.2,10,0.8,pretrained,noise,0.2,8594,Hyobanche sanguinea
423,1.0,0.8,10,0.19999999999999996,pretrained,noise,0.2,8607,Pedicularis groenlandica
424,0.8,0.1,10,0.7000000000000001,pretrained,noise,0.2,8641,Cymbalaria muralis
425,0.8,0.1,10,0.7000000000000001,pretrained,noise,0.2,8659,Penstemon centranthifolius
426,0.9,0.7,10,0.20000000000000007,pretrained,noise,0.2,8669,Penstemon procerus
427,0.4,0.0,10,0.4,pretrained,noise,0.2,8675,Plantago erecta
428,0.8,0.3,10,0.5,pretrained,noise,0.2,8678,Plantago maritima
429,0.8,0.0,10,0.8,pretrained,noise,0.2,8688,Veronica anagallis-aquatica
430,0.6,0.2,10,0.39999999999999997,pretrained,noise,0.2,8693,Veronica filiformis
431,0.2,0.0,10,0.2,pretrained,noise,0.2,8708,Buddleja cordata
432,0.7,0.3,10,0.39999999999999997,pretrained,noise,0.2,8717,Verbascum nigrum
433,0.4,0.0,10,0.4,pretrained,noise,0.2,8750,Laurus nobilis
434,0.3,0.0,10,0.3,pretrained,noise,0.2,8755,Hedycarya arborea
435,0.9,0.0,10,0.9,pretrained,noise,0.2,8761,Magnolia grandiflora
436,0.4,0.0,10,0.4,pretrained,noise,0.2,8763,Magnolia tripetala
437,0.7,0.1,10,0.6,pretrained,noise,0.2,8800,Euphorbia misera
438,0.6,0.1,10,0.5,pretrained,noise,0.2,8810,Euphorbia serpillifolia
439,0.8,0.1,10,0.7000000000000001,pretrained,noise,0.2,8851,Turnera ulmifolia
440,0.6,0.1,10,0.5,pretrained,noise,0.2,8852,Bischofia javanica
441,0.6,0.0,10,0.6,pretrained,noise,0.2,8875,Salix laevigata
442,0.7,0.6,10,0.09999999999999998,pretrained,noise,0.2,8882,Melicytus alpinus
443,0.5,0.0,10,0.5,pretrained,noise,0.2,8888,Viola blanda
444,1.0,0.0,10,1.0,pretrained,noise,0.2,8917,Viola tricolor
445,0.8,0.1,10,0.7000000000000001,pretrained,noise,0.2,8920,Cistus albidus
446,0.8,0.0,10,0.8,pretrained,noise,0.2,8936,Callirhoe pedata
447,0.8,0.0,10,0.8,pretrained,noise,0.2,8946,Hibiscus moscheutos
448,0.7,0.0,10,0.7,pretrained,noise,0.2,8949,Hibiscus tiliaceus
449,0.5,0.0,10,0.5,pretrained,noise,0.2,8954,Malacothamnus fasciculatus
450,0.5,0.0,10,0.5,pretrained,noise,0.2,9001,Lythrum hyssopifolia
451,0.5,0.3,10,0.2,pretrained,noise,0.2,9021,Metrosideros umbellata
452,0.7,0.0,10,0.7,pretrained,noise,0.2,9022,Myrtus communis
453,0.5,0.0,10,0.5,pretrained,noise,0.2,9033,Circaea lutetiana
454,0.8,0.0,10,0.8,pretrained,noise,0.2,9055,Ludwigia peruviana
455,0.6,0.1,10,0.5,pretrained,noise,0.2,9063,Oenothera gaura
456,0.7,0.1,10,0.6,pretrained,noise,0.2,9085,Nymphaea nouchali
457,0.9,0.0,10,0.9,pretrained,noise,0.2,9099,Oxalis luteola
458,0.6,0.0,10,0.6,pretrained,noise,0.2,9130,Leucadendron salignum
459,0.8,0.3,10,0.5,pretrained,noise,0.2,9139,Protea repens
460,0.7,0.3,10,0.39999999999999997,pretrained,noise,0.2,9142,Berberis aquifolium
461,1.0,0.0,10,1.0,pretrained,noise,0.2,9186,Papaver rhoeas
462,0.8,0.1,10,0.7000000000000001,pretrained,noise,0.2,9192,Stylophorum diphyllum
463,0.7,0.1,10,0.6,pretrained,noise,0.2,9219,Aquilegia flavescens
464,0.8,0.0,10,0.8,pretrained,noise,0.2,9230,Clematis occidentalis
465,0.9,0.0,10,0.9,pretrained,noise,0.2,9256,Pulsatilla nuttalliana
466,0.6,0.2,10,0.39999999999999997,pretrained,noise,0.2,9288,Cannabis sativa
467,0.4,0.1,10,0.30000000000000004,pretrained,noise,0.2,9309,Ficus petiolaris
468,0.7,0.2,10,0.49999999999999994,pretrained,noise,0.2,9333,Ceanothus verrucosus
469,0.7,0.0,10,0.7,pretrained,noise,0.2,9338,Frangula californica
470,0.8,0.0,10,0.8,pretrained,noise,0.2,9404,Photinia serratifolia
471,0.6,0.5,10,0.09999999999999998,pretrained,noise,0.2,9444,Rosa bracteata
472,0.5,0.1,10,0.4,pretrained,noise,0.2,9460,Rubus bifrons
473,0.6,0.0,10,0.6,pretrained,noise,0.2,9468,Rubus laciniatus
474,0.8,0.0,10,0.8,pretrained,noise,0.2,9476,Rubus saxatilis
475,0.3,0.0,10,0.3,pretrained,noise,0.2,9499,Ulmus americana
476,0.7,0.6,10,0.09999999999999998,pretrained,noise,0.2,9541,Rhus typhina
477,0.5,0.0,10,0.5,pretrained,noise,0.2,9573,Acer nigrum
478,0.5,0.0,10,0.5,pretrained,noise,0.2,9584,Aesculus glabra
479,0.2,0.0,10,0.2,pretrained,noise,0.2,9593,Ailanthus altissima
480,0.6,0.3,10,0.3,pretrained,noise,0.2,9615,Sedum lanceolatum
481,0.6,0.0,10,0.6,pretrained,noise,0.2,9636,Ribes rubrum
482,0.5,0.1,10,0.4,pretrained,noise,0.2,9639,Ribes triste
483,0.1,0.0,10,0.1,pretrained,noise,0.2,9644,Hamamelis virginiana
484,0.7,0.0,10,0.7,pretrained,noise,0.2,9659,Micranthes californica
485,0.7,0.0,10,0.7,pretrained,noise,0.2,9677,Calystegia sepium
486,0.5,0.2,10,0.3,pretrained,noise,0.2,9776,Cupressus macrocarpa
487,0.6,0.1,10,0.5,pretrained,noise,0.2,9786,Juniperus osteosperma
488,0.7,0.4,10,0.29999999999999993,pretrained,noise,0.2,9825,Pinus lambertiana
489,0.6,0.2,10,0.39999999999999997,pretrained,noise,0.2,9847,Tsuga mertensiana
490,0.6,0.0,10,0.6,pretrained,noise,0.2,9855,Prumnopitys taxifolia
491,0.6,0.6,10,0.0,pretrained,noise,0.2,9870,Equisetum pratense
492,0.7,0.6,10,0.09999999999999998,pretrained,noise,0.2,9907,Asplenium viride
493,0.7,0.3,10,0.39999999999999997,pretrained,noise,0.2,9912,Blechnum filiforme
494,0.8,0.1,10,0.7000000000000001,pretrained,noise,0.2,9920,Telmatoblechnum serrulatum
495,0.8,0.7,10,0.10000000000000009,pretrained,noise,0.2,9932,Pteridium aquilinum
496,0.9,0.4,10,0.5,pretrained,noise,0.2,9955,Microsorum scandens
497,0.6,0.0,10,0.6,pretrained,noise,0.2,9958,Pleopeltis michauxiana
498,0.8,0.6,10,0.20000000000000007,pretrained,noise,0.2,9965,Acrostichum danaeifolium
499,0.7,0.2,10,0.49999999999999994,pretrained,noise,0.2,9985,Pteris macilenta
0,0.7,0.3,10,0.39999999999999997,pretrained,blur,7,44,Trichonephila clavata
1,0.7,0.6,10,0.09999999999999998,pretrained,blur,7,46,Trichonephila edulis
2,0.5,0.4,10,0.09999999999999998,pretrained,blur,7,53,Badumna longinqua
3,0.6,0.4,10,0.19999999999999996,pretrained,blur,7,70,Dolomedes triton
4,0.5,0.3,10,0.2,pretrained,blur,7,83,Lyssomanes viridis
5,0.4,0.5,10,-0.09999999999999998,pretrained,blur,7,89,Naphrys pulex
6,0.8,0.0,10,0.8,pretrained,blur,7,109,Aphonopelma chalcodes
7,0.4,0.5,10,-0.09999999999999998,pretrained,blur,7,110,Aphonopelma eutylenum
8,0.4,0.0,10,0.4,pretrained,blur,7,147,Leiobunum townsendi
9,0.9,0.5,10,0.4,pretrained,blur,7,170,Pollicipes polymerus
10,0.8,0.5,10,0.30000000000000004,pretrained,blur,7,200,Cicindela campestris
11,0.8,0.7,10,0.10000000000000009,pretrained,blur,7,211,Cicindela scutellaris
12,0.7,0.4,10,0.29999999999999993,pretrained,blur,7,215,Harpalus rufipes
13,1.0,0.4,10,0.6,pretrained,blur,7,246,Prionus laticollis
14,0.8,0.4,10,0.4,pretrained,blur,7,261,Typocerus velutinus
15,0.6,0.2,10,0.39999999999999997,pretrained,blur,7,273,Chrysolina americana
16,0.8,0.8,10,0.0,pretrained,blur,7,279,Clytra laeviuscula
17,0.9,0.8,10,0.09999999999999998,pretrained,blur,7,286,Helocassis clavata
18,0.5,0.4,10,0.09999999999999998,pretrained,blur,7,303,Adalia decempunctata
19,0.9,0.2,10,0.7,pretrained,blur,7,304,Anatis ocellata
20,0.8,0.6,10,0.20000000000000007,pretrained,blur,7,332,Psyllobora vigintiduopunctata
21,0.9,0.5,10,0.4,pretrained,blur,7,376,Callistethus marginatus
22,0.6,0.3,10,0.3,pretrained,blur,7,381,Dynastes tityus
23,0.4,0.0,10,0.4,pretrained,blur,7,382,Euphoria basalis
24,1.0,0.3,10,0.7,pretrained,blur,7,418,Zopherus nodulosus
25,0.8,0.5,10,0.30000000000000004,pretrained,blur,7,504,Tipula abdominalis
26,0.7,0.8,10,-0.10000000000000009,pretrained,blur,7,525,Cercopis vulnerata
27,0.7,0.1,10,0.6,pretrained,blur,7,529,Cuerna costalis
28,0.9,0.4,10,0.5,pretrained,blur,7,562,Coreus marginatus
29,0.8,0.2,10,0.6000000000000001,pretrained,blur,7,573,Thasus neocalifornicus
30,0.9,0.6,10,0.30000000000000004,pretrained,blur,7,623,Euthyrhynchus floridanus
31,0.6,0.1,10,0.5,pretrained,blur,7,652,Pselliopus barberi
32,0.6,0.4,10,0.19999999999999996,pretrained,blur,7,666,Scolypopa australis
33,0.4,0.0,10,0.4,pretrained,blur,7,712,Xylocopa sonorina
34,0.3,0.1,10,0.19999999999999998,pretrained,blur,7,713,Xylocopa tabaniformis
35,0.4,0.2,10,0.2,pretrained,blur,7,778,Halictus rubicundus
36,0.8,0.6,10,0.20000000000000007,pretrained,blur,7,791,Dasymutilla occidentalis
37,0.5,0.7,10,-0.19999999999999996,pretrained,blur,7,809,Myzinum quinquecinctum
38,0.2,0.0,10,0.2,pretrained,blur,7,830,Polistes dominula
39,0.2,0.1,10,0.1,pretrained,blur,7,832,Polistes exclamans
40,0.7,0.1,10,0.6,pretrained,blur,7,834,Polistes humilis
41,0.8,0.6,10,0.20000000000000007,pretrained,blur,7,858,Achyra rantalis
42,0.7,0.5,10,0.19999999999999996,pretrained,blur,7,860,Agriphila tristella
43,0.7,0.7,10,0.0,pretrained,blur,7,863,Anania funebris
44,1.0,0.6,10,0.4,pretrained,blur,7,878,Desmia funeralis
45,0.8,0.7,10,0.10000000000000009,pretrained,blur,7,901,Lineodes integra
46,0.9,0.7,10,0.20000000000000007,pretrained,blur,7,907,Microtheoris vibicalis
47,0.9,0.7,10,0.20000000000000007,pretrained,blur,7,950,Agonopterix alstroemeriana
48,0.9,0.2,10,0.7,pretrained,blur,7,976,Arctia caja
49,0.8,0.5,10,0.30000000000000004,pretrained,blur,7,1062,Idia lubricalis
50,0.9,0.6,10,0.30000000000000004,pretrained,blur,7,1068,Lithosia quadra
51,0.5,0.1,10,0.4,pretrained,blur,7,1074,Lymantria dispar
52,1.0,0.4,10,0.6,pretrained,blur,7,1152,Anticlea vasiliata
53,0.8,0.5,10,0.30000000000000004,pretrained,blur,7,1154,Arhodia lasiocamparia
54,0.8,0.3,10,0.5,pretrained,blur,7,1155,Besma quercivoraria
55,0.8,0.5,10,0.30000000000000004,pretrained,blur,7,1157,Cabera erythemaria
56,0.9,0.5,10,0.4,pretrained,blur,7,1210,Eubaphe mendica
57,0.5,0.3,10,0.2,pretrained,blur,7,1230,Hypagyrtis unipunctata
58,0.9,0.6,10,0.30000000000000004,pretrained,blur,7,1242,Ilexia intractata
59,0.7,0.2,10,0.49999999999999994,pretrained,blur,7,1244,Iridopsis larvaria
60,0.9,0.5,10,0.4,pretrained,blur,7,1255,Macaria aemulataria
61,1.0,0.9,10,0.09999999999999998,pretrained,blur,7,1278,Opisthograptis luteolata
62,0.9,0.3,10,0.6000000000000001,pretrained,blur,7,1293,Plagodis pulveraria
63,1.0,0.9,10,0.09999999999999998,pretrained,blur,7,1387,Oligoria maculata
64,0.9,0.3,10,0.6000000000000001,pretrained,blur,7,1425,Trabala vishnou
65,0.9,0.6,10,0.30000000000000004,pretrained,blur,7,1471,Eooxylides tharis
66,0.9,0.7,10,0.20000000000000007,pretrained,blur,7,1481,Heliophorus ila
67,0.6,0.3,10,0.3,pretrained,blur,7,1485,Icaricia icarioides
68,0.9,0.5,10,0.4,pretrained,blur,7,1501,Lycaena helloides
69,0.9,0.4,10,0.5,pretrained,blur,7,1516,Plebejus samuelis
70,1.0,0.5,10,0.5,pretrained,blur,7,1525,Satyrium behrii
71,0.9,0.4,10,0.5,pretrained,blur,7,1536,Strymon melinus
72,0.6,0.2,10,0.39999999999999997,pretrained,blur,7,1566,Agrotis munda
73,0.9,0.7,10,0.20000000000000007,pretrained,blur,7,1576,Anaplectoides prasina
74,0.9,0.3,10,0.6000000000000001,pretrained,blur,7,1603,Copivaleria grotei
75,1.0,0.7,10,0.30000000000000004,pretrained,blur,7,1606,Cosmodes elegans
76,0.4,0.0,10,0.4,pretrained,blur,7,1632,Helicoverpa armigera
77,0.7,0.1,10,0.6,pretrained,blur,7,1634,Hemieuxoa rudens
78,0.5,0.3,10,0.2,pretrained,blur,7,1658,Morrisonia confusa
79,0.6,0.2,10,0.39999999999999997,pretrained,blur,7,1669,Ochropleura implecta
80,0.9,0.5,10,0.4,pretrained,blur,7,1713,Tarache aprica
81,1.0,0.2,10,0.8,pretrained,blur,7,1732,Clostera apicalis
82,0.9,0.5,10,0.4,pretrained,blur,7,1788,Ariadne ariadne
83,0.7,0.5,10,0.19999999999999996,pretrained,blur,7,1875,Hipparchia statilinus
84,0.9,0.3,10,0.6000000000000001,pretrained,blur,7,1907,Limenitis archippus
85,0.8,0.5,10,0.30000000000000004,pretrained,blur,7,1910,Limenitis lorquini
86,0.8,0.7,10,0.10000000000000009,pretrained,blur,7,1932,Morpho helenor
87,0.7,0.1,10,0.6,pretrained,blur,7,1938,Nymphalis antiopa
88,0.8,0.4,10,0.4,pretrained,blur,7,1944,Parantica aglea
89,0.5,0.3,10,0.2,pretrained,blur,7,1955,Polygonia c-album
90,0.7,0.6,10,0.09999999999999998,pretrained,blur,7,1958,Polygonia faunus
91,0.8,0.7,10,0.10000000000000009,pretrained,blur,7,1979,Texola elada
92,0.9,0.5,10,0.4,pretrained,blur,7,1983,Vanessa annabella
93,0.8,0.6,10,0.20000000000000007,pretrained,blur,7,2034,Papilio thoas
94,0.5,0.4,10,0.09999999999999998,pretrained,blur,7,2035,Papilio troilus
95,0.8,0.6,10,0.20000000000000007,pretrained,blur,7,2047,Anteos maerula
96,0.7,0.3,10,0.39999999999999997,pretrained,blur,7,2061,Catopsilia pyranthe
97,0.6,0.2,10,0.39999999999999997,pretrained,blur,7,2100,Pontia edusa
98,0.4,0.3,10,0.10000000000000003,pretrained,blur,7,2114,Aglossa pinguinalis
99,0.8,0.6,10,0.20000000000000007,pretrained,blur,7,2121,Endotricha pyrosalis
100,0.8,0.6,10,0.20000000000000007,pretrained,blur,7,2129,Moodna ostrinella
101,0.8,0.5,10,0.30000000000000004,pretrained,blur,7,2242,Clepsis persicana
102,0.5,0.3,10,0.2,pretrained,blur,7,2300,Dicromantispa interrupta
103,0.6,0.6,10,0.0,pretrained,blur,7,2340,Agriocnemis femina
104,0.9,0.6,10,0.30000000000000004,pretrained,blur,7,2375,Enallagma geminatum
105,0.5,0.3,10,0.2,pretrained,blur,7,2385,Ischnura denticollis
106,0.7,0.6,10,0.09999999999999998,pretrained,blur,7,2404,Cordulegaster diastatops
107,0.9,0.1,10,0.8,pretrained,blur,7,2408,Cordulia aenea
108,0.5,0.1,10,0.4,pretrained,blur,7,2414,Epitheca princeps
109,0.7,0.4,10,0.29999999999999993,pretrained,blur,7,2418,Somatochlora tenebrosa
110,0.6,0.2,10,0.39999999999999997,pretrained,blur,7,2424,Arigomphus villosipes
111,0.5,0.4,10,0.09999999999999998,pretrained,blur,7,2430,Gomphurus vastus
112,0.7,0.3,10,0.39999999999999997,pretrained,blur,7,2450,Lestes alacer
113,0.7,0.2,10,0.49999999999999994,pretrained,blur,7,2458,Lestes inaequalis
114,0.6,0.0,10,0.6,pretrained,blur,7,2501,Leucorrhinia intacta
115,1.0,0.4,10,0.6,pretrained,blur,7,2502,Leucorrhinia proxima
116,0.7,0.4,10,0.29999999999999993,pretrained,blur,7,2569,Sympetrum obtrusum
117,0.6,0.4,10,0.19999999999999996,pretrained,blur,7,2581,Trithemis annulata
118,0.7,0.6,10,0.09999999999999998,pretrained,blur,7,2585,Trithemis kirbyi
119,0.8,0.3,10,0.5,pretrained,blur,7,2593,Nososticta solida
120,0.8,0.4,10,0.4,pretrained,blur,7,2661,Taeniopoda eques
121,0.5,0.2,10,0.3,pretrained,blur,7,2691,Tettigonia viridissima
122,0.6,0.4,10,0.19999999999999996,pretrained,blur,7,2692,Phyllopalpus pulchellus
123,0.8,0.2,10,0.6000000000000001,pretrained,blur,7,2704,Cancer borealis
124,0.4,0.0,10,0.4,pretrained,blur,7,2712,Pugettia producta
125,0.4,0.6,10,-0.19999999999999996,pretrained,blur,7,2721,Emerita talpoida
126,0.6,0.1,10,0.5,pretrained,blur,7,2737,Arenaeus cribrarius
127,0.7,0.1,10,0.6,pretrained,blur,7,2739,Aratus pisonii
128,0.9,0.2,10,0.7,pretrained,blur,7,2769,Pimephales notatus
129,0.6,0.2,10,0.39999999999999997,pretrained,blur,7,2785,Gobiesox maeandricus
130,0.8,0.4,10,0.4,pretrained,blur,7,2807,Micropterus dolomieu
131,0.8,0.6,10,0.20000000000000007,pretrained,blur,7,2815,Cheilodactylus vestitus
132,0.8,0.7,10,0.10000000000000009,pretrained,blur,7,2823,Girella nigricans
133,0.5,0.3,10,0.2,pretrained,blur,7,2826,Neogobius melanostomus
134,0.6,0.2,10,0.39999999999999997,pretrained,blur,7,2843,Thalassoma bifasciatum
135,0.9,0.8,10,0.09999999999999998,pretrained,blur,7,2875,Scarus ghobban
136,0.7,0.4,10,0.29999999999999993,pretrained,blur,7,2915,Aulostomus chinensis
137,0.7,0.2,10,0.49999999999999994,pretrained,blur,7,2927,Diodon hystrix
138,0.6,0.3,10,0.3,pretrained,blur,7,2941,Bombina variegata
139,0.6,0.1,10,0.5,pretrained,blur,7,2951,Bufo bankorensis
140,0.7,0.3,10,0.39999999999999997,pretrained,blur,7,2974,Dendrobates auratus
141,0.9,0.2,10,0.7,pretrained,blur,7,2982,Boana rosenbergi
142,0.6,0.3,10,0.3,pretrained,blur,7,3026,Lithobates blairi
143,0.4,0.2,10,0.2,pretrained,blur,7,3038,Pelophylax ridibundus
144,0.7,0.4,10,0.29999999999999993,pretrained,blur,7,3054,Scaphiopus couchii
145,0.6,0.5,10,0.09999999999999998,pretrained,blur,7,3094,Plethodon serratus
146,0.7,0.5,10,0.19999999999999996,pretrained,blur,7,3135,Buteo swainsoni
147,0.2,0.3,10,-0.09999999999999998,pretrained,blur,7,3147,Circus pygargus
148,0.5,0.4,10,0.09999999999999998,pretrained,blur,7,3160,Haliaeetus albicilla
149,0.5,0.4,10,0.09999999999999998,pretrained,blur,7,3168,Ictinia plumbea
150,0.6,0.2,10,0.39999999999999997,pretrained,blur,7,3200,Anas gracilis
151,0.5,0.5,10,0.0,pretrained,blur,7,3206,Anas zonorhyncha
152,0.6,0.2,10,0.39999999999999997,pretrained,blur,7,3242,Cygnus cygnus
153,0.5,0.3,10,0.2,pretrained,blur,7,3297,Podargus strigoides
154,0.6,0.7,10,-0.09999999999999998,pretrained,blur,7,3341,Cerorhinca monocerata
155,1.0,0.6,10,0.4,pretrained,blur,7,3342,Fratercula arctica
156,0.6,0.3,10,0.3,pretrained,blur,7,3346,Burhinus grallarius
157,0.9,0.9,10,0.0,pretrained,blur,7,3352,Charadrius hiaticula
158,0.7,0.5,10,0.19999999999999996,pretrained,blur,7,3402,Chroicocephalus ridibundus
159,0.7,0.5,10,0.19999999999999996,pretrained,blur,7,3479,Numenius americanus
160,0.5,0.2,10,0.3,pretrained,blur,7,3502,Ciconia ciconia
161,0.7,0.4,10,0.29999999999999993,pretrained,blur,7,3534,Streptopelia capicola
162,0.8,0.8,10,0.0,pretrained,blur,7,3617,Penelope obscura
163,0.5,0.0,10,0.5,pretrained,blur,7,3621,Callipepla californica
164,0.7,0.1,10,0.6,pretrained,blur,7,3647,Anthropoides virgo
165,0.5,0.1,10,0.4,pretrained,blur,7,3727,Spiza americana
166,0.6,0.5,10,0.09999999999999998,pretrained,blur,7,3755,Corvus frugilegus
167,0.5,0.2,10,0.3,pretrained,blur,7,3767,Dendrocitta formosae
168,0.7,0.1,10,0.6,pretrained,blur,7,3776,Pica serica
169,0.5,0.3,10,0.2,pretrained,blur,7,3792,Emberiza hortulana
170,0.4,0.2,10,0.2,pretrained,blur,7,3800,Lonchura punctulata
171,0.6,0.5,10,0.09999999999999998,pretrained,blur,7,3814,Coccothraustes coccothraustes
172,0.3,0.2,10,0.09999999999999998,pretrained,blur,7,3848,Hirundo neoxena
173,0.4,0.0,10,0.4,pretrained,blur,7,3859,Riparia riparia
174,0.7,0.2,10,0.49999999999999994,pretrained,blur,7,3864,Tachycineta bicolor
175,0.8,0.4,10,0.4,pretrained,blur,7,3870,Cassiculus melanicterus
176,0.4,0.0,10,0.4,pretrained,blur,7,3901,Quiscalus quiscula
177,0.7,0.7,10,0.0,pretrained,blur,7,3922,Malurus splendens
178,0.8,0.4,10,0.4,pretrained,blur,7,3946,Oreoscoptes montanus
179,0.7,0.2,10,0.49999999999999994,pretrained,blur,7,3958,Anthus hodgsoni
180,0.7,0.4,10,0.29999999999999993,pretrained,blur,7,3971,Motacilla citreola
181,0.5,0.4,10,0.09999999999999998,pretrained,blur,7,3972,Motacilla flava
182,0.8,0.6,10,0.20000000000000007,pretrained,blur,7,3976,Copsychus saularis
183,0.6,0.2,10,0.39999999999999997,pretrained,blur,7,3994,Phoenicurus ochruros
184,0.5,0.2,10,0.3,pretrained,blur,7,3995,Phoenicurus phoenicurus
185,0.7,0.5,10,0.19999999999999996,pretrained,blur,7,3997,Saxicola maurus
186,0.5,0.3,10,0.2,pretrained,blur,7,4021,Pachycephala pectoralis
187,0.4,0.1,10,0.30000000000000004,pretrained,blur,7,4027,Baeolophus bicolor
188,0.6,0.2,10,0.39999999999999997,pretrained,blur,7,4075,Setophaga graciae
189,0.7,0.4,10,0.29999999999999993,pretrained,blur,7,4114,Peucaea carpalis
190,0.7,0.3,10,0.39999999999999997,pretrained,blur,7,4139,Petroica australis
191,0.3,0.3,10,0.0,pretrained,blur,7,4187,Sitta carolinensis
192,0.5,0.0,10,0.5,pretrained,blur,7,4190,Sitta pygmaea
193,0.7,0.6,10,0.09999999999999998,pretrained,blur,7,4195,Cinnyricinclus leucogaster
194,0.7,0.5,10,0.19999999999999996,pretrained,blur,7,4221,Pipraeidea bonariensis
195,0.5,0.6,10,-0.09999999999999998,pretrained,blur,7,4231,Sicalis luteola
196,1.0,0.9,10,0.09999999999999998,pretrained,blur,7,4241,Tangara arthus
197,0.5,0.5,10,0.0,pretrained,blur,7,4245,Thraupis episcopus
198,0.4,0.3,10,0.10000000000000003,pretrained,blur,7,4250,Pachyramphus aglaiae
199,0.4,0.3,10,0.10000000000000003,pretrained,blur,7,4356,Ardea cinerea
200,0.6,0.2,10,0.39999999999999997,pretrained,blur,7,4363,Ardea purpurea
201,0.4,0.3,10,0.10000000000000003,pretrained,blur,7,4366,Ardeola ralloides
202,0.6,0.3,10,0.3,pretrained,blur,7,4404,Platalea flavipes
203,0.4,0.4,10,0.0,pretrained,blur,7,4405,Platalea leucorodia
204,0.4,0.0,10,0.4,pretrained,blur,7,4407,Platalea regia
205,0.4,0.1,10,0.30000000000000004,pretrained,blur,7,4413,Threskiornis melanocephalus
206,0.7,0.3,10,0.39999999999999997,pretrained,blur,7,4422,Psilopogon haemacephalus
207,0.8,0.7,10,0.10000000000000009,pretrained,blur,7,4424,Campephilus guatemalensis
208,0.7,0.3,10,0.39999999999999997,pretrained,blur,7,4428,Colaptes campestris
209,0.9,0.8,10,0.09999999999999998,pretrained,blur,7,4472,Ramphastos toco
210,0.7,0.0,10,0.7,pretrained,blur,7,4540,Aegolius acadicus
211,1.0,0.6,10,0.4,pretrained,blur,7,4617,Alcelaphus buselaphus
212,0.9,0.0,10,0.9,pretrained,blur,7,4624,Capra ibex
213,0.6,0.4,10,0.19999999999999996,pretrained,blur,7,4640,Tragelaphus angasii
214,0.9,0.3,10,0.6000000000000001,pretrained,blur,7,4665,Phacochoerus africanus
215,0.6,0.5,10,0.09999999999999998,pretrained,blur,7,4688,Crocuta crocuta
216,0.8,0.3,10,0.5,pretrained,blur,7,4711,Halichoerus grypus
217,0.9,0.4,10,0.5,pretrained,blur,7,4713,Mirounga leonina
218,0.9,0.0,10,0.9,pretrained,blur,7,4722,Rhynchonycteris naso
219,0.9,0.4,10,0.5,pretrained,blur,7,4766,Ornithorhynchus anatinus
220,0.4,0.4,10,0.0,pretrained,blur,7,4769,Equus caballus
221,0.9,0.4,10,0.5,pretrained,blur,7,4770,Equus quagga
222,0.9,0.3,10,0.6000000000000001,pretrained,blur,7,4782,Cercopithecus mitis
223,0.4,0.2,10,0.2,pretrained,blur,7,4811,Hystrix africaeaustralis
224,0.6,0.4,10,0.19999999999999996,pretrained,blur,7,4823,Cynomys ludovicianus
225,0.6,0.2,10,0.39999999999999997,pretrained,blur,7,4826,Funambulus pennantii
226,0.4,0.2,10,0.2,pretrained,blur,7,4829,Ictidomys tridecemlineatus
227,0.8,0.2,10,0.6000000000000001,pretrained,blur,7,4831,Marmota flaviventris
228,0.5,0.3,10,0.2,pretrained,blur,7,4883,Elgaria multicarinata
229,0.6,0.4,10,0.19999999999999996,pretrained,blur,7,4885,Ophisaurus attenuatus
230,0.8,0.3,10,0.5,pretrained,blur,7,4915,Hypsiglena jani
231,0.7,0.5,10,0.19999999999999996,pretrained,blur,7,4917,Imantodes cenchoa
232,0.9,0.0,10,0.9,pretrained,blur,7,4939,Nerodia floridana
233,0.5,0.0,10,0.5,pretrained,blur,7,4942,Nerodia taxispilota
234,0.5,0.1,10,0.4,pretrained,blur,7,4947,Pantherophis emoryi
235,0.4,0.3,10,0.10000000000000003,pretrained,blur,7,4955,Regina grahamii
236,0.2,0.0,10,0.2,pretrained,blur,7,4993,Anolis sagrei
237,0.6,0.1,10,0.5,pretrained,blur,7,5065,Urosaurus ornatus
238,0.6,0.6,10,0.0,pretrained,blur,7,5066,Uta stansburiana
239,0.6,0.3,10,0.3,pretrained,blur,7,5086,Trachylepis striata
240,0.1,0.1,10,0.0,pretrained,blur,7,5124,Sistrurus catenatus
241,0.7,0.5,10,0.19999999999999996,pretrained,blur,7,5150,Pseudemys texana
242,0.5,0.2,10,0.3,pretrained,blur,7,5163,Gopherus agassizii
243,0.6,0.8,10,-0.20000000000000007,pretrained,blur,7,5168,Testudo graeca
244,0.9,0.2,10,0.7,pretrained,blur,7,5186,Metridium senile
245,0.9,0.5,10,0.4,pretrained,blur,7,5193,Cyanea ferruginea
246,0.8,0.3,10,0.5,pretrained,blur,7,5201,Pisaster giganteus
247,0.9,0.3,10,0.6000000000000001,pretrained,blur,7,5227,Cyrtopleura costata
248,0.6,0.1,10,0.5,pretrained,blur,7,5279,Cominella adspersa
249,1.0,0.6,10,0.4,pretrained,blur,7,5281,Kelletia kelletii
250,0.3,0.2,10,0.09999999999999998,pretrained,blur,7,5290,Tritia obsoleta
251,0.6,0.2,10,0.39999999999999997,pretrained,blur,7,5291,Americoliva sayana
252,0.8,0.7,10,0.10000000000000009,pretrained,blur,7,5309,Rostanga pulchra
253,0.8,0.7,10,0.10000000000000009,pretrained,blur,7,5326,Polycera atra
254,0.8,0.5,10,0.30000000000000004,pretrained,blur,7,5370,Laevicaulis alte
255,0.8,0.5,10,0.30000000000000004,pretrained,blur,7,5375,Tegula funebralis
256,0.9,0.6,10,0.30000000000000004,pretrained,blur,7,5396,Candelaria concolor
257,0.9,0.7,10,0.20000000000000007,pretrained,blur,7,5435,Dibaeis baeomyces
258,0.9,0.5,10,0.4,pretrained,blur,7,5462,Sarcoscypha occidentalis
259,0.6,0.3,10,0.3,pretrained,blur,7,5467,Nectria cinnabarina
260,0.6,0.5,10,0.09999999999999998,pretrained,blur,7,5481,Leucoagaricus leucothites
261,0.9,0.6,10,0.30000000000000004,pretrained,blur,7,5493,Amanita jacksonii
262,1.0,0.5,10,0.5,pretrained,blur,7,5567,Coprinopsis variegata
263,1.0,0.9,10,0.09999999999999998,pretrained,blur,7,5570,Panaeolus foenisecii
264,0.8,0.1,10,0.7000000000000001,pretrained,blur,7,5574,Schizophyllum commune
265,0.9,0.6,10,0.30000000000000004,pretrained,blur,7,5576,Agrocybe praecox
266,0.9,0.1,10,0.8,pretrained,blur,7,5580,Hypholoma lateritium
267,0.9,0.2,10,0.7,pretrained,blur,7,5601,Imleria badia
268,0.8,0.5,10,0.30000000000000004,pretrained,blur,7,5613,Scleroderma citrinum
269,0.9,0.3,10,0.6000000000000001,pretrained,blur,7,5635,Inonotus obliquus
270,0.9,0.4,10,0.5,pretrained,blur,7,5672,Climacodon septentrionalis
271,0.7,0.0,10,0.7,pretrained,blur,7,5684,Lentinus arcularius
272,0.9,0.5,10,0.4,pretrained,blur,7,5696,Sparassis spathulata
273,0.7,0.0,10,0.7,pretrained,blur,7,5746,Pleurozium schreberi
274,0.9,0.6,10,0.30000000000000004,pretrained,blur,7,5765,Cladophora columbiana
275,0.8,0.3,10,0.5,pretrained,blur,7,5768,Bazzania trilobata
276,0.6,0.1,10,0.5,pretrained,blur,7,5779,Chondrus crispus
277,0.7,0.6,10,0.09999999999999998,pretrained,blur,7,5820,Triantha glutinosa
278,0.7,0.0,10,0.7,pretrained,blur,7,5826,Phoenix dactylifera
279,0.9,0.3,10,0.6000000000000001,pretrained,blur,7,5853,Habranthus tubispathus
280,0.8,0.2,10,0.6000000000000001,pretrained,blur,7,5875,Agave salmiana
281,0.7,0.0,10,0.7,pretrained,blur,7,5879,Asparagus aethiopicus
282,0.9,0.5,10,0.4,pretrained,blur,7,5883,Bloomeria crocea
283,1.0,0.5,10,0.5,pretrained,blur,7,5917,Nolina parryi
284,0.8,0.0,10,0.8,pretrained,blur,7,5953,Phormium tenax
285,0.9,0.3,10,0.6000000000000001,pretrained,blur,7,5957,Hypoxis hirsuta
286,0.9,0.6,10,0.30000000000000004,pretrained,blur,7,5992,Anacamptis coriophora
287,0.9,0.5,10,0.4,pretrained,blur,7,6008,Corallorhiza mertensiana
288,0.9,0.4,10,0.5,pretrained,blur,7,6009,Corallorhiza striata
289,0.8,0.2,10,0.6000000000000001,pretrained,blur,7,6049,Liparis loeselii
290,0.8,0.6,10,0.20000000000000007,pretrained,blur,7,6051,Neotinea tridentata
291,0.8,0.4,10,0.4,pretrained,blur,7,6064,Ophrys tenthredinifera
292,0.7,0.3,10,0.39999999999999997,pretrained,blur,7,6117,Wachendorfia paniculata
293,0.8,0.3,10,0.5,pretrained,blur,7,6229,Tillandsia utriculata
294,0.9,0.0,10,0.9,pretrained,blur,7,6238,Carex digitata
295,0.7,0.1,10,0.6,pretrained,blur,7,6239,Carex eburnea
296,0.6,0.4,10,0.19999999999999996,pretrained,blur,7,6242,Carex gracillima
297,0.6,0.0,10,0.6,pretrained,blur,7,6246,Carex hystericina
298,0.7,0.4,10,0.29999999999999993,pretrained,blur,7,6273,Carex vulpinoidea
299,0.9,0.1,10,0.8,pretrained,blur,7,6277,Cyperus eragrostis
300,0.7,0.7,10,0.0,pretrained,blur,7,6293,Schoenoplectus acutus
301,0.4,0.0,10,0.4,pretrained,blur,7,6321,Ammophila breviligulata
302,0.1,0.1,10,0.0,pretrained,blur,7,6366,Digitaria sanguinalis
303,0.5,0.0,10,0.5,pretrained,blur,7,6382,Hordeum murinum
304,0.1,0.5,10,-0.4,pretrained,blur,7,6407,Paspalum dilatatum
305,0.4,0.0,10,0.4,pretrained,blur,7,6409,Paspalum urvillei
306,0.9,0.5,10,0.4,pretrained,blur,7,6432,Stipa pennata
307,0.4,0.1,10,0.30000000000000004,pretrained,blur,7,6447,Canna indica
308,0.9,0.1,10,0.8,pretrained,blur,7,6458,Hedychium gardnerianum
309,0.5,0.1,10,0.4,pretrained,blur,7,6496,Cicuta virosa
310,0.8,0.2,10,0.6000000000000001,pretrained,blur,7,6499,Cryptotaenia canadensis
311,0.8,0.0,10,0.8,pretrained,blur,7,6551,Aralia racemosa
312,0.7,0.2,10,0.49999999999999994,pretrained,blur,7,6558,Hydrocotyle ranunculoides
313,0.5,0.5,10,0.0,pretrained,blur,7,6589,Corokia cotoneaster
314,0.2,0.1,10,0.1,pretrained,blur,7,6606,Ambrosia deltoidea
315,0.4,0.1,10,0.30000000000000004,pretrained,blur,7,6611,Anaphalioides bellidioides
316,0.9,0.4,10,0.5,pretrained,blur,7,6638,Artemisia tridentata
317,0.3,0.0,10,0.3,pretrained,blur,7,6656,Bidens bipinnata
318,0.8,0.4,10,0.4,pretrained,blur,7,6672,Carduus pycnocephalus
319,0.8,0.1,10,0.7000000000000001,pretrained,blur,7,6714,Cirsium pitcheri
320,0.5,0.1,10,0.4,pretrained,blur,7,6745,Dittrichia graveolens
321,0.8,0.2,10,0.6000000000000001,pretrained,blur,7,6747,Doellingeria umbellata
322,0.5,0.2,10,0.3,pretrained,blur,7,6771,Erigeron canadensis
323,0.8,0.6,10,0.20000000000000007,pretrained,blur,7,6773,Erigeron foliosus
324,0.6,0.0,10,0.6,pretrained,blur,7,6811,Gnaphalium uliginosum
325,0.8,0.8,10,0.0,pretrained,blur,7,6815,Gutierrezia sarothrae
326,0.9,0.2,10,0.7,pretrained,blur,7,6828,Helianthus maximiliani
327,0.5,0.2,10,0.3,pretrained,blur,7,6850,Isocoma acradenia
328,0.8,0.2,10,0.6000000000000001,pretrained,blur,7,6892,Melampodium leucanthum
329,0.9,0.8,10,0.09999999999999998,pretrained,blur,7,6927,Perityle emoryi
330,0.8,0.4,10,0.4,pretrained,blur,7,6938,Pinaropappus roseus
331,0.6,0.1,10,0.5,pretrained,blur,7,6955,Pterocaulon pycnostachyum
332,0.8,0.8,10,0.0,pretrained,blur,7,6963,Rudbeckia hirta
333,0.9,0.4,10,0.5,pretrained,blur,7,6969,Senecio ampullaceus
334,0.6,0.1,10,0.5,pretrained,blur,7,7004,Solidago rigida
335,0.5,0.1,10,0.4,pretrained,blur,7,7013,Sonchus asper
336,1.0,0.4,10,0.6,pretrained,blur,7,7024,Symphyotrichum lanceolatum
337,0.9,0.5,10,0.4,pretrained,blur,7,7042,Tetraneuris scaposa
338,0.8,0.5,10,0.30000000000000004,pretrained,blur,7,7122,Menyanthes trifoliata
339,0.8,0.7,10,0.10000000000000009,pretrained,blur,7,7171,Myosotis discolor
340,0.6,0.6,10,0.0,pretrained,blur,7,7202,Pholistoma membranaceum
341,0.8,0.3,10,0.5,pretrained,blur,7,7231,Cardamine californica
342,0.5,0.2,10,0.3,pretrained,blur,7,7279,Streptanthus tortuosus
343,0.9,0.4,10,0.5,pretrained,blur,7,7292,Floerkea proserpinacoides
344,0.7,0.4,10,0.29999999999999993,pretrained,blur,7,7305,Mesembryanthemum crystallinum
345,0.1,0.0,10,0.1,pretrained,blur,7,7319,Atriplex prostrata
346,0.6,0.2,10,0.39999999999999997,pretrained,blur,7,7324,Celosia argentea
347,0.6,0.2,10,0.39999999999999997,pretrained,blur,7,7349,Cylindropuntia fulgida
348,0.9,0.2,10,0.7,pretrained,blur,7,7355,Cylindropuntia thurberi
349,0.6,0.0,10,0.6,pretrained,blur,7,7367,Echinocereus pentalophus
350,0.9,0.3,10,0.6000000000000001,pretrained,blur,7,7375,Escobaria vivipara
351,1.0,0.2,10,0.8,pretrained,blur,7,7394,Opuntia basilaris
352,0.8,0.7,10,0.10000000000000009,pretrained,blur,7,7450,Silene dioica
353,0.9,0.3,10,0.6000000000000001,pretrained,blur,7,7477,Drosera intermedia
354,0.7,0.3,10,0.39999999999999997,pretrained,blur,7,7480,Drosera spatulata
355,0.8,0.1,10,0.7000000000000001,pretrained,blur,7,7576,Canotia holacantha
356,0.3,0.1,10,0.19999999999999998,pretrained,blur,7,7577,Celastrus orbiculatus
357,0.7,0.0,10,0.7,pretrained,blur,7,7609,Hydrangea quercifolia
358,0.8,0.5,10,0.30000000000000004,pretrained,blur,7,7610,Philadelphus lewisii
359,0.8,0.6,10,0.20000000000000007,pretrained,blur,7,7616,Petalonyx thurberi
360,0.3,0.0,10,0.3,pretrained,blur,7,7617,Nyssa sylvatica
361,0.8,0.6,10,0.20000000000000007,pretrained,blur,7,7634,Centranthus ruber
362,0.6,0.6,10,0.0,pretrained,blur,7,7640,Leycesteria formosa
363,0.7,0.3,10,0.39999999999999997,pretrained,blur,7,7652,Lonicera sempervirens
364,0.6,0.2,10,0.39999999999999997,pretrained,blur,7,7713,Arctostaphylos uva-ursi
365,1.0,0.2,10,0.8,pretrained,blur,7,7735,Erica imbricata
366,0.6,0.5,10,0.09999999999999998,pretrained,blur,7,7752,Leptecophylla tameiameiae
367,0.4,0.3,10,0.10000000000000003,pretrained,blur,7,7756,Lyonia lucida
368,0.6,0.2,10,0.39999999999999997,pretrained,blur,7,7785,Rhododendron periclymenoides
369,0.7,0.4,10,0.29999999999999993,pretrained,blur,7,7802,Xylococcus bicolor
370,0.8,0.4,10,0.4,pretrained,blur,7,7819,Leptosiphon nuttallii
371,0.9,0.6,10,0.30000000000000004,pretrained,blur,7,7822,Linanthus dianthiflorus
372,0.6,0.0,10,0.6,pretrained,blur,7,7831,Phlox hoodii
373,0.8,0.1,10,0.7000000000000001,pretrained,blur,7,7851,Lysimachia clethroides
374,0.8,0.4,10,0.4,pretrained,blur,7,7858,Lysimachia quadriflora
375,0.5,0.0,10,0.5,pretrained,blur,7,7889,Acacia cyclops
376,0.2,0.1,10,0.1,pretrained,blur,7,7897,Acacia saligna
377,0.8,0.2,10,0.6000000000000001,pretrained,blur,7,7912,Astragalus crassicarpus
378,1.0,0.8,10,0.19999999999999996,pretrained,blur,7,7913,Astragalus danicus
379,0.8,0.2,10,0.6000000000000001,pretrained,blur,7,7918,Astragalus purshii
380,1.0,0.8,10,0.19999999999999996,pretrained,blur,7,7944,Dalea aurea
381,0.7,0.6,10,0.09999999999999998,pretrained,blur,7,7950,Desmanthus illinoensis
382,0.5,0.2,10,0.3,pretrained,blur,7,7958,Erythrostemon mexicanus
383,0.4,0.3,10,0.10000000000000003,pretrained,blur,7,7974,Hylodesmum glutinosum
384,0.7,0.2,10,0.49999999999999994,pretrained,blur,7,7989,Lespedeza capitata
385,0.6,0.3,10,0.3,pretrained,blur,7,7994,Lotus corniculatus
386,0.6,0.6,10,0.0,pretrained,blur,7,7995,Lotus pedunculatus
387,0.8,0.1,10,0.7000000000000001,pretrained,blur,7,8020,Medicago lupulina
388,0.8,0.4,10,0.4,pretrained,blur,7,8028,Mimosa nuttallii
389,0.8,0.7,10,0.10000000000000009,pretrained,blur,7,8062,Senna armata
390,0.7,0.5,10,0.19999999999999996,pretrained,blur,7,8095,Trifolium lupinaster
391,0.5,0.1,10,0.4,pretrained,blur,7,8106,Vachellia farnesiana
392,0.5,0.2,10,0.3,pretrained,blur,7,8127,Polygala alba
393,0.3,0.3,10,0.0,pretrained,blur,7,8154,Carpinus caroliniana
394,0.4,0.1,10,0.30000000000000004,pretrained,blur,7,8162,Chrysolepis chrysophylla
395,0.0,0.0,10,0.0,pretrained,blur,7,8168,Quercus alba
396,0.5,0.3,10,0.2,pretrained,blur,7,8171,Quercus buckleyi
397,0.7,0.1,10,0.6,pretrained,blur,7,8189,Quercus laevis
398,0.5,0.3,10,0.2,pretrained,blur,7,8190,Quercus lobata
399,0.2,0.0,10,0.2,pretrained,blur,7,8196,Quercus nigra
400,0.3,0.0,10,0.3,pretrained,blur,7,8214,Carya tomentosa
401,0.7,0.2,10,0.49999999999999994,pretrained,blur,7,8227,Garrya lindheimeri
402,0.7,0.1,10,0.6,pretrained,blur,7,8235,Asclepias asperula
403,0.7,0.0,10,0.7,pretrained,blur,7,8249,Asclepias oenotheroides
404,0.7,0.2,10,0.49999999999999994,pretrained,blur,7,8254,Asclepias subulata
405,0.5,0.3,10,0.2,pretrained,blur,7,8267,Catharanthus roseus
406,0.8,0.4,10,0.4,pretrained,blur,7,8283,Vinca minor
407,0.9,0.3,10,0.6000000000000001,pretrained,blur,7,8344,Galium triflorum
408,0.5,0.3,10,0.2,pretrained,blur,7,8358,Paederia foetida
409,0.8,0.2,10,0.6000000000000001,pretrained,blur,7,8369,Erodium texanum
410,0.9,0.5,10,0.4,pretrained,blur,7,8379,Geranium pratense
411,0.7,0.3,10,0.39999999999999997,pretrained,blur,7,8386,Geranium sibiricum
412,0.8,0.7,10,0.10000000000000009,pretrained,blur,7,8410,Thunbergia alata
413,0.6,0.3,10,0.3,pretrained,blur,7,8419,Tabebuia rosea
414,0.5,0.2,10,0.3,pretrained,blur,7,8437,Condea emoryi
415,0.9,0.1,10,0.8,pretrained,blur,7,8453,Leonurus cardiaca
416,0.8,0.5,10,0.30000000000000004,pretrained,blur,7,8475,Origanum vulgare
417,0.8,0.5,10,0.30000000000000004,pretrained,blur,7,8477,Phlomoides tuberosa
418,0.5,0.1,10,0.4,pretrained,blur,7,8492,Salvia mellifera
419,0.8,0.3,10,0.5,pretrained,blur,7,8515,Teucrium canadense
420,1.0,0.8,10,0.19999999999999996,pretrained,blur,7,8587,Castilleja tenuiflora
421,0.7,0.2,10,0.49999999999999994,pretrained,blur,7,8593,Euphrasia nemorosa
422,1.0,0.4,10,0.6,pretrained,blur,7,8594,Hyobanche sanguinea
423,1.0,0.8,10,0.19999999999999996,pretrained,blur,7,8607,Pedicularis groenlandica
424,0.8,0.1,10,0.7000000000000001,pretrained,blur,7,8641,Cymbalaria muralis
425,0.8,0.4,10,0.4,pretrained,blur,7,8659,Penstemon centranthifolius
426,0.9,0.8,10,0.09999999999999998,pretrained,blur,7,8669,Penstemon procerus
427,0.4,0.1,10,0.30000000000000004,pretrained,blur,7,8675,Plantago erecta
428,0.8,0.1,10,0.7000000000000001,pretrained,blur,7,8678,Plantago maritima
429,0.8,0.1,10,0.7000000000000001,pretrained,blur,7,8688,Veronica anagallis-aquatica
430,0.6,0.4,10,0.19999999999999996,pretrained,blur,7,8693,Veronica filiformis
431,0.2,0.0,10,0.2,pretrained,blur,7,8708,Buddleja cordata
432,0.7,0.4,10,0.29999999999999993,pretrained,blur,7,8717,Verbascum nigrum
433,0.4,0.0,10,0.4,pretrained,blur,7,8750,Laurus nobilis
434,0.3,0.0,10,0.3,pretrained,blur,7,8755,Hedycarya arborea
435,0.9,0.0,10,0.9,pretrained,blur,7,8761,Magnolia grandiflora
436,0.4,0.0,10,0.4,pretrained,blur,7,8763,Magnolia tripetala
437,0.7,0.6,10,0.09999999999999998,pretrained,blur,7,8800,Euphorbia misera
438,0.6,0.2,10,0.39999999999999997,pretrained,blur,7,8810,Euphorbia serpillifolia
439,0.8,0.2,10,0.6000000000000001,pretrained,blur,7,8851,Turnera ulmifolia
440,0.6,0.0,10,0.6,pretrained,blur,7,8852,Bischofia javanica
441,0.6,0.1,10,0.5,pretrained,blur,7,8875,Salix laevigata
442,0.7,0.1,10,0.6,pretrained,blur,7,8882,Melicytus alpinus
443,0.5,0.3,10,0.2,pretrained,blur,7,8888,Viola blanda
444,1.0,0.6,10,0.4,pretrained,blur,7,8917,Viola tricolor
445,0.8,0.5,10,0.30000000000000004,pretrained,blur,7,8920,Cistus albidus
446,0.8,0.7,10,0.10000000000000009,pretrained,blur,7,8936,Callirhoe pedata
447,0.8,0.1,10,0.7000000000000001,pretrained,blur,7,8946,Hibiscus moscheutos
448,0.7,0.2,10,0.49999999999999994,pretrained,blur,7,8949,Hibiscus tiliaceus
449,0.5,0.5,10,0.0,pretrained,blur,7,8954,Malacothamnus fasciculatus
450,0.5,0.2,10,0.3,pretrained,blur,7,9001,Lythrum hyssopifolia
451,0.5,0.3,10,0.2,pretrained,blur,7,9021,Metrosideros umbellata
452,0.7,0.5,10,0.19999999999999996,pretrained,blur,7,9022,Myrtus communis
453,0.5,0.1,10,0.4,pretrained,blur,7,9033,Circaea lutetiana
454,0.8,0.1,10,0.7000000000000001,pretrained,blur,7,9055,Ludwigia peruviana
455,0.6,0.4,10,0.19999999999999996,pretrained,blur,7,9063,Oenothera gaura
456,0.7,0.3,10,0.39999999999999997,pretrained,blur,7,9085,Nymphaea nouchali
457,0.9,0.4,10,0.5,pretrained,blur,7,9099,Oxalis luteola
458,0.6,0.0,10,0.6,pretrained,blur,7,9130,Leucadendron salignum
459,0.8,0.4,10,0.4,pretrained,blur,7,9139,Protea repens
460,0.7,0.2,10,0.49999999999999994,pretrained,blur,7,9142,Berberis aquifolium
461,1.0,1.0,10,0.0,pretrained,blur,7,9186,Papaver rhoeas
462,0.8,0.4,10,0.4,pretrained,blur,7,9192,Stylophorum diphyllum
463,0.7,0.4,10,0.29999999999999993,pretrained,blur,7,9219,Aquilegia flavescens
464,0.8,0.5,10,0.30000000000000004,pretrained,blur,7,9230,Clematis occidentalis
465,0.9,0.6,10,0.30000000000000004,pretrained,blur,7,9256,Pulsatilla nuttalliana
466,0.6,0.3,10,0.3,pretrained,blur,7,9288,Cannabis sativa
467,0.4,0.0,10,0.4,pretrained,blur,7,9309,Ficus petiolaris
468,0.7,0.1,10,0.6,pretrained,blur,7,9333,Ceanothus verrucosus
469,0.7,0.1,10,0.6,pretrained,blur,7,9338,Frangula californica
470,0.8,0.1,10,0.7000000000000001,pretrained,blur,7,9404,Photinia serratifolia
471,0.6,0.4,10,0.19999999999999996,pretrained,blur,7,9444,Rosa bracteata
472,0.5,0.1,10,0.4,pretrained,blur,7,9460,Rubus bifrons
473,0.6,0.4,10,0.19999999999999996,pretrained,blur,7,9468,Rubus laciniatus
474,0.8,0.1,10,0.7000000000000001,pretrained,blur,7,9476,Rubus saxatilis
475,0.3,0.1,10,0.19999999999999998,pretrained,blur,7,9499,Ulmus americana
476,0.7,0.2,10,0.49999999999999994,pretrained,blur,7,9541,Rhus typhina
477,0.5,0.1,10,0.4,pretrained,blur,7,9573,Acer nigrum
478,0.5,0.1,10,0.4,pretrained,blur,7,9584,Aesculus glabra
479,0.2,0.0,10,0.2,pretrained,blur,7,9593,Ailanthus altissima
480,0.6,0.0,10,0.6,pretrained,blur,7,9615,Sedum lanceolatum
481,0.6,0.4,10,0.19999999999999996,pretrained,blur,7,9636,Ribes rubrum
482,0.5,0.0,10,0.5,pretrained,blur,7,9639,Ribes triste
483,0.1,0.0,10,0.1,pretrained,blur,7,9644,Hamamelis virginiana
484,0.7,0.5,10,0.19999999999999996,pretrained,blur,7,9659,Micranthes californica
485,0.7,0.0,10,0.7,pretrained,blur,7,9677,Calystegia sepium
486,0.5,0.1,10,0.4,pretrained,blur,7,9776,Cupressus macrocarpa
487,0.6,0.4,10,0.19999999999999996,pretrained,blur,7,9786,Juniperus osteosperma
488,0.7,0.6,10,0.09999999999999998,pretrained,blur,7,9825,Pinus lambertiana
489,0.6,0.1,10,0.5,pretrained,blur,7,9847,Tsuga mertensiana
490,0.6,0.1,10,0.5,pretrained,blur,7,9855,Prumnopitys taxifolia
491,0.6,0.1,10,0.5,pretrained,blur,7,9870,Equisetum pratense
492,0.7,0.2,10,0.49999999999999994,pretrained,blur,7,9907,Asplenium viride
493,0.7,0.3,10,0.39999999999999997,pretrained,blur,7,9912,Blechnum filiforme
494,0.8,0.1,10,0.7000000000000001,pretrained,blur,7,9920,Telmatoblechnum serrulatum
495,0.8,0.5,10,0.30000000000000004,pretrained,blur,7,9932,Pteridium aquilinum
496,0.9,0.3,10,0.6000000000000001,pretrained,blur,7,9955,Microsorum scandens
497,0.6,0.1,10,0.5,pretrained,blur,7,9958,Pleopeltis michauxiana
498,0.8,0.0,10,0.8,pretrained,blur,7,9965,Acrostichum danaeifolium
499,0.7,0.2,10,0.49999999999999994,pretrained,blur,7,9985,Pteris macilenta
0,0.7,0.7,10,0.0,pretrained,jpeg,20,44,Trichonephila clavata
1,0.7,0.7,10,0.0,pretrained,jpeg,20,46,Trichonephila edulis
2,0.5,0.5,10,0.0,pretrained,jpeg,20,53,Badumna longinqua
3,0.6,0.6,10,0.0,pretrained,jpeg,20,70,Dolomedes triton
4,0.5,0.5,10,0.0,pretrained,jpeg,20,83,Lyssomanes viridis
5,0.4,0.5,10,-0.09999999999999998,pretrained,jpeg,20,89,Naphrys pulex
6,0.8,0.6,10,0.20000000000000007,pretrained,jpeg,20,109,Aphonopelma chalcodes
7,0.4,0.4,10,0.0,pretrained,jpeg,20,110,Aphonopelma eutylenum
8,0.4,0.5,10,-0.09999999999999998,pretrained,jpeg,20,147,Leiobunum townsendi
9,0.9,0.9,10,0.0,pretrained,jpeg,20,170,Pollicipes polymerus
10,0.8,0.8,10,0.0,pretrained,jpeg,20,200,Cicindela campestris
11,0.8,0.8,10,0.0,pretrained,jpeg,20,211,Cicindela scutellaris
12,0.7,0.7,10,0.0,pretrained,jpeg,20,215,Harpalus rufipes
13,1.0,0.9,10,0.09999999999999998,pretrained,jpeg,20,246,Prionus laticollis
14,0.8,0.8,10,0.0,pretrained,jpeg,20,261,Typocerus velutinus
15,0.6,0.5,10,0.09999999999999998,pretrained,jpeg,20,273,Chrysolina americana
16,0.8,0.9,10,-0.09999999999999998,pretrained,jpeg,20,279,Clytra laeviuscula
17,0.9,0.9,10,0.0,pretrained,jpeg,20,286,Helocassis clavata
18,0.5,0.4,10,0.09999999999999998,pretrained,jpeg,20,303,Adalia decempunctata
19,0.9,0.7,10,0.20000000000000007,pretrained,jpeg,20,304,Anatis ocellata
20,0.8,0.8,10,0.0,pretrained,jpeg,20,332,Psyllobora vigintiduopunctata
21,0.9,0.8,10,0.09999999999999998,pretrained,jpeg,20,376,Callistethus marginatus
22,0.6,0.6,10,0.0,pretrained,jpeg,20,381,Dynastes tityus
23,0.4,0.3,10,0.10000000000000003,pretrained,jpeg,20,382,Euphoria basalis
24,1.0,0.9,10,0.09999999999999998,pretrained,jpeg,20,418,Zopherus nodulosus
25,0.8,0.9,10,-0.09999999999999998,pretrained,jpeg,20,504,Tipula abdominalis
26,0.7,0.8,10,-0.10000000000000009,pretrained,jpeg,20,525,Cercopis vulnerata
27,0.7,0.6,10,0.09999999999999998,pretrained,jpeg,20,529,Cuerna costalis
28,0.9,0.8,10,0.09999999999999998,pretrained,jpeg,20,562,Coreus marginatus
29,0.8,0.6,10,0.20000000000000007,pretrained,jpeg,20,573,Thasus neocalifornicus
30,0.9,0.9,10,0.0,pretrained,jpeg,20,623,Euthyrhynchus floridanus
31,0.6,0.5,10,0.09999999999999998,pretrained,jpeg,20,652,Pselliopus barberi
32,0.6,0.6,10,0.0,pretrained,jpeg,20,666,Scolypopa australis
33,0.4,0.2,10,0.2,pretrained,jpeg,20,712,Xylocopa sonorina
34,0.3,0.4,10,-0.10000000000000003,pretrained,jpeg,20,713,Xylocopa tabaniformis
35,0.4,0.4,10,0.0,pretrained,jpeg,20,778,Halictus rubicundus
36,0.8,0.7,10,0.10000000000000009,pretrained,jpeg,20,791,Dasymutilla occidentalis
37,0.5,0.5,10,0.0,pretrained,jpeg,20,809,Myzinum quinquecinctum
38,0.2,0.2,10,0.0,pretrained,jpeg,20,830,Polistes dominula
39,0.2,0.2,10,0.0,pretrained,jpeg,20,832,Polistes exclamans
40,0.7,0.4,10,0.29999999999999993,pretrained,jpeg,20,834,Polistes humilis
41,0.8,0.7,10,0.10000000000000009,pretrained,jpeg,20,858,Achyra rantalis
42,0.7,0.6,10,0.09999999999999998,pretrained,jpeg,20,860,Agriphila tristella
43,0.7,0.7,10,0.0,pretrained,jpeg,20,863,Anania funebris
44,1.0,0.8,10,0.19999999999999996,pretrained,jpeg,20,878,Desmia funeralis
45,0.8,0.7,10,0.10000000000000009,pretrained,jpeg,20,901,Lineodes integra
46,0.9,0.6,10,0.30000000000000004,pretrained,jpeg,20,907,Microtheoris vibicalis
47,0.9,0.8,10,0.09999999999999998,pretrained,jpeg,20,950,Agonopterix alstroemeriana
48,0.9,0.7,10,0.20000000000000007,pretrained,jpeg,20,976,Arctia caja
49,0.8,0.7,10,0.10000000000000009,pretrained,jpeg,20,1062,Idia lubricalis
50,0.9,0.9,10,0.0,pretrained,jpeg,20,1068,Lithosia quadra
51,0.5,0.5,10,0.0,pretrained,jpeg,20,1074,Lymantria dispar
52,1.0,0.9,10,0.09999999999999998,pretrained,jpeg,20,1152,Anticlea vasiliata
53,0.8,0.9,10,-0.09999999999999998,pretrained,jpeg,20,1154,Arhodia lasiocamparia
54,0.8,0.8,10,0.0,pretrained,jpeg,20,1155,Besma quercivoraria
55,0.8,0.6,10,0.20000000000000007,pretrained,jpeg,20,1157,Cabera erythemaria
56,0.9,0.8,10,0.09999999999999998,pretrained,jpeg,20,1210,Eubaphe mendica
57,0.5,0.5,10,0.0,pretrained,jpeg,20,1230,Hypagyrtis unipunctata
58,0.9,0.8,10,0.09999999999999998,pretrained,jpeg,20,1242,Ilexia intractata
59,0.7,0.6,10,0.09999999999999998,pretrained,jpeg,20,1244,Iridopsis larvaria
60,0.9,0.8,10,0.09999999999999998,pretrained,jpeg,20,1255,Macaria aemulataria
61,1.0,1.0,10,0.0,pretrained,jpeg,20,1278,Opisthograptis luteolata
62,0.9,0.8,10,0.09999999999999998,pretrained,jpeg,20,1293,Plagodis pulveraria
63,1.0,1.0,10,0.0,pretrained,jpeg,20,1387,Oligoria maculata
64,0.9,0.7,10,0.20000000000000007,pretrained,jpeg,20,1425,Trabala vishnou
65,0.9,0.8,10,0.09999999999999998,pretrained,jpeg,20,1471,Eooxylides tharis
66,0.9,0.7,10,0.20000000000000007,pretrained,jpeg,20,1481,Heliophorus ila
67,0.6,0.6,10,0.0,pretrained,jpeg,20,1485,Icaricia icarioides
68,0.9,0.9,10,0.0,pretrained,jpeg,20,1501,Lycaena helloides
69,0.9,0.8,10,0.09999999999999998,pretrained,jpeg,20,1516,Plebejus samuelis
70,1.0,1.0,10,0.0,pretrained,jpeg,20,1525,Satyrium behrii
71,0.9,0.8,10,0.09999999999999998,pretrained,jpeg,20,1536,Strymon melinus
72,0.6,0.5,10,0.09999999999999998,pretrained,jpeg,20,1566,Agrotis munda
73,0.9,0.9,10,0.0,pretrained,jpeg,20,1576,Anaplectoides prasina
74,0.9,0.9,10,0.0,pretrained,jpeg,20,1603,Copivaleria grotei
75,1.0,1.0,10,0.0,pretrained,jpeg,20,1606,Cosmodes elegans
76,0.4,0.1,10,0.30000000000000004,pretrained,jpeg,20,1632,Helicoverpa armigera
77,0.7,0.6,10,0.09999999999999998,pretrained,jpeg,20,1634,Hemieuxoa rudens
78,0.5,0.5,10,0.0,pretrained,jpeg,20,1658,Morrisonia confusa
79,0.6,0.6,10,0.0,pretrained,jpeg,20,1669,Ochropleura implecta
80,0.9,0.9,10,0.0,pretrained,jpeg,20,1713,Tarache aprica
81,1.0,0.9,10,0.09999999999999998,pretrained,jpeg,20,1732,Clostera apicalis
82,0.9,0.6,10,0.30000000000000004,pretrained,jpeg,20,1788,Ariadne ariadne
83,0.7,0.6,10,0.09999999999999998,pretrained,jpeg,20,1875,Hipparchia statilinus
84,0.9,0.9,10,0.0,pretrained,jpeg,20,1907,Limenitis archippus
85,0.8,0.9,10,-0.09999999999999998,pretrained,jpeg,20,1910,Limenitis lorquini
86,0.8,0.9,10,-0.09999999999999998,pretrained,jpeg,20,1932,Morpho helenor
87,0.7,0.6,10,0.09999999999999998,pretrained,jpeg,20,1938,Nymphalis antiopa
88,0.8,0.8,10,0.0,pretrained,jpeg,20,1944,Parantica aglea
89,0.5,0.6,10,-0.09999999999999998,pretrained,jpeg,20,1955,Polygonia c-album
90,0.7,0.7,10,0.0,pretrained,jpeg,20,1958,Polygonia faunus
91,0.8,0.8,10,0.0,pretrained,jpeg,20,1979,Texola elada
92,0.9,0.9,10,0.0,pretrained,jpeg,20,1983,Vanessa annabella
93,0.8,0.7,10,0.10000000000000009,pretrained,jpeg,20,2034,Papilio thoas
94,0.5,0.5,10,0.0,pretrained,jpeg,20,2035,Papilio troilus
95,0.8,0.8,10,0.0,pretrained,jpeg,20,2047,Anteos maerula
96,0.7,0.7,10,0.0,pretrained,jpeg,20,2061,Catopsilia pyranthe
97,0.6,0.6,10,0.0,pretrained,jpeg,20,2100,Pontia edusa
98,0.4,0.6,10,-0.19999999999999996,pretrained,jpeg,20,2114,Aglossa pinguinalis
99,0.8,0.9,10,-0.09999999999999998,pretrained,jpeg,20,2121,Endotricha pyrosalis
100,0.8,0.8,10,0.0,pretrained,jpeg,20,2129,Moodna ostrinella
101,0.8,0.8,10,0.0,pretrained,jpeg,20,2242,Clepsis persicana
102,0.5,0.5,10,0.0,pretrained,jpeg,20,2300,Dicromantispa interrupta
103,0.6,0.6,10,0.0,pretrained,jpeg,20,2340,Agriocnemis femina
104,0.9,0.8,10,0.09999999999999998,pretrained,jpeg,20,2375,Enallagma geminatum
105,0.5,0.6,10,-0.09999999999999998,pretrained,jpeg,20,2385,Ischnura denticollis
106,0.7,0.6,10,0.09999999999999998,pretrained,jpeg,20,2404,Cordulegaster diastatops
107,0.9,0.9,10,0.0,pretrained,jpeg,20,2408,Cordulia aenea
108,0.5,0.6,10,-0.09999999999999998,pretrained,jpeg,20,2414,Epitheca princeps
109,0.7,0.8,10,-0.10000000000000009,pretrained,jpeg,20,2418,Somatochlora tenebrosa
110,0.6,0.5,10,0.09999999999999998,pretrained,jpeg,20,2424,Arigomphus villosipes
111,0.5,0.6,10,-0.09999999999999998,pretrained,jpeg,20,2430,Gomphurus vastus
112,0.7,0.5,10,0.19999999999999996,pretrained,jpeg,20,2450,Lestes alacer
113,0.7,0.6,10,0.09999999999999998,pretrained,jpeg,20,2458,Lestes inaequalis
114,0.6,0.4,10,0.19999999999999996,pretrained,jpeg,20,2501,Leucorrhinia intacta
115,1.0,0.8,10,0.19999999999999996,pretrained,jpeg,20,2502,Leucorrhinia proxima
116,0.7,0.7,10,0.0,pretrained,jpeg,20,2569,Sympetrum obtrusum
117,0.6,0.3,10,0.3,pretrained,jpeg,20,2581,Trithemis annulata
118,0.7,0.7,10,0.0,pretrained,jpeg,20,2585,Trithemis kirbyi
119,0.8,0.7,10,0.10000000000000009,pretrained,jpeg,20,2593,Nososticta solida
120,0.8,0.7,10,0.10000000000000009,pretrained,jpeg,20,2661,Taeniopoda eques
121,0.5,0.5,10,0.0,pretrained,jpeg,20,2691,Tettigonia viridissima
122,0.6,0.6,10,0.0,pretrained,jpeg,20,2692,Phyllopalpus pulchellus
123,0.8,0.7,10,0.10000000000000009,pretrained,jpeg,20,2704,Cancer borealis
124,0.4,0.2,10,0.2,pretrained,jpeg,20,2712,Pugettia producta
125,0.4,0.2,10,0.2,pretrained,jpeg,20,2721,Emerita talpoida
126,0.6,0.6,10,0.0,pretrained,jpeg,20,2737,Arenaeus cribrarius
127,0.7,0.4,10,0.29999999999999993,pretrained,jpeg,20,2739,Aratus pisonii
128,0.9,0.8,10,0.09999999999999998,pretrained,jpeg,20,2769,Pimephales notatus
129,0.6,0.4,10,0.19999999999999996,pretrained,jpeg,20,2785,Gobiesox maeandricus
130,0.8,0.6,10,0.20000000000000007,pretrained,jpeg,20,2807,Micropterus dolomieu
131,0.8,0.8,10,0.0,pretrained,jpeg,20,2815,Cheilodactylus vestitus
132,0.8,0.7,10,0.10000000000000009,pretrained,jpeg,20,2823,Girella nigricans
133,0.5,0.4,10,0.09999999999999998,pretrained,jpeg,20,2826,Neogobius melanostomus
134,0.6,0.5,10,0.09999999999999998,pretrained,jpeg,20,2843,Thalassoma bifasciatum
135,0.9,0.8,10,0.09999999999999998,pretrained,jpeg,20,2875,Scarus ghobban
136,0.7,0.7,10,0.0,pretrained,jpeg,20,2915,Aulostomus chinensis
137,0.7,0.4,10,0.29999999999999993,pretrained,jpeg,20,2927,Diodon hystrix
138,0.6,0.5,10,0.09999999999999998,pretrained,jpeg,20,2941,Bombina variegata
139,0.6,0.5,10,0.09999999999999998,pretrained,jpeg,20,2951,Bufo bankorensis
140,0.7,0.7,10,0.0,pretrained,jpeg,20,2974,Dendrobates auratus
141,0.9,0.7,10,0.20000000000000007,pretrained,jpeg,20,2982,Boana rosenbergi
142,0.6,0.5,10,0.09999999999999998,pretrained,jpeg,20,3026,Lithobates blairi
143,0.4,0.3,10,0.10000000000000003,pretrained,jpeg,20,3038,Pelophylax ridibundus
144,0.7,0.5,10,0.19999999999999996,pretrained,jpeg,20,3054,Scaphiopus couchii
145,0.6,0.5,10,0.09999999999999998,pretrained,jpeg,20,3094,Plethodon serratus
146,0.7,0.2,10,0.49999999999999994,pretrained,jpeg,20,3135,Buteo swainsoni
147,0.2,0.3,10,-0.09999999999999998,pretrained,jpeg,20,3147,Circus pygargus
148,0.5,0.5,10,0.0,pretrained,jpeg,20,3160,Haliaeetus albicilla
149,0.5,0.4,10,0.09999999999999998,pretrained,jpeg,20,3168,Ictinia plumbea
150,0.6,0.4,10,0.19999999999999996,pretrained,jpeg,20,3200,Anas gracilis
151,0.5,0.5,10,0.0,pretrained,jpeg,20,3206,Anas zonorhyncha
152,0.6,0.5,10,0.09999999999999998,pretrained,jpeg,20,3242,Cygnus cygnus
153,0.5,0.3,10,0.2,pretrained,jpeg,20,3297,Podargus strigoides
154,0.6,0.6,10,0.0,pretrained,jpeg,20,3341,Cerorhinca monocerata
155,1.0,0.9,10,0.09999999999999998,pretrained,jpeg,20,3342,Fratercula arctica
156,0.6,0.6,10,0.0,pretrained,jpeg,20,3346,Burhinus grallarius
157,0.9,0.9,10,0.0,pretrained,jpeg,20,3352,Charadrius hiaticula
158,0.7,0.5,10,0.19999999999999996,pretrained,jpeg,20,3402,Chroicocephalus ridibundus
159,0.7,0.7,10,0.0,pretrained,jpeg,20,3479,Numenius americanus
160,0.5,0.5,10,0.0,pretrained,jpeg,20,3502,Ciconia ciconia
161,0.7,0.5,10,0.19999999999999996,pretrained,jpeg,20,3534,Streptopelia capicola
162,0.8,0.9,10,-0.09999999999999998,pretrained,jpeg,20,3617,Penelope obscura
163,0.5,0.6,10,-0.09999999999999998,pretrained,jpeg,20,3621,Callipepla californica
164,0.7,0.7,10,0.0,pretrained,jpeg,20,3647,Anthropoides virgo
165,0.5,0.3,10,0.2,pretrained,jpeg,20,3727,Spiza americana
166,0.6,0.5,10,0.09999999999999998,pretrained,jpeg,20,3755,Corvus frugilegus
167,0.5,0.2,10,0.3,pretrained,jpeg,20,3767,Dendrocitta formosae
168,0.7,0.5,10,0.19999999999999996,pretrained,jpeg,20,3776,Pica serica
169,0.5,0.5,10,0.0,pretrained,jpeg,20,3792,Emberiza hortulana
170,0.4,0.5,10,-0.09999999999999998,pretrained,jpeg,20,3800,Lonchura punctulata
171,0.6,0.6,10,0.0,pretrained,jpeg,20,3814,Coccothraustes coccothraustes
172,0.3,0.3,10,0.0,pretrained,jpeg,20,3848,Hirundo neoxena
173,0.4,0.1,10,0.30000000000000004,pretrained,jpeg,20,3859,Riparia riparia
174,0.7,0.8,10,-0.10000000000000009,pretrained,jpeg,20,3864,Tachycineta bicolor
175,0.8,0.8,10,0.0,pretrained,jpeg,20,3870,Cassiculus melanicterus
176,0.4,0.3,10,0.10000000000000003,pretrained,jpeg,20,3901,Quiscalus quiscula
177,0.7,0.6,10,0.09999999999999998,pretrained,jpeg,20,3922,Malurus splendens
178,0.8,0.9,10,-0.09999999999999998,pretrained,jpeg,20,3946,Oreoscoptes montanus
179,0.7,0.7,10,0.0,pretrained,jpeg,20,3958,Anthus hodgsoni
180,0.7,0.6,10,0.09999999999999998,pretrained,jpeg,20,3971,Motacilla citreola
181,0.5,0.7,10,-0.19999999999999996,pretrained,jpeg,20,3972,Motacilla flava
182,0.8,0.5,10,0.30000000000000004,pretrained,jpeg,20,3976,Copsychus saularis
183,0.6,0.3,10,0.3,pretrained,jpeg,20,3994,Phoenicurus ochruros
184,0.5,0.5,10,0.0,pretrained,jpeg,20,3995,Phoenicurus phoenicurus
185,0.7,0.6,10,0.09999999999999998,pretrained,jpeg,20,3997,Saxicola maurus
186,0.5,0.4,10,0.09999999999999998,pretrained,jpeg,20,4021,Pachycephala pectoralis
187,0.4,0.3,10,0.10000000000000003,pretrained,jpeg,20,4027,Baeolophus bicolor
188,0.6,0.7,10,-0.09999999999999998,pretrained,jpeg,20,4075,Setophaga graciae
189,0.7,0.6,10,0.09999999999999998,pretrained,jpeg,20,4114,Peucaea carpalis
190,0.7,0.7,10,0.0,pretrained,jpeg,20,4139,Petroica australis
191,0.3,0.2,10,0.09999999999999998,pretrained,jpeg,20,4187,Sitta carolinensis
192,0.5,0.4,10,0.09999999999999998,pretrained,jpeg,20,4190,Sitta pygmaea
193,0.7,0.7,10,0.0,pretrained,jpeg,20,4195,Cinnyricinclus leucogaster
194,0.7,0.8,10,-0.10000000000000009,pretrained,jpeg,20,4221,Pipraeidea bonariensis
195,0.5,0.5,10,0.0,pretrained,jpeg,20,4231,Sicalis luteola
196,1.0,1.0,10,0.0,pretrained,jpeg,20,4241,Tangara arthus
197,0.5,0.5,10,0.0,pretrained,jpeg,20,4245,Thraupis episcopus
198,0.4,0.4,10,0.0,pretrained,jpeg,20,4250,Pachyramphus aglaiae
199,0.4,0.4,10,0.0,pretrained,jpeg,20,4356,Ardea cinerea
200,0.6,0.6,10,0.0,pretrained,jpeg,20,4363,Ardea purpurea
201,0.4,0.4,10,0.0,pretrained,jpeg,20,4366,Ardeola ralloides
202,0.6,0.4,10,0.19999999999999996,pretrained,jpeg,20,4404,Platalea flavipes
203,0.4,0.4,10,0.0,pretrained,jpeg,20,4405,Platalea leucorodia
204,0.4,0.2,10,0.2,pretrained,jpeg,20,4407,Platalea regia
205,0.4,0.3,10,0.10000000000000003,pretrained,jpeg,20,4413,Threskiornis melanocephalus
206,0.7,0.6,10,0.09999999999999998,pretrained,jpeg,20,4422,Psilopogon haemacephalus
207,0.8,0.5,10,0.30000000000000004,pretrained,jpeg,20,4424,Campephilus guatemalensis
208,0.7,0.5,10,0.19999999999999996,pretrained,jpeg,20,4428,Colaptes campestris
209,0.9,0.9,10,0.0,pretrained,jpeg,20,4472,Ramphastos toco
210,0.7,0.6,10,0.09999999999999998,pretrained,jpeg,20,4540,Aegolius acadicus
211,1.0,0.9,10,0.09999999999999998,pretrained,jpeg,20,4617,Alcelaphus buselaphus
212,0.9,0.6,10,0.30000000000000004,pretrained,jpeg,20,4624,Capra ibex
213,0.6,0.7,10,-0.09999999999999998,pretrained,jpeg,20,4640,Tragelaphus angasii
214,0.9,1.0,10,-0.09999999999999998,pretrained,jpeg,20,4665,Phacochoerus africanus
215,0.6,0.6,10,0.0,pretrained,jpeg,20,4688,Crocuta crocuta
216,0.8,0.7,10,0.10000000000000009,pretrained,jpeg,20,4711,Halichoerus grypus
217,0.9,0.8,10,0.09999999999999998,pretrained,jpeg,20,4713,Mirounga leonina
218,0.9,0.8,10,0.09999999999999998,pretrained,jpeg,20,4722,Rhynchonycteris naso
219,0.9,0.8,10,0.09999999999999998,pretrained,jpeg,20,4766,Ornithorhynchus anatinus
220,0.4,0.6,10,-0.19999999999999996,pretrained,jpeg,20,4769,Equus caballus
221,0.9,0.9,10,0.0,pretrained,jpeg,20,4770,Equus quagga
222,0.9,0.9,10,0.0,pretrained,jpeg,20,4782,Cercopithecus mitis
223,0.4,0.5,10,-0.09999999999999998,pretrained,jpeg,20,4811,Hystrix africaeaustralis
224,0.6,0.6,10,0.0,pretrained,jpeg,20,4823,Cynomys ludovicianus
225,0.6,0.6,10,0.0,pretrained,jpeg,20,4826,Funambulus pennantii
226,0.4,0.4,10,0.0,pretrained,jpeg,20,4829,Ictidomys tridecemlineatus
227,0.8,0.7,10,0.10000000000000009,pretrained,jpeg,20,4831,Marmota flaviventris
228,0.5,0.4,10,0.09999999999999998,pretrained,jpeg,20,4883,Elgaria multicarinata
229,0.6,0.7,10,-0.09999999999999998,pretrained,jpeg,20,4885,Ophisaurus attenuatus
230,0.8,0.7,10,0.10000000000000009,pretrained,jpeg,20,4915,Hypsiglena jani
231,0.7,0.7,10,0.0,pretrained,jpeg,20,4917,Imantodes cenchoa
232,0.9,0.6,10,0.30000000000000004,pretrained,jpeg,20,4939,Nerodia floridana
233,0.5,0.4,10,0.09999999999999998,pretrained,jpeg,20,4942,Nerodia taxispilota
234,0.5,0.4,10,0.09999999999999998,pretrained,jpeg,20,4947,Pantherophis emoryi
235,0.4,0.4,10,0.0,pretrained,jpeg,20,4955,Regina grahamii
236,0.2,0.4,10,-0.2,pretrained,jpeg,20,4993,Anolis sagrei
237,0.6,0.5,10,0.09999999999999998,pretrained,jpeg,20,5065,Urosaurus ornatus
238,0.6,0.1,10,0.5,pretrained,jpeg,20,5066,Uta stansburiana
239,0.6,0.6,10,0.0,pretrained,jpeg,20,5086,Trachylepis striata
240,0.1,0.1,10,0.0,pretrained,jpeg,20,5124,Sistrurus catenatus
241,0.7,0.7,10,0.0,pretrained,jpeg,20,5150,Pseudemys texana
242,0.5,0.3,10,0.2,pretrained,jpeg,20,5163,Gopherus agassizii
243,0.6,0.8,10,-0.20000000000000007,pretrained,jpeg,20,5168,Testudo graeca
244,0.9,0.7,10,0.20000000000000007,pretrained,jpeg,20,5186,Metridium senile
245,0.9,0.9,10,0.0,pretrained,jpeg,20,5193,Cyanea ferruginea
246,0.8,0.8,10,0.0,pretrained,jpeg,20,5201,Pisaster giganteus
247,0.9,0.8,10,0.09999999999999998,pretrained,jpeg,20,5227,Cyrtopleura costata
248,0.6,0.5,10,0.09999999999999998,pretrained,jpeg,20,5279,Cominella adspersa
249,1.0,0.8,10,0.19999999999999996,pretrained,jpeg,20,5281,Kelletia kelletii
250,0.3,0.2,10,0.09999999999999998,pretrained,jpeg,20,5290,Tritia obsoleta
251,0.6,0.5,10,0.09999999999999998,pretrained,jpeg,20,5291,Americoliva sayana
252,0.8,0.8,10,0.0,pretrained,jpeg,20,5309,Rostanga pulchra
253,0.8,0.7,10,0.10000000000000009,pretrained,jpeg,20,5326,Polycera atra
254,0.8,0.5,10,0.30000000000000004,pretrained,jpeg,20,5370,Laevicaulis alte
255,0.8,0.8,10,0.0,pretrained,jpeg,20,5375,Tegula funebralis
256,0.9,0.9,10,0.0,pretrained,jpeg,20,5396,Candelaria concolor
257,0.9,0.9,10,0.0,pretrained,jpeg,20,5435,Dibaeis baeomyces
258,0.9,0.9,10,0.0,pretrained,jpeg,20,5462,Sarcoscypha occidentalis
259,0.6,0.5,10,0.09999999999999998,pretrained,jpeg,20,5467,Nectria cinnabarina
260,0.6,0.7,10,-0.09999999999999998,pretrained,jpeg,20,5481,Leucoagaricus leucothites
261,0.9,0.9,10,0.0,pretrained,jpeg,20,5493,Amanita jacksonii
262,1.0,0.9,10,0.09999999999999998,pretrained,jpeg,20,5567,Coprinopsis variegata
263,1.0,0.9,10,0.09999999999999998,pretrained,jpeg,20,5570,Panaeolus foenisecii
264,0.8,0.7,10,0.10000000000000009,pretrained,jpeg,20,5574,Schizophyllum commune
265,0.9,0.4,10,0.5,pretrained,jpeg,20,5576,Agrocybe praecox
266,0.9,0.8,10,0.09999999999999998,pretrained,jpeg,20,5580,Hypholoma lateritium
267,0.9,0.9,10,0.0,pretrained,jpeg,20,5601,Imleria badia
268,0.8,0.9,10,-0.09999999999999998,pretrained,jpeg,20,5613,Scleroderma citrinum
269,0.9,0.9,10,0.0,pretrained,jpeg,20,5635,Inonotus obliquus
270,0.9,0.9,10,0.0,pretrained,jpeg,20,5672,Climacodon septentrionalis
271,0.7,0.5,10,0.19999999999999996,pretrained,jpeg,20,5684,Lentinus arcularius
272,0.9,0.8,10,0.09999999999999998,pretrained,jpeg,20,5696,Sparassis spathulata
273,0.7,0.5,10,0.19999999999999996,pretrained,jpeg,20,5746,Pleurozium schreberi
274,0.9,0.9,10,0.0,pretrained,jpeg,20,5765,Cladophora columbiana
275,0.8,0.8,10,0.0,pretrained,jpeg,20,5768,Bazzania trilobata
276,0.6,0.5,10,0.09999999999999998,pretrained,jpeg,20,5779,Chondrus crispus
277,0.7,0.7,10,0.0,pretrained,jpeg,20,5820,Triantha glutinosa
278,0.7,0.7,10,0.0,pretrained,jpeg,20,5826,Phoenix dactylifera
279,0.9,0.8,10,0.09999999999999998,pretrained,jpeg,20,5853,Habranthus tubispathus
280,0.8,0.8,10,0.0,pretrained,jpeg,20,5875,Agave salmiana
281,0.7,0.8,10,-0.10000000000000009,pretrained,jpeg,20,5879,Asparagus aethiopicus
282,0.9,0.9,10,0.0,pretrained,jpeg,20,5883,Bloomeria crocea
283,1.0,0.9,10,0.09999999999999998,pretrained,jpeg,20,5917,Nolina parryi
284,0.8,0.7,10,0.10000000000000009,pretrained,jpeg,20,5953,Phormium tenax
285,0.9,0.7,10,0.20000000000000007,pretrained,jpeg,20,5957,Hypoxis hirsuta
286,0.9,0.9,10,0.0,pretrained,jpeg,20,5992,Anacamptis coriophora
287,0.9,0.9,10,0.0,pretrained,jpeg,20,6008,Corallorhiza mertensiana
288,0.9,0.9,10,0.0,pretrained,jpeg,20,6009,Corallorhiza striata
289,0.8,0.6,10,0.20000000000000007,pretrained,jpeg,20,6049,Liparis loeselii
290,0.8,0.6,10,0.20000000000000007,pretrained,jpeg,20,6051,Neotinea tridentata
291,0.8,0.8,10,0.0,pretrained,jpeg,20,6064,Ophrys tenthredinifera
292,0.7,0.8,10,-0.10000000000000009,pretrained,jpeg,20,6117,Wachendorfia paniculata
293,0.8,0.8,10,0.0,pretrained,jpeg,20,6229,Tillandsia utriculata
294,0.9,0.8,10,0.09999999999999998,pretrained,jpeg,20,6238,Carex digitata
295,0.7,0.6,10,0.09999999999999998,pretrained,jpeg,20,6239,Carex eburnea
296,0.6,0.3,10,0.3,pretrained,jpeg,20,6242,Carex gracillima
297,0.6,0.5,10,0.09999999999999998,pretrained,jpeg,20,6246,Carex hystericina
298,0.7,0.8,10,-0.10000000000000009,pretrained,jpeg,20,6273,Carex vulpinoidea
299,0.9,0.9,10,0.0,pretrained,jpeg,20,6277,Cyperus eragrostis
300,0.7,0.7,10,0.0,pretrained,jpeg,20,6293,Schoenoplectus acutus
301,0.4,0.3,10,0.10000000000000003,pretrained,jpeg,20,6321,Ammophila breviligulata
302,0.1,0.1,10,0.0,pretrained,jpeg,20,6366,Digitaria sanguinalis
303,0.5,0.5,10,0.0,pretrained,jpeg,20,6382,Hordeum murinum
304,0.1,0.1,10,0.0,pretrained,jpeg,20,6407,Paspalum dilatatum
305,0.4,0.3,10,0.10000000000000003,pretrained,jpeg,20,6409,Paspalum urvillei
306,0.9,0.9,10,0.0,pretrained,jpeg,20,6432,Stipa pennata
307,0.4,0.4,10,0.0,pretrained,jpeg,20,6447,Canna indica
308,0.9,0.8,10,0.09999999999999998,pretrained,jpeg,20,6458,Hedychium gardnerianum
309,0.5,0.4,10,0.09999999999999998,pretrained,jpeg,20,6496,Cicuta virosa
310,0.8,0.8,10,0.0,pretrained,jpeg,20,6499,Cryptotaenia canadensis
311,0.8,0.9,10,-0.09999999999999998,pretrained,jpeg,20,6551,Aralia racemosa
312,0.7,0.8,10,-0.10000000000000009,pretrained,jpeg,20,6558,Hydrocotyle ranunculoides
313,0.5,0.6,10,-0.09999999999999998,pretrained,jpeg,20,6589,Corokia cotoneaster
314,0.2,0.3,10,-0.09999999999999998,pretrained,jpeg,20,6606,Ambrosia deltoidea
315,0.4,0.4,10,0.0,pretrained,jpeg,20,6611,Anaphalioides bellidioides
316,0.9,1.0,10,-0.09999999999999998,pretrained,jpeg,20,6638,Artemisia tridentata
317,0.3,0.2,10,0.09999999999999998,pretrained,jpeg,20,6656,Bidens bipinnata
318,0.8,0.8,10,0.0,pretrained,jpeg,20,6672,Carduus pycnocephalus
319,0.8,0.7,10,0.10000000000000009,pretrained,jpeg,20,6714,Cirsium pitcheri
320,0.5,0.5,10,0.0,pretrained,jpeg,20,6745,Dittrichia graveolens
321,0.8,0.8,10,0.0,pretrained,jpeg,20,6747,Doellingeria umbellata
322,0.5,0.4,10,0.09999999999999998,pretrained,jpeg,20,6771,Erigeron canadensis
323,0.8,0.8,10,0.0,pretrained,jpeg,20,6773,Erigeron foliosus
324,0.6,0.6,10,0.0,pretrained,jpeg,20,6811,Gnaphalium uliginosum
325,0.8,0.7,10,0.10000000000000009,pretrained,jpeg,20,6815,Gutierrezia sarothrae
326,0.9,0.9,10,0.0,pretrained,jpeg,20,6828,Helianthus maximiliani
327,0.5,0.5,10,0.0,pretrained,jpeg,20,6850,Isocoma acradenia
328,0.8,0.7,10,0.10000000000000009,pretrained,jpeg,20,6892,Melampodium leucanthum
329,0.9,0.9,10,0.0,pretrained,jpeg,20,6927,Perityle emoryi
330,0.8,0.8,10,0.0,pretrained,jpeg,20,6938,Pinaropappus roseus
331,0.6,0.4,10,0.19999999999999996,pretrained,jpeg,20,6955,Pterocaulon pycnostachyum
332,0.8,0.8,10,0.0,pretrained,jpeg,20,6963,Rudbeckia hirta
333,0.9,0.8,10,0.09999999999999998,pretrained,jpeg,20,6969,Senecio ampullaceus
334,0.6,0.6,10,0.0,pretrained,jpeg,20,7004,Solidago rigida
335,0.5,0.5,10,0.0,pretrained,jpeg,20,7013,Sonchus asper
336,1.0,0.8,10,0.19999999999999996,pretrained,jpeg,20,7024,Symphyotrichum lanceolatum
337,0.9,0.9,10,0.0,pretrained,jpeg,20,7042,Tetraneuris scaposa
338,0.8,0.8,10,0.0,pretrained,jpeg,20,7122,Menyanthes trifoliata
339,0.8,0.8,10,0.0,pretrained,jpeg,20,7171,Myosotis discolor
340,0.6,0.6,10,0.0,pretrained,jpeg,20,7202,Pholistoma membranaceum
341,0.8,0.8,10,0.0,pretrained,jpeg,20,7231,Cardamine californica
342,0.5,0.5,10,0.0,pretrained,jpeg,20,7279,Streptanthus tortuosus
343,0.9,0.8,10,0.09999999999999998,pretrained,jpeg,20,7292,Floerkea proserpinacoides
344,0.7,0.6,10,0.09999999999999998,pretrained,jpeg,20,7305,Mesembryanthemum crystallinum
345,0.1,0.2,10,-0.1,pretrained,jpeg,20,7319,Atriplex prostrata
346,0.6,0.6,10,0.0,pretrained,jpeg,20,7324,Celosia argentea
347,0.6,0.6,10,0.0,pretrained,jpeg,20,7349,Cylindropuntia fulgida
348,0.9,0.8,10,0.09999999999999998,pretrained,jpeg,20,7355,Cylindropuntia thurberi
349,0.6,0.6,10,0.0,pretrained,jpeg,20,7367,Echinocereus pentalophus
350,0.9,0.8,10,0.09999999999999998,pretrained,jpeg,20,7375,Escobaria vivipara
351,1.0,0.8,10,0.19999999999999996,pretrained,jpeg,20,7394,Opuntia basilaris
352,0.8,0.8,10,0.0,pretrained,jpeg,20,7450,Silene dioica
353,0.9,0.9,10,0.0,pretrained,jpeg,20,7477,Drosera intermedia
354,0.7,0.6,10,0.09999999999999998,pretrained,jpeg,20,7480,Drosera spatulata
355,0.8,0.7,10,0.10000000000000009,pretrained,jpeg,20,7576,Canotia holacantha
356,0.3,0.2,10,0.09999999999999998,pretrained,jpeg,20,7577,Celastrus orbiculatus
357,0.7,0.5,10,0.19999999999999996,pretrained,jpeg,20,7609,Hydrangea quercifolia
358,0.8,0.6,10,0.20000000000000007,pretrained,jpeg,20,7610,Philadelphus lewisii
359,0.8,0.7,10,0.10000000000000009,pretrained,jpeg,20,7616,Petalonyx thurberi
360,0.3,0.2,10,0.09999999999999998,pretrained,jpeg,20,7617,Nyssa sylvatica
361,0.8,0.8,10,0.0,pretrained,jpeg,20,7634,Centranthus ruber
362,0.6,0.8,10,-0.20000000000000007,pretrained,jpeg,20,7640,Leycesteria formosa
363,0.7,0.7,10,0.0,pretrained,jpeg,20,7652,Lonicera sempervirens
364,0.6,0.5,10,0.09999999999999998,pretrained,jpeg,20,7713,Arctostaphylos uva-ursi
365,1.0,1.0,10,0.0,pretrained,jpeg,20,7735,Erica imbricata
366,0.6,0.8,10,-0.20000000000000007,pretrained,jpeg,20,7752,Leptecophylla tameiameiae
367,0.4,0.3,10,0.10000000000000003,pretrained,jpeg,20,7756,Lyonia lucida
368,0.6,0.5,10,0.09999999999999998,pretrained,jpeg,20,7785,Rhododendron periclymenoides
369,0.7,0.7,10,0.0,pretrained,jpeg,20,7802,Xylococcus bicolor
370,0.8,0.8,10,0.0,pretrained,jpeg,20,7819,Leptosiphon nuttallii
371,0.9,0.9,10,0.0,pretrained,jpeg,20,7822,Linanthus dianthiflorus
372,0.6,0.6,10,0.0,pretrained,jpeg,20,7831,Phlox hoodii
373,0.8,0.7,10,0.10000000000000009,pretrained,jpeg,20,7851,Lysimachia clethroides
374,0.8,0.9,10,-0.09999999999999998,pretrained,jpeg,20,7858,Lysimachia quadriflora
375,0.5,0.2,10,0.3,pretrained,jpeg,20,7889,Acacia cyclops
376,0.2,0.3,10,-0.09999999999999998,pretrained,jpeg,20,7897,Acacia saligna
377,0.8,0.6,10,0.20000000000000007,pretrained,jpeg,20,7912,Astragalus crassicarpus
378,1.0,0.9,10,0.09999999999999998,pretrained,jpeg,20,7913,Astragalus danicus
379,0.8,0.8,10,0.0,pretrained,jpeg,20,7918,Astragalus purshii
380,1.0,1.0,10,0.0,pretrained,jpeg,20,7944,Dalea aurea
381,0.7,0.8,10,-0.10000000000000009,pretrained,jpeg,20,7950,Desmanthus illinoensis
382,0.5,0.3,10,0.2,pretrained,jpeg,20,7958,Erythrostemon mexicanus
383,0.4,0.3,10,0.10000000000000003,pretrained,jpeg,20,7974,Hylodesmum glutinosum
384,0.7,0.5,10,0.19999999999999996,pretrained,jpeg,20,7989,Lespedeza capitata
385,0.6,0.5,10,0.09999999999999998,pretrained,jpeg,20,7994,Lotus corniculatus
386,0.6,0.5,10,0.09999999999999998,pretrained,jpeg,20,7995,Lotus pedunculatus
387,0.8,0.8,10,0.0,pretrained,jpeg,20,8020,Medicago lupulina
388,0.8,0.8,10,0.0,pretrained,jpeg,20,8028,Mimosa nuttallii
389,0.8,0.5,10,0.30000000000000004,pretrained,jpeg,20,8062,Senna armata
390,0.7,0.8,10,-0.10000000000000009,pretrained,jpeg,20,8095,Trifolium lupinaster
391,0.5,0.3,10,0.2,pretrained,jpeg,20,8106,Vachellia farnesiana
392,0.5,0.3,10,0.2,pretrained,jpeg,20,8127,Polygala alba
393,0.3,0.3,10,0.0,pretrained,jpeg,20,8154,Carpinus caroliniana
394,0.4,0.3,10,0.10000000000000003,pretrained,jpeg,20,8162,Chrysolepis chrysophylla
395,0.0,0.0,10,0.0,pretrained,jpeg,20,8168,Quercus alba
396,0.5,0.4,10,0.09999999999999998,pretrained,jpeg,20,8171,Quercus buckleyi
397,0.7,0.7,10,0.0,pretrained,jpeg,20,8189,Quercus laevis
398,0.5,0.4,10,0.09999999999999998,pretrained,jpeg,20,8190,Quercus lobata
399,0.2,0.0,10,0.2,pretrained,jpeg,20,8196,Quercus nigra
400,0.3,0.2,10,0.09999999999999998,pretrained,jpeg,20,8214,Carya tomentosa
401,0.7,0.4,10,0.29999999999999993,pretrained,jpeg,20,8227,Garrya lindheimeri
402,0.7,0.6,10,0.09999999999999998,pretrained,jpeg,20,8235,Asclepias asperula
403,0.7,0.7,10,0.0,pretrained,jpeg,20,8249,Asclepias oenotheroides
404,0.7,0.4,10,0.29999999999999993,pretrained,jpeg,20,8254,Asclepias subulata
405,0.5,0.6,10,-0.09999999999999998,pretrained,jpeg,20,8267,Catharanthus roseus
406,0.8,0.8,10,0.0,pretrained,jpeg,20,8283,Vinca minor
407,0.9,0.8,10,0.09999999999999998,pretrained,jpeg,20,8344,Galium triflorum
408,0.5,0.3,10,0.2,pretrained,jpeg,20,8358,Paederia foetida
409,0.8,0.7,10,0.10000000000000009,pretrained,jpeg,20,8369,Erodium texanum
410,0.9,0.9,10,0.0,pretrained,jpeg,20,8379,Geranium pratense
411,0.7,0.4,10,0.29999999999999993,pretrained,jpeg,20,8386,Geranium sibiricum
412,0.8,0.8,10,0.0,pretrained,jpeg,20,8410,Thunbergia alata
413,0.6,0.6,10,0.0,pretrained,jpeg,20,8419,Tabebuia rosea
414,0.5,0.6,10,-0.09999999999999998,pretrained,jpeg,20,8437,Condea emoryi
415,0.9,0.8,10,0.09999999999999998,pretrained,jpeg,20,8453,Leonurus cardiaca
416,0.8,0.8,10,0.0,pretrained,jpeg,20,8475,Origanum vulgare
417,0.8,0.7,10,0.10000000000000009,pretrained,jpeg,20,8477,Phlomoides tuberosa
418,0.5,0.4,10,0.09999999999999998,pretrained,jpeg,20,8492,Salvia mellifera
419,0.8,0.8,10,0.0,pretrained,jpeg,20,8515,Teucrium canadense
420,1.0,0.9,10,0.09999999999999998,pretrained,jpeg,20,8587,Castilleja tenuiflora
421,0.7,0.8,10,-0.10000000000000009,pretrained,jpeg,20,8593,Euphrasia nemorosa
422,1.0,0.9,10,0.09999999999999998,pretrained,jpeg,20,8594,Hyobanche sanguinea
423,1.0,1.0,10,0.0,pretrained,jpeg,20,8607,Pedicularis groenlandica
424,0.8,0.6,10,0.20000000000000007,pretrained,jpeg,20,8641,Cymbalaria muralis
425,0.8,0.9,10,-0.09999999999999998,pretrained,jpeg,20,8659,Penstemon centranthifolius
426,0.9,0.9,10,0.0,pretrained,jpeg,20,8669,Penstemon procerus
427,0.4,0.3,10,0.10000000000000003,pretrained,jpeg,20,8675,Plantago erecta
428,0.8,0.8,10,0.0,pretrained,jpeg,20,8678,Plantago maritima
429,0.8,0.7,10,0.10000000000000009,pretrained,jpeg,20,8688,Veronica anagallis-aquatica
430,0.6,0.5,10,0.09999999999999998,pretrained,jpeg,20,8693,Veronica filiformis
431,0.2,0.3,10,-0.09999999999999998,pretrained,jpeg,20,8708,Buddleja cordata
432,0.7,0.9,10,-0.20000000000000007,pretrained,jpeg,20,8717,Verbascum nigrum
433,0.4,0.3,10,0.10000000000000003,pretrained,jpeg,20,8750,Laurus nobilis
434,0.3,0.4,10,-0.10000000000000003,pretrained,jpeg,20,8755,Hedycarya arborea
435,0.9,0.7,10,0.20000000000000007,pretrained,jpeg,20,8761,Magnolia grandiflora
436,0.4,0.3,10,0.10000000000000003,pretrained,jpeg,20,8763,Magnolia tripetala
437,0.7,0.7,10,0.0,pretrained,jpeg,20,8800,Euphorbia misera
438,0.6,0.6,10,0.0,pretrained,jpeg,20,8810,Euphorbia serpillifolia
439,0.8,0.8,10,0.0,pretrained,jpeg,20,8851,Turnera ulmifolia
440,0.6,0.3,10,0.3,pretrained,jpeg,20,8852,Bischofia javanica
441,0.6,0.3,10,0.3,pretrained,jpeg,20,8875,Salix laevigata
442,0.7,0.7,10,0.0,pretrained,jpeg,20,8882,Melicytus alpinus
443,0.5,0.5,10,0.0,pretrained,jpeg,20,8888,Viola blanda
444,1.0,0.8,10,0.19999999999999996,pretrained,jpeg,20,8917,Viola tricolor
445,0.8,0.8,10,0.0,pretrained,jpeg,20,8920,Cistus albidus
446,0.8,0.7,10,0.10000000000000009,pretrained,jpeg,20,8936,Callirhoe pedata
447,0.8,0.7,10,0.10000000000000009,pretrained,jpeg,20,8946,Hibiscus moscheutos
448,0.7,0.5,10,0.19999999999999996,pretrained,jpeg,20,8949,Hibiscus tiliaceus
449,0.5,0.5,10,0.0,pretrained,jpeg,20,8954,Malacothamnus fasciculatus
450,0.5,0.5,10,0.0,pretrained,jpeg,20,9001,Lythrum hyssopifolia
451,0.5,0.3,10,0.2,pretrained,jpeg,20,9021,Metrosideros umbellata
452,0.7,0.6,10,0.09999999999999998,pretrained,jpeg,20,9022,Myrtus communis
453,0.5,0.4,10,0.09999999999999998,pretrained,jpeg,20,9033,Circaea lutetiana
454,0.8,0.6,10,0.20000000000000007,pretrained,jpeg,20,9055,Ludwigia peruviana
455,0.6,0.6,10,0.0,pretrained,jpeg,20,9063,Oenothera gaura
456,0.7,0.7,10,0.0,pretrained,jpeg,20,9085,Nymphaea nouchali
457,0.9,0.8,10,0.09999999999999998,pretrained,jpeg,20,9099,Oxalis luteola
458,0.6,0.5,10,0.09999999999999998,pretrained,jpeg,20,9130,Leucadendron salignum
459,0.8,0.9,10,-0.09999999999999998,pretrained,jpeg,20,9139,Protea repens
460,0.7,0.7,10,0.0,pretrained,jpeg,20,9142,Berberis aquifolium
461,1.0,1.0,10,0.0,pretrained,jpeg,20,9186,Papaver rhoeas
462,0.8,0.8,10,0.0,pretrained,jpeg,20,9192,Stylophorum diphyllum
463,0.7,0.7,10,0.0,pretrained,jpeg,20,9219,Aquilegia flavescens
464,0.8,0.8,10,0.0,pretrained,jpeg,20,9230,Clematis occidentalis
465,0.9,0.9,10,0.0,pretrained,jpeg,20,9256,Pulsatilla nuttalliana
466,0.6,0.6,10,0.0,pretrained,jpeg,20,9288,Cannabis sativa
467,0.4,0.5,10,-0.09999999999999998,pretrained,jpeg,20,9309,Ficus petiolaris
468,0.7,0.8,10,-0.10000000000000009,pretrained,jpeg,20,9333,Ceanothus verrucosus
469,0.7,0.6,10,0.09999999999999998,pretrained,jpeg,20,9338,Frangula californica
470,0.8,0.7,10,0.10000000000000009,pretrained,jpeg,20,9404,Photinia serratifolia
471,0.6,0.6,10,0.0,pretrained,jpeg,20,9444,Rosa bracteata
472,0.5,0.3,10,0.2,pretrained,jpeg,20,9460,Rubus bifrons
473,0.6,0.8,10,-0.20000000000000007,pretrained,jpeg,20,9468,Rubus laciniatus
474,0.8,0.7,10,0.10000000000000009,pretrained,jpeg,20,9476,Rubus saxatilis
475,0.3,0.3,10,0.0,pretrained,jpeg,20,9499,Ulmus americana
476,0.7,0.8,10,-0.10000000000000009,pretrained,jpeg,20,9541,Rhus typhina
477,0.5,0.5,10,0.0,pretrained,jpeg,20,9573,Acer nigrum
478,0.5,0.5,10,0.0,pretrained,jpeg,20,9584,Aesculus glabra
479,0.2,0.2,10,0.0,pretrained,jpeg,20,9593,Ailanthus altissima
480,0.6,0.6,10,0.0,pretrained,jpeg,20,9615,Sedum lanceolatum
481,0.6,0.5,10,0.09999999999999998,pretrained,jpeg,20,9636,Ribes rubrum
482,0.5,0.4,10,0.09999999999999998,pretrained,jpeg,20,9639,Ribes triste
483,0.1,0.1,10,0.0,pretrained,jpeg,20,9644,Hamamelis virginiana
484,0.7,0.8,10,-0.10000000000000009,pretrained,jpeg,20,9659,Micranthes californica
485,0.7,0.5,10,0.19999999999999996,pretrained,jpeg,20,9677,Calystegia sepium
486,0.5,0.8,10,-0.30000000000000004,pretrained,jpeg,20,9776,Cupressus macrocarpa
487,0.6,0.5,10,0.09999999999999998,pretrained,jpeg,20,9786,Juniperus osteosperma
488,0.7,0.7,10,0.0,pretrained,jpeg,20,9825,Pinus lambertiana
489,0.6,0.5,10,0.09999999999999998,pretrained,jpeg,20,9847,Tsuga mertensiana
490,0.6,0.3,10,0.3,pretrained,jpeg,20,9855,Prumnopitys taxifolia
491,0.6,0.7,10,-0.09999999999999998,pretrained,jpeg,20,9870,Equisetum pratense
492,0.7,0.7,10,0.0,pretrained,jpeg,20,9907,Asplenium viride
493,0.7,0.9,10,-0.20000000000000007,pretrained,jpeg,20,9912,Blechnum filiforme
494,0.8,0.7,10,0.10000000000000009,pretrained,jpeg,20,9920,Telmatoblechnum serrulatum
495,0.8,0.7,10,0.10000000000000009,pretrained,jpeg,20,9932,Pteridium aquilinum
496,0.9,0.9,10,0.0,pretrained,jpeg,20,9955,Microsorum scandens
497,0.6,0.6,10,0.0,pretrained,jpeg,20,9958,Pleopeltis michauxiana
498,0.8,0.8,10,0.0,pretrained,jpeg,20,9965,Acrostichum danaeifolium
499,0.7,0.8,10,-0.10000000000000009,pretrained,jpeg,20,9985,Pteris macilenta
